{
"type": "FeatureCollection",
"name": "cantons",
"features": [
{ "type": "Feature", "properties": { "kt_id": 1 }, "geometry": { "type": "Polygon", "coordinates": [ [ [ 8.426834934884624, 47.569243033893528 ], [ 8.432797396913518, 47.567886892274892 ], [ 8.439659853210923, 47.568715645486279 ], [ 8.456984742879783, 47.57376350595564 ], [ 8.465309689863521, 47.573612823553567 ], [ 8.478359606756946, 47.579338754832236 ], [ 8.486122057322865, 47.578736025223954 ], [ 8.488259543710582, 47.579188072430171 ], [ 8.495571997142243, 47.582804450079855 ], [ 8.488709540844837, 47.588907087363701 ], [ 8.482522080248817, 47.586797533734718 ], [ 8.482409580965252, 47.586646851332645 ], [ 8.468009672669057, 47.585592074518154 ], [ 8.465984685564905, 47.58943447577095 ], [ 8.461597213505907, 47.589660499374055 ], [ 8.462384708490855, 47.593954947833062 ], [ 8.458222234998987, 47.598701443498271 ], [ 8.457772237864731, 47.603749303967632 ], [ 8.46418469702788, 47.603673962766592 ], [ 8.469247164788261, 47.605030104385229 ], [ 8.472509644011618, 47.608269776029736 ], [ 8.476109621085666, 47.609098529241123 ], [ 8.478922103174767, 47.612112177282533 ], [ 8.480272094577536, 47.616557308143605 ], [ 8.48432206878584, 47.615050484122904 ], [ 8.489947032964041, 47.616481966942573 ], [ 8.495684496425806, 47.615954578535323 ], [ 8.504121942693109, 47.618591520571556 ], [ 8.509409409020618, 47.618892885375693 ], [ 8.509296909737053, 47.62363938104091 ], [ 8.516159366034458, 47.628385876706126 ], [ 8.51762185672079, 47.633358395974447 ], [ 8.521896829496225, 47.635844655608608 ], [ 8.526846797973041, 47.633132372371342 ], [ 8.53269676071837, 47.63343373717548 ], [ 8.539896714866467, 47.632228277958923 ], [ 8.53967171629934, 47.627481782293707 ], [ 8.544171687641901, 47.628385876706126 ], [ 8.548446660417333, 47.626879052685425 ], [ 8.558459096654531, 47.625974958273005 ], [ 8.561946574445017, 47.622358580623313 ], [ 8.563971561549168, 47.618139473365346 ], [ 8.570384020712318, 47.618666861772589 ], [ 8.572184009249343, 47.613920366107379 ], [ 8.567571538623216, 47.611283424071146 ], [ 8.567234040772526, 47.606762952009035 ], [ 8.562621570146401, 47.602769868354173 ], [ 8.564084060832732, 47.600735655926222 ], [ 8.557784100953148, 47.598852125900343 ], [ 8.556546608833944, 47.595386430652724 ], [ 8.548784158268026, 47.594105630235127 ], [ 8.546646671880309, 47.59335221822478 ], [ 8.538434224180136, 47.588982428564741 ], [ 8.538096726329442, 47.584838662507806 ], [ 8.535621742091035, 47.582653767677783 ], [ 8.538659222747263, 47.579414096033275 ], [ 8.535959239941727, 47.576777153997043 ], [ 8.547546666148822, 47.575496353579446 ], [ 8.54720916829813, 47.57278407034218 ], [ 8.542821696239132, 47.571352587522512 ], [ 8.549459153969408, 47.565777338645908 ], [ 8.552046637491383, 47.557715830135145 ], [ 8.55587161313256, 47.554174793686492 ], [ 8.560371584475121, 47.554476158490637 ], [ 8.564534057966988, 47.558996630552741 ], [ 8.568809030742422, 47.563969149821062 ], [ 8.573196502801419, 47.575647035981518 ], [ 8.581183951934463, 47.578434660419816 ], [ 8.5782589705618, 47.586571510131613 ], [ 8.580621455516644, 47.591996076606144 ], [ 8.584558930441386, 47.594708359843409 ], [ 8.594008870260762, 47.596968595874465 ], [ 8.596033857364915, 47.598776784699311 ], [ 8.596821352349863, 47.60698897561214 ], [ 8.604696302199345, 47.612790248091848 ], [ 8.606158792885678, 47.615803896133258 ], [ 8.605371297900728, 47.618968226576733 ], [ 8.601096325125296, 47.624769499056441 ], [ 8.598508841603323, 47.630344747933037 ], [ 8.596371355215608, 47.643906164119372 ], [ 8.602108818677372, 47.646919812160775 ], [ 8.605033800050037, 47.652419719836345 ], [ 8.608408778556957, 47.653926543857047 ], [ 8.613808744168031, 47.650762213413572 ], [ 8.615046236287235, 47.64578969414525 ], [ 8.613021249183083, 47.643755481717299 ], [ 8.606158792885678, 47.643077410907985 ], [ 8.603908807214397, 47.640892516077962 ], [ 8.607621283572009, 47.638481597644841 ], [ 8.613471246317339, 47.638707621247946 ], [ 8.621346196166821, 47.640365127670719 ], [ 8.624496176106613, 47.642323998897631 ], [ 8.629108646732739, 47.64963209539804 ], [ 8.63000864100125, 47.653399155449797 ], [ 8.625283671091561, 47.657618262707771 ], [ 8.618308715510592, 47.661762028764706 ], [ 8.616621226257131, 47.662515440775053 ], [ 8.615608732705056, 47.66289214678023 ], [ 8.609083774258341, 47.666056477223705 ], [ 8.606946287870626, 47.671405702497204 ], [ 8.607621283572009, 47.672987867718945 ], [ 8.607621283572009, 47.671330361296171 ], [ 8.608521277840522, 47.671405702497204 ], [ 8.608858775691214, 47.67321389132205 ], [ 8.609871269243289, 47.67321389132205 ], [ 8.614933737003671, 47.680069940616249 ], [ 8.619996204764051, 47.676453562966557 ], [ 8.625058672524434, 47.677734363384154 ], [ 8.628658649598481, 47.681576764636951 ], [ 8.625508669658689, 47.690014979152885 ], [ 8.626296164643637, 47.693179309596367 ], [ 8.633496118791735, 47.693706698003609 ], [ 8.645196044282393, 47.695590228029488 ], [ 8.660833444697792, 47.687754743121829 ], [ 8.664545921055405, 47.687302695915619 ], [ 8.670508383084298, 47.686021895498023 ], [ 8.669833387382914, 47.677734363384154 ], [ 8.670508383084298, 47.676001515760348 ], [ 8.678045835083088, 47.673364573724115 ], [ 8.680183321470803, 47.668693419259938 ], [ 8.678720830784473, 47.667261936440269 ], [ 8.680633318605061, 47.660782593151247 ], [ 8.689408262723054, 47.651289601820814 ], [ 8.70133318678084, 47.648426636181476 ], [ 8.709770633048143, 47.643454116913162 ], [ 8.71337061012219, 47.645412988140073 ], [ 8.718770575733265, 47.643755481717299 ], [ 8.721020561404545, 47.642474681299703 ], [ 8.725970529881362, 47.644433552526614 ], [ 8.733057984745894, 47.643378775712122 ], [ 8.744870409520118, 47.644433552526614 ], [ 8.744645410952989, 47.641419904485211 ], [ 8.748470386594166, 47.640139104067615 ], [ 8.750045376564064, 47.642550022500735 ], [ 8.759157818532749, 47.644433552526614 ], [ 8.766245273397281, 47.650310166207362 ], [ 8.769845250471331, 47.651666307825991 ], [ 8.777607701037248, 47.650536189810467 ], [ 8.786945141573062, 47.656714168295345 ], [ 8.789757623662162, 47.66635784202785 ], [ 8.799657560615797, 47.66635784202785 ], [ 8.804270031241922, 47.666583865630955 ], [ 8.806295018346074, 47.653700520253942 ], [ 8.827669882223239, 47.648200612578371 ], [ 8.828794875058879, 47.641947292892453 ], [ 8.826544889387598, 47.638556938845873 ], [ 8.821594920910782, 47.631022818742359 ], [ 8.814282467479121, 47.628687241510271 ], [ 8.813044975359915, 47.624392793051264 ], [ 8.815519959598324, 47.622659945427458 ], [ 8.813044975359915, 47.620399709396402 ], [ 8.814957463180503, 47.618591520571556 ], [ 8.805957520495383, 47.615050484122904 ], [ 8.805282524793999, 47.6094752352463 ], [ 8.803932533391229, 47.602769868354173 ], [ 8.790770117214239, 47.604578057179019 ], [ 8.789420125811471, 47.606310904802825 ], [ 8.791220114348494, 47.610077964854582 ], [ 8.762757795606797, 47.619570956185015 ], [ 8.757245330712159, 47.618214814566379 ], [ 8.750607872981883, 47.622810627829523 ], [ 8.749032883011987, 47.624242110649192 ], [ 8.747120395191399, 47.622659945427458 ], [ 8.74689539662427, 47.614673778117726 ], [ 8.741382931729632, 47.612790248091848 ], [ 8.743182920266657, 47.608646482034914 ], [ 8.745882903072193, 47.603673962766592 ], [ 8.749820377996935, 47.601413726735537 ], [ 8.746782897340706, 47.598023372688957 ], [ 8.749370380862679, 47.59372892422995 ], [ 8.763207792741053, 47.594256312637199 ], [ 8.799095064197976, 47.58642082772954 ], [ 8.803707534824103, 47.584085250497452 ], [ 8.807082513331022, 47.580920920053977 ], [ 8.806520016913202, 47.576852495198075 ], [ 8.811469985390019, 47.572181340733898 ], [ 8.817319948135349, 47.571427928723544 ], [ 8.821369922343653, 47.573838847156672 ], [ 8.830482364312338, 47.572934752744246 ], [ 8.832057354282234, 47.574441576764954 ], [ 8.839819804848153, 47.572482705538036 ], [ 8.840719799116666, 47.567208821465577 ], [ 8.84476977332497, 47.567434845068682 ], [ 8.846232264011302, 47.565249950238666 ], [ 8.851857228189504, 47.564948585434522 ], [ 8.851182232488119, 47.562085619795184 ], [ 8.84308228407151, 47.561407548985869 ], [ 8.84116979625092, 47.558996630552741 ], [ 8.831157360013723, 47.558845948150676 ], [ 8.830932361446596, 47.554702182093742 ], [ 8.835544832072721, 47.544455778752962 ], [ 8.839932304131716, 47.541517471912584 ], [ 8.840607299833101, 47.538579165072214 ], [ 8.842294789086562, 47.53405869301011 ], [ 8.868957119291235, 47.531798456979054 ], [ 8.875257079170821, 47.530819021365595 ], [ 8.881107041916149, 47.528634126535579 ], [ 8.88448202042307, 47.530517656561457 ], [ 8.888756993198502, 47.529613562149031 ], [ 8.899444425137085, 47.525469796092096 ], [ 8.89651944376442, 47.520421935622743 ], [ 8.898881928719264, 47.512511109514051 ], [ 8.897531937316497, 47.505504377817779 ], [ 8.896181945913728, 47.50407289499811 ], [ 8.894044459526011, 47.501511294162917 ], [ 8.894044459526011, 47.490059431605573 ], [ 8.895281951645217, 47.489833408002468 ], [ 8.897531937316497, 47.489306019595219 ], [ 8.897644436600061, 47.489230678394186 ], [ 8.898656930152137, 47.486443053955888 ], [ 8.893706961675321, 47.485086912337252 ], [ 8.88920699033276, 47.483881453120688 ], [ 8.886619506810787, 47.483128041110341 ], [ 8.885944511109402, 47.478456886646157 ], [ 8.882232034751789, 47.476045968213036 ], [ 8.885269515408018, 47.475141873800609 ], [ 8.884819518273762, 47.471676178552997 ], [ 8.887182003228606, 47.47129947254782 ], [ 8.890556981735527, 47.470696742939538 ], [ 8.891569475287604, 47.470546060537465 ], [ 8.894381957376705, 47.466552976882603 ], [ 8.89539445092878, 47.464669446856725 ], [ 8.901581911524801, 47.455703843933541 ], [ 8.910131857075667, 47.449601206649696 ], [ 8.903831897196081, 47.445683464195866 ], [ 8.908331868538642, 47.440108215319263 ], [ 8.922844276118402, 47.436190472865434 ], [ 8.933869205907676, 47.436868543674748 ], [ 8.932069217370652, 47.433176824824031 ], [ 8.919919294745737, 47.434306942839555 ], [ 8.911144350627744, 47.434457625241627 ], [ 8.909906858508538, 47.430765906390903 ], [ 8.914181831283972, 47.429560447174339 ], [ 8.913956832716844, 47.414190842163165 ], [ 8.904731891464595, 47.403793756420313 ], [ 8.908106869971515, 47.402286932399612 ], [ 8.914519329134665, 47.402588297203756 ], [ 8.921944281849889, 47.400704767177878 ], [ 8.932744213072036, 47.392869282270219 ], [ 8.942756649309235, 47.388574833811212 ], [ 8.944781636413387, 47.38548584456877 ], [ 8.941406657906466, 47.381040713707698 ], [ 8.94489413569695, 47.377198312454908 ], [ 8.949506606323075, 47.375992853238344 ], [ 8.95243158769574, 47.373129887599006 ], [ 8.961431530380862, 47.3551233405516 ], [ 8.968743983812523, 47.355500046556777 ], [ 8.973018956587957, 47.353767198932971 ], [ 8.975381441542801, 47.348719338463617 ], [ 8.974706445841417, 47.341335900762168 ], [ 8.980443909303181, 47.33900032353008 ], [ 8.978643920766157, 47.328301872983083 ], [ 8.986293872048511, 47.320692411678536 ], [ 8.976393935094876, 47.308411795909805 ], [ 8.958281550441068, 47.305850195074612 ], [ 8.949844104173767, 47.293494238104842 ], [ 8.934994198743317, 47.289651836852052 ], [ 8.942306652174977, 47.284905341186835 ], [ 8.94264415002567, 47.281213622336111 ], [ 8.94736911993536, 47.283323175965094 ], [ 8.94961910560664, 47.282268399150603 ], [ 8.948381613487435, 47.276391785469862 ], [ 8.942306652174977, 47.273378137428452 ], [ 8.945344132831206, 47.270665854191186 ], [ 8.941631656473593, 47.268556300562203 ], [ 8.936906686563905, 47.261850933670075 ], [ 8.911706847045563, 47.256049661190367 ], [ 8.909344362090719, 47.258008532417286 ], [ 8.886394508243658, 47.254090789963456 ], [ 8.874694582752999, 47.253262036752069 ], [ 8.874807082036565, 47.248967588293063 ], [ 8.871319604246079, 47.246632011060974 ], [ 8.861869664426701, 47.244597798633023 ], [ 8.856582198099193, 47.245652575447515 ], [ 8.85286972174158, 47.252508624741715 ], [ 8.843307282638637, 47.248289517483748 ], [ 8.838919810579641, 47.248364858684781 ], [ 8.835882329923411, 47.250700435916869 ], [ 8.829582370043827, 47.2518305539324 ], [ 8.827894880790367, 47.25280998954586 ], [ 8.810232493270815, 47.2492689530972 ], [ 8.803820034107666, 47.248063493880643 ], [ 8.796957577810261, 47.240378691375057 ], [ 8.809669996852994, 47.221468049915231 ], [ 8.798082570645899, 47.223200897539037 ], [ 8.788520131542958, 47.222598167930755 ], [ 8.742282925998145, 47.21302983539929 ], [ 8.714383103674267, 47.204440938481284 ], [ 8.711008125167346, 47.201879337646091 ], [ 8.705158162422018, 47.203536844068864 ], [ 8.703920670302814, 47.199769784017107 ], [ 8.695258225468383, 47.197509547986051 ], [ 8.68232080785852, 47.185002908614216 ], [ 8.683445800694161, 47.17543457608275 ], [ 8.691770747677898, 47.170838762819599 ], [ 8.693233238364231, 47.168051138381301 ], [ 8.693345737647796, 47.164736125535754 ], [ 8.681420813590009, 47.163229301515052 ], [ 8.676020847978936, 47.160893724282964 ], [ 8.666908406010251, 47.161044406685029 ], [ 8.66240843466769, 47.162475889504698 ], [ 8.661620939682741, 47.171667516030986 ], [ 8.653520991266131, 47.17242092804134 ], [ 8.642833559327549, 47.170311374412357 ], [ 8.640471074372705, 47.17287297524755 ], [ 8.625283671091561, 47.174605822871364 ], [ 8.629221146016302, 47.180934483758314 ], [ 8.62190869258464, 47.188995992269078 ], [ 8.622021191868205, 47.191708275506343 ], [ 8.618533714077721, 47.193742487934294 ], [ 8.619321209062669, 47.195852041563278 ], [ 8.616396227690004, 47.200673878429527 ], [ 8.609421272109033, 47.206023103703025 ], [ 8.604358804348653, 47.204440938481284 ], [ 8.599633834438965, 47.203160138063687 ], [ 8.597608847334811, 47.20617378610509 ], [ 8.598846339454015, 47.210392893363064 ], [ 8.595471360947094, 47.213331200203434 ], [ 8.58917140106751, 47.213933929811716 ], [ 8.583771435456438, 47.212050399785838 ], [ 8.58219644548654, 47.21596814223966 ], [ 8.58444643115782, 47.218831107878998 ], [ 8.5782589705618, 47.220036567095562 ], [ 8.5754464884727, 47.218228378270716 ], [ 8.573983997786367, 47.219659861090385 ], [ 8.561159079460069, 47.221016002709021 ], [ 8.555534115281867, 47.224180333152496 ], [ 8.553284129610587, 47.223050215136965 ], [ 8.544509185492593, 47.223426921142142 ], [ 8.540459211284288, 47.224406356755601 ], [ 8.53742173062806, 47.222146120724545 ], [ 8.533709254270446, 47.223426921142142 ], [ 8.53213426430055, 47.219057131482103 ], [ 8.522459325914044, 47.221468049915231 ], [ 8.514246878213871, 47.220714637904877 ], [ 8.513346883945358, 47.216872236652087 ], [ 8.506709426215082, 47.21596814223966 ], [ 8.50389694412598, 47.213406541404467 ], [ 8.499621971350548, 47.213406541404467 ], [ 8.490397030098297, 47.21212574098687 ], [ 8.485334562337917, 47.209865504955815 ], [ 8.481059589562484, 47.209940846156847 ], [ 8.46812217195262, 47.215440753832418 ], [ 8.462609707057984, 47.214988706626208 ], [ 8.457772237864731, 47.21988588469349 ], [ 8.449109793030301, 47.221543391116263 ], [ 8.447534803060405, 47.224783062760778 ], [ 8.442247336732896, 47.226515910384585 ], [ 8.438872358225975, 47.225159768765955 ], [ 8.43088490909293, 47.22628988678148 ], [ 8.422897459959884, 47.224783062760778 ], [ 8.419522481452963, 47.227872052003221 ], [ 8.418059990766631, 47.234954124900526 ], [ 8.415360007961095, 47.240529373777122 ], [ 8.417609993632375, 47.242563586205073 ], [ 8.415135009393966, 47.245125187040273 ], [ 8.411197534469226, 47.24979634150445 ], [ 8.403772581754, 47.256351025994512 ], [ 8.405572570291024, 47.261624910066971 ], [ 8.401747594649848, 47.266070040928042 ], [ 8.402535089634796, 47.269611077376695 ], [ 8.40321008533618, 47.274432914242944 ], [ 8.396122630471647, 47.279556115913337 ], [ 8.392747651964726, 47.287843648027206 ], [ 8.389710171308497, 47.291460025676891 ], [ 8.393085149815418, 47.29243946129035 ], [ 8.398260116859362, 47.289425813248947 ], [ 8.405122573156769, 47.293192873300704 ], [ 8.41581000509535, 47.294775038522438 ], [ 8.430097414107982, 47.302083135022848 ], [ 8.429647416973726, 47.302459841028025 ], [ 8.43313489476421, 47.312856926770877 ], [ 8.437409867539643, 47.316548645621602 ], [ 8.442359836016459, 47.317226716430916 ], [ 8.441684840315077, 47.319110246456795 ], [ 8.450122286582378, 47.324760836534431 ], [ 8.449897288015249, 47.327473119771696 ], [ 8.456084748611271, 47.334781216272113 ], [ 8.455184754342758, 47.336137357890742 ], [ 8.450797282283762, 47.331918250632775 ], [ 8.43594737685331, 47.326795048962381 ], [ 8.433809890465593, 47.327473119771696 ], [ 8.430547411242237, 47.328527896586195 ], [ 8.417384995065246, 47.325890954549962 ], [ 8.413672518707633, 47.329884038204824 ], [ 8.417947491483066, 47.335233263478322 ], [ 8.417609993632375, 47.33847293512283 ], [ 8.410972535902097, 47.34193863037045 ], [ 8.405122573156769, 47.348041267654295 ], [ 8.407935055245868, 47.353239810525722 ], [ 8.408610050947253, 47.357006870577479 ], [ 8.406247565992409, 47.365520426294452 ], [ 8.409397545932201, 47.368082027129653 ], [ 8.408385052380124, 47.371547722377265 ], [ 8.401522596082719, 47.371924428382442 ], [ 8.400735101097771, 47.376218876841449 ], [ 8.396010131188081, 47.38209549052219 ], [ 8.395222636203133, 47.392492576265042 ], [ 8.397697620441543, 47.395204859502307 ], [ 8.393085149815418, 47.397088389528186 ], [ 8.384310205697425, 47.396033612713694 ], [ 8.380485230056248, 47.40123215558512 ], [ 8.367435313162821, 47.400328061172701 ], [ 8.363497838238079, 47.403718415219281 ], [ 8.368447806714897, 47.402362273600644 ], [ 8.373172776624585, 47.405526604044127 ], [ 8.377222750832891, 47.406053992451369 ], [ 8.380597729339812, 47.403944438822386 ], [ 8.385435198533063, 47.407560816472071 ], [ 8.382060220026144, 47.411252535322795 ], [ 8.393197649098981, 47.422327691874962 ], [ 8.388585178472857, 47.429334423571234 ], [ 8.378572742235658, 47.43069056518987 ], [ 8.375760260146558, 47.433478189628168 ], [ 8.37778524725071, 47.435060354849909 ], [ 8.382622716443963, 47.434156260437483 ], [ 8.384985201398807, 47.435964449262329 ], [ 8.3853226992495, 47.43845070889649 ], [ 8.382172719309708, 47.447642335422778 ], [ 8.383522710712477, 47.449977912654866 ], [ 8.389485172741368, 47.45163541907764 ], [ 8.385997694950884, 47.456231232340784 ], [ 8.380710228623375, 47.45713532675321 ], [ 8.38003523292199, 47.459320221583226 ], [ 8.37497276516161, 47.460299657196686 ], [ 8.370472793819049, 47.46692968288778 ], [ 8.366985316028565, 47.468210483305377 ], [ 8.369010303132717, 47.471525496150925 ], [ 8.376435255847943, 47.472730955367489 ], [ 8.374410268743791, 47.482826676306196 ], [ 8.364285333223027, 47.482299287898954 ], [ 8.363722836805207, 47.491942961631452 ], [ 8.359560363313339, 47.498799010925651 ], [ 8.358997866895518, 47.50369618899294 ], [ 8.36237284540244, 47.511456332699559 ], [ 8.367322813879255, 47.513565886328543 ], [ 8.374860265878045, 47.512435768313019 ], [ 8.378235244384967, 47.513867251132687 ], [ 8.38138522432476, 47.517860334787549 ], [ 8.382735215727529, 47.526750596509693 ], [ 8.387797683487909, 47.530291632958352 ], [ 8.393085149815418, 47.526599914107628 ], [ 8.394435141218185, 47.527051961313838 ], [ 8.396347629038775, 47.533305280999755 ], [ 8.403772581754, 47.534887446221497 ], [ 8.405460071007461, 47.536168246639093 ], [ 8.402197591784104, 47.541442130711552 ], [ 8.405347571723896, 47.539633941886706 ], [ 8.406360065275972, 47.543174978335358 ], [ 8.41243502658843, 47.547544767995397 ], [ 8.41862248718445, 47.547092720789188 ], [ 8.415585006528222, 47.555304911702024 ], [ 8.419072484318708, 47.56050345457345 ], [ 8.41974748002009, 47.566530750656263 ], [ 8.426834934884624, 47.569243033893528 ] ] ] } },
{ "type": "Feature", "properties": { "kt_id": 2 }, "geometry": { "type": "MultiPolygon", "coordinates": [ [ [ [ 7.559352959322443, 47.323706059719939 ], [ 7.532803128401333, 47.322425259302342 ], [ 7.528753154193029, 47.324007424524083 ], [ 7.535503111206871, 47.335835993086604 ], [ 7.550915513055141, 47.34239067757666 ], [ 7.553165498726422, 47.346685126035666 ], [ 7.557777969352546, 47.343520795592191 ], [ 7.563065435680056, 47.342541359978732 ], [ 7.573190371200818, 47.330336085411034 ], [ 7.569252896276077, 47.325589589745817 ], [ 7.563065435680056, 47.323027988910624 ], [ 7.559352959322443, 47.323706059719939 ], [ 7.54889052595099, 47.314891139198828 ], [ 7.547653033831785, 47.307432360296346 ], [ 7.540340580400123, 47.303439276641484 ], [ 7.539103088280919, 47.298617439775235 ], [ 7.533478124102718, 47.29582981533693 ], [ 7.515590738016038, 47.293946285311051 ], [ 7.495678364825206, 47.289501154449979 ], [ 7.496015862675899, 47.288069671630311 ], [ 7.486228425005828, 47.285508070795117 ], [ 7.479028470857731, 47.279857480717482 ], [ 7.473066008828837, 47.271117901397403 ], [ 7.466878548232817, 47.266145382129082 ], [ 7.446628677191292, 47.264487875706308 ], [ 7.441228711580219, 47.264035828500099 ], [ 7.435828745969146, 47.261097521659721 ], [ 7.419853847703054, 47.255823637587262 ], [ 7.417266364181082, 47.253488060355174 ], [ 7.421878834807207, 47.244221092627846 ], [ 7.41636636991257, 47.241734832993686 ], [ 7.412653893554957, 47.241960856596791 ], [ 7.398928980960147, 47.234803442498453 ], [ 7.375416630695265, 47.228173416807358 ], [ 7.363491706637479, 47.221166685111086 ], [ 7.356066753922254, 47.222296803126618 ], [ 7.341329347775367, 47.218906449080038 ], [ 7.345716819834363, 47.208660045739251 ], [ 7.34785430622208, 47.207981974929936 ], [ 7.355391758220869, 47.193215099527045 ], [ 7.366641686577272, 47.195550676759133 ], [ 7.368666673681425, 47.192311005114625 ], [ 7.375641629262393, 47.19005076908357 ], [ 7.381041594873467, 47.18568097942353 ], [ 7.392516521796997, 47.167900455979229 ], [ 7.383404079828312, 47.1665443143606 ], [ 7.383516579111875, 47.162777254308843 ], [ 7.387791551887308, 47.160969065483997 ], [ 7.39397901248333, 47.161722477494351 ], [ 7.401178966631427, 47.164133395927472 ], [ 7.411191402868625, 47.16353066631919 ], [ 7.416816367046826, 47.166845679164737 ], [ 7.419628849135926, 47.172646951644445 ], [ 7.431778771760841, 47.176564694098275 ], [ 7.431891271044405, 47.182516648980055 ], [ 7.433353761730737, 47.185756320624563 ], [ 7.438078731640426, 47.186434391433878 ], [ 7.442803701550115, 47.180557777753137 ], [ 7.449441159280393, 47.182968696186265 ], [ 7.450678651399597, 47.186509732634917 ], [ 7.450116154981777, 47.191030204697029 ], [ 7.457878605547695, 47.189900086681497 ], [ 7.476665985902886, 47.19208498151152 ], [ 7.477453480887835, 47.18952338067632 ], [ 7.47340350667953, 47.186735756238022 ], [ 7.47509099593299, 47.184776885011104 ], [ 7.47340350667953, 47.183420743392475 ], [ 7.480490961544064, 47.175133211278606 ], [ 7.496578359093719, 47.17294831644859 ], [ 7.497590852645795, 47.171215468824776 ], [ 7.491515891333338, 47.167071702767842 ], [ 7.493315879870361, 47.164510101932649 ], [ 7.4831909443496, 47.159462241463295 ], [ 7.480828459394755, 47.15667461702499 ], [ 7.468566037486276, 47.152681533370128 ], [ 7.455628619876414, 47.157654052638449 ], [ 7.448878662862572, 47.156373252220853 ], [ 7.440891213729527, 47.151777438957708 ], [ 7.442128705848731, 47.14733230809663 ], [ 7.43987872017745, 47.145298095668686 ], [ 7.427616298268973, 47.142435130029348 ], [ 7.423341325493539, 47.137010563554817 ], [ 7.427166301134716, 47.133092821100988 ], [ 7.431328774626585, 47.132490091492706 ], [ 7.431216275343021, 47.130832585069932 ], [ 7.436278743103403, 47.132113385487528 ], [ 7.436728740237658, 47.130154514260617 ], [ 7.434141256715685, 47.127969619430594 ], [ 7.441116212296655, 47.125106653791264 ], [ 7.430428780358072, 47.125784724600578 ], [ 7.428516292537484, 47.124729947786086 ], [ 7.4065789322425, 47.119682087316733 ], [ 7.404441445854784, 47.119230040110516 ], [ 7.395891500303918, 47.122997100162273 ], [ 7.390941531827101, 47.121038228935362 ], [ 7.387679052603744, 47.12729154862128 ], [ 7.38419157481326, 47.124654606585047 ], [ 7.380141600604954, 47.125483359796434 ], [ 7.37552912997883, 47.12337380616745 ], [ 7.372379150039037, 47.1239011945747 ], [ 7.372829147173293, 47.118777992904306 ], [ 7.370579161502013, 47.117346510084637 ], [ 7.380029101321391, 47.107552153950067 ], [ 7.382954082694055, 47.097079727006182 ], [ 7.389929038275024, 47.0964769973979 ], [ 7.39150402824492, 47.093614031758563 ], [ 7.413103890689213, 47.09692904460411 ], [ 7.415691374211185, 47.098285186222746 ], [ 7.420866341255131, 47.100771445856907 ], [ 7.424691316896308, 47.098963257032061 ], [ 7.43481625241707, 47.101826222671399 ], [ 7.438303730207554, 47.095723585387546 ], [ 7.433803758864993, 47.089470265701628 ], [ 7.436053744536274, 47.082764898809501 ], [ 7.441341210863783, 47.075833508314268 ], [ 7.444153692952884, 47.075833508314268 ], [ 7.45495362417503, 47.07734033233497 ], [ 7.461253584054615, 47.08073068638155 ], [ 7.463503569725896, 47.085929229252976 ], [ 7.465528556830048, 47.082086828000186 ], [ 7.468903535336969, 47.080806027582589 ], [ 7.475990990201502, 47.087888100479894 ], [ 7.474416000231606, 47.090826407320264 ], [ 7.468116040352021, 47.096703021001005 ], [ 7.462041079039563, 47.109586366378018 ], [ 7.475878490917938, 47.113504108831847 ], [ 7.493090881303234, 47.118401286899129 ], [ 7.499165842615691, 47.122545052956063 ], [ 7.50557830177884, 47.124127218177804 ], [ 7.514015748046142, 47.130606561466827 ], [ 7.51592823586673, 47.13663385754964 ], [ 7.523803185716212, 47.143791271647977 ], [ 7.525490674969673, 47.148161061308016 ], [ 7.530665642013617, 47.150119932534935 ], [ 7.530553142730053, 47.152154144962886 ], [ 7.525378175686108, 47.155243134205321 ], [ 7.522790692164135, 47.159914288669505 ], [ 7.523915684999776, 47.162174524700561 ], [ 7.534828115505486, 47.165338855144036 ], [ 7.539890583265867, 47.164510101932649 ], [ 7.546640540279709, 47.161948501097456 ], [ 7.559915455740263, 47.169407279999938 ], [ 7.564640425649952, 47.169105915195793 ], [ 7.570152890544589, 47.163907372324367 ], [ 7.575890354006354, 47.165790902350246 ], [ 7.582415312453068, 47.160743041880892 ], [ 7.587140282362757, 47.148914473318371 ], [ 7.591077757287498, 47.152982898174272 ], [ 7.605815163434385, 47.154113016189797 ], [ 7.614815106119506, 47.155845863813603 ], [ 7.620327571014144, 47.155845863813603 ], [ 7.62302755381968, 47.154489722194974 ], [ 7.636864965698055, 47.153962333787725 ], [ 7.641139938473488, 47.155017110602216 ], [ 7.645864908383177, 47.150421297339072 ], [ 7.652052368979199, 47.151250050550459 ], [ 7.653739858232658, 47.152907556973233 ], [ 7.65182737041207, 47.158332123447764 ], [ 7.653852357516223, 47.163832031123334 ], [ 7.66105231166432, 47.169407279999938 ], [ 7.673652231423491, 47.169783986005108 ], [ 7.674439726408439, 47.173551046056872 ], [ 7.677589706348232, 47.179126294933468 ], [ 7.678602199900308, 47.183948131799717 ], [ 7.672077241453595, 47.185982344227668 ], [ 7.675564719244079, 47.192235663913586 ], [ 7.67252723858785, 47.196153406367415 ], [ 7.670052254349442, 47.195776700362238 ], [ 7.664202291604113, 47.199769784017107 ], [ 7.663189798052036, 47.2023313848523 ], [ 7.648452391905149, 47.203084796862647 ], [ 7.651939869695634, 47.207906633728904 ], [ 7.650477379009302, 47.211372328976516 ], [ 7.649689884024354, 47.212351764589975 ], [ 7.646989901218817, 47.21649553064691 ], [ 7.649239886890098, 47.220337931899699 ], [ 7.641252437757052, 47.223276238740077 ], [ 7.644064919846152, 47.227043298791834 ], [ 7.641814934174872, 47.230056946833237 ], [ 7.627415025878677, 47.228324099209431 ], [ 7.621677562416912, 47.230358311637382 ], [ 7.618190084626427, 47.235330830905696 ], [ 7.610090136209818, 47.240830738581266 ], [ 7.607052655553589, 47.240755397380234 ], [ 7.605590164867257, 47.243769045421637 ], [ 7.598165212152031, 47.246405987457869 ], [ 7.598052712868467, 47.252131918736538 ], [ 7.59591522648075, 47.265165946515623 ], [ 7.585340293825732, 47.273453478629492 ], [ 7.5810653210503, 47.277672585887458 ], [ 7.608065149105665, 47.281590328341288 ], [ 7.613915111850995, 47.282419081552675 ], [ 7.650589878292866, 47.283775223171304 ], [ 7.652164868262762, 47.284227270377521 ], [ 7.661839806649268, 47.288145012831343 ], [ 7.67781470491536, 47.290405248862399 ], [ 7.685914653331969, 47.295302426929688 ], [ 7.689964627540274, 47.291686049279996 ], [ 7.702114550165188, 47.287692965625133 ], [ 7.713026980670898, 47.275563032258475 ], [ 7.717189454162767, 47.277371221083321 ], [ 7.725964398280762, 47.270816536593259 ], [ 7.725739399713634, 47.267727547350816 ], [ 7.733389350995987, 47.261022180458689 ], [ 7.739239313741316, 47.261323545262826 ], [ 7.744976777203081, 47.2586866032266 ], [ 7.751276737082667, 47.260193427247302 ], [ 7.757914194812944, 47.259440015236947 ], [ 7.765789144662426, 47.268028912154961 ], [ 7.775914080183187, 47.268405618160131 ], [ 7.777489070153084, 47.262755028082495 ], [ 7.787164008539589, 47.257481144010036 ], [ 7.803363905372809, 47.269686418577734 ], [ 7.806288886745474, 47.269309712572557 ], [ 7.807976375998934, 47.264713899309413 ], [ 7.815288829430596, 47.262905710484567 ], [ 7.826088760652742, 47.266898794139429 ], [ 7.83137622698025, 47.260570133252479 ], [ 7.828901242741843, 47.255070225576908 ], [ 7.829013742025406, 47.251378506726191 ], [ 7.827101254204818, 47.248214176282708 ], [ 7.839813673247552, 47.236008901715017 ], [ 7.837451188292708, 47.229002170018745 ], [ 7.839476175396861, 47.224331015554569 ], [ 7.847913621664162, 47.218605084275893 ], [ 7.850276106619007, 47.211146305373411 ], [ 7.852976089424543, 47.209865504955815 ], [ 7.85736356148354, 47.202105361249195 ], [ 7.860738539990461, 47.200221831223317 ], [ 7.860738539990461, 47.194043852738432 ], [ 7.864226017780945, 47.19298907592394 ], [ 7.870413478376967, 47.18703712104216 ], [ 7.87693843682368, 47.184475520206966 ], [ 7.882113403867625, 47.177544129711734 ], [ 7.884250890255341, 47.173927752062042 ], [ 7.878063429659321, 47.167071702767842 ], [ 7.877838431092192, 47.162249865901593 ], [ 7.877613432525064, 47.157202005432239 ], [ 7.883238396703265, 47.148763790916298 ], [ 7.891000847269183, 47.142133765225203 ], [ 7.890438350851363, 47.133469527106165 ], [ 7.887175871628006, 47.129853149456473 ], [ 7.874800950435963, 47.125634042198506 ], [ 7.869513484108454, 47.122846417760208 ], [ 7.86827599198925, 47.118777992904306 ], [ 7.870975974794787, 47.117346510084637 ], [ 7.869400984824891, 47.113353426429775 ], [ 7.876038442555168, 47.110791825594582 ], [ 7.87412595473458, 47.105668623924188 ], [ 7.877163435390808, 47.102956340686923 ], [ 7.874800950435963, 47.099339963037238 ], [ 7.880538413897729, 47.096853703403077 ], [ 7.879188422494961, 47.094518126170989 ], [ 7.881550907449805, 47.091353795727507 ], [ 7.879525920345653, 47.083518310819855 ], [ 7.881100910315549, 47.082312851603291 ], [ 7.877950930375756, 47.081032051185694 ], [ 7.880313415330601, 47.080203297974307 ], [ 7.870638476944094, 47.059936514895846 ], [ 7.868500990556378, 47.049765452756098 ], [ 7.873225960466067, 47.045018957090889 ], [ 7.875925943271604, 47.042306673853624 ], [ 7.882675900285445, 47.041779285446374 ], [ 7.885375883090981, 47.034471188945965 ], [ 7.893363332224028, 47.031382199703522 ], [ 7.895725817178872, 47.023622055996903 ], [ 7.901463280640638, 47.019402948738929 ], [ 7.897863303566588, 47.014430429470615 ], [ 7.902813272043406, 47.007574380176415 ], [ 7.92418813592057, 47.011793487434382 ], [ 7.933750575023511, 47.005615508949496 ], [ 7.942188021290813, 47.006971650568133 ], [ 7.950287969707423, 47.007122332970198 ], [ 7.951187963975936, 47.008403133387802 ], [ 7.957037926721265, 47.00478675573811 ], [ 7.949387975438911, 46.994917058402507 ], [ 7.95355044893078, 46.982636442633776 ], [ 7.945113002663478, 46.978492676576842 ], [ 7.946912991200502, 46.969828438457796 ], [ 7.933300577889256, 46.963047730364636 ], [ 7.932738081471435, 46.951821891410397 ], [ 7.930038098665899, 46.949561655379341 ], [ 7.922725645234237, 46.9479794901576 ], [ 7.921938150249289, 46.943383676894456 ], [ 7.915975688220396, 46.935849556790942 ], [ 7.909450729773683, 46.934041367966095 ], [ 7.898875797118665, 46.935924897991974 ], [ 7.877613432525064, 46.928466119089492 ], [ 7.873788456883887, 46.925452471048089 ], [ 7.868388491272814, 46.916185503320762 ], [ 7.87637594040586, 46.912418443269004 ], [ 7.881100910315549, 46.912267760866932 ], [ 7.884138390971778, 46.907897971206893 ], [ 7.88087591174842, 46.902398063531329 ], [ 7.882563401001882, 46.90096658071166 ], [ 7.876488439689425, 46.897199520659903 ], [ 7.873900956167452, 46.891021542175018 ], [ 7.868838488407071, 46.888384600138792 ], [ 7.859613547154821, 46.886576411313946 ], [ 7.85736356148354, 46.882884692463222 ], [ 7.85848855431918, 46.872562947921409 ], [ 7.864563515631637, 46.87113146510174 ], [ 7.865913507034406, 46.867891793457225 ], [ 7.870413478376967, 46.865480875024097 ], [ 7.868388491272814, 46.85244684724502 ], [ 7.870863475511223, 46.84852910479119 ], [ 7.871538471212607, 46.845214091945643 ], [ 7.878175928942884, 46.838960772259725 ], [ 7.925200629472646, 46.820276154403004 ], [ 7.946462994066247, 46.807166785422886 ], [ 7.951862959677319, 46.800913465736969 ], [ 7.954450443199292, 46.79556424046347 ], [ 7.955012939617112, 46.793002639628277 ], [ 7.969637846480435, 46.786447955138222 ], [ 7.974587814957252, 46.779591905844022 ], [ 7.985612744746526, 46.776276892998474 ], [ 7.995062684565904, 46.780194635452297 ], [ 7.997087671670057, 46.783132942292674 ], [ 8.006200113638743, 46.784564425112336 ], [ 8.021612515487014, 46.790290356391012 ], [ 8.032074948858469, 46.791495815607576 ], [ 8.040062397991512, 46.788858873571343 ], [ 8.04804984712456, 46.788406826365133 ], [ 8.048499844258815, 46.788557508767205 ], [ 8.055137301989092, 46.78968762678273 ], [ 8.061662260435806, 46.787954779158923 ], [ 8.070099706703108, 46.789913650385834 ], [ 8.077637158701897, 46.787276708349609 ], [ 8.09113707272958, 46.788934214772375 ], [ 8.091924567714528, 46.785393178323723 ], [ 8.100924510399651, 46.779290541039877 ], [ 8.103399494638058, 46.77507143378191 ], [ 8.112286938039617, 46.77507143378191 ], [ 8.122974369978198, 46.771605738534291 ], [ 8.145811724541694, 46.757516933940714 ], [ 8.148061710212975, 46.756311474724157 ], [ 8.159874134987199, 46.760756605585229 ], [ 8.168761578388755, 46.766407195662865 ], [ 8.173261549731317, 46.765503101250445 ], [ 8.190136442265921, 46.771304373730153 ], [ 8.196661400712633, 46.769345502503235 ], [ 8.208923822621113, 46.770701644121871 ], [ 8.222198738081666, 46.762564794410075 ], [ 8.230861182916097, 46.76226342960593 ], [ 8.234461159990145, 46.763318206420422 ], [ 8.24019862345191, 46.770852326523944 ], [ 8.260560993776998, 46.764749689240091 ], [ 8.269898434312813, 46.755633403914835 ], [ 8.276760890610218, 46.756311474724157 ], [ 8.284523341176136, 46.754578627100344 ], [ 8.299035748755895, 46.763318206420422 ], [ 8.30421071579984, 46.763770253626632 ], [ 8.317035634126139, 46.771379714931186 ], [ 8.333910526660741, 46.781550777070933 ], [ 8.360910354716108, 46.784263060308199 ], [ 8.370022796684793, 46.78923557957652 ], [ 8.378572742235658, 46.787050684746497 ], [ 8.38363520999604, 46.781475435869901 ], [ 8.391735158412649, 46.778763152632635 ], [ 8.396347629038775, 46.772811197750855 ], [ 8.397472621874414, 46.766783901668042 ], [ 8.417947491483066, 46.775448139787088 ], [ 8.425597442765421, 46.771530397333258 ], [ 8.436847371121821, 46.773790633364314 ], [ 8.443597328135663, 46.771153691328081 ], [ 8.447647302343968, 46.771304373730153 ], [ 8.449447290880993, 46.764674348039058 ], [ 8.448547296612482, 46.7594004639666 ], [ 8.444722320971305, 46.755181356708626 ], [ 8.440222349628744, 46.753599191486892 ], [ 8.44460982168774, 46.748777354620636 ], [ 8.441572341031511, 46.744558247362669 ], [ 8.442472335300025, 46.738154245274679 ], [ 8.450684783000197, 46.731222854779446 ], [ 8.448209798761789, 46.728661253944253 ], [ 8.448434797328916, 46.715551884964135 ], [ 8.453834762939991, 46.712462895721693 ], [ 8.454734757208502, 46.712010848515483 ], [ 8.454847256492066, 46.711935507314443 ], [ 8.453159767238606, 46.70553150522646 ], [ 8.456084748611271, 46.698600114731221 ], [ 8.453497265089299, 46.690312582617352 ], [ 8.442022338165767, 46.68684688736974 ], [ 8.429534917690161, 46.687750981782159 ], [ 8.40129759751559, 46.694305666272221 ], [ 8.398485115426491, 46.685490745751103 ], [ 8.398935112560746, 46.676223778023783 ], [ 8.403660082470436, 46.669819775935792 ], [ 8.409510045215765, 46.666881469095422 ], [ 8.411535032319918, 46.654374829723587 ], [ 8.401860093933411, 46.654977559331861 ], [ 8.399722607545694, 46.650833793274934 ], [ 8.381160225757631, 46.635464188263761 ], [ 8.375310263012302, 46.634258729047197 ], [ 8.37272277949033, 46.635162823459616 ], [ 8.369797798117665, 46.625293126124014 ], [ 8.371597786654689, 46.615423428788404 ], [ 8.36631032032718, 46.605478390251768 ], [ 8.363047841103823, 46.602992130617608 ], [ 8.364510331790155, 46.593875845292352 ], [ 8.361810348984619, 46.587923890410572 ], [ 8.365522825342232, 46.583855465554677 ], [ 8.363947835372336, 46.581519888322582 ], [ 8.345497952867836, 46.565698236105199 ], [ 8.335823014481329, 46.562232540857586 ], [ 8.319398119080983, 46.561027081641022 ], [ 8.313885654186345, 46.553794326341645 ], [ 8.303873217949148, 46.546862935846413 ], [ 8.28857331538444, 46.544150652609147 ], [ 8.284410841892571, 46.539554839346003 ], [ 8.280248368400702, 46.537294603314947 ], [ 8.274510904938937, 46.537746650521157 ], [ 8.264160970851048, 46.534733002479747 ], [ 8.259098503090666, 46.530739918824885 ], [ 8.238173636347758, 46.528102976788659 ], [ 8.219386255992566, 46.527650929582443 ], [ 8.206448838382704, 46.524260575535862 ], [ 8.202061366323706, 46.525240011149322 ], [ 8.192161429370072, 46.52418523433483 ], [ 8.186086468057615, 46.521849657102734 ], [ 8.181811495282183, 46.521698974700669 ], [ 8.175736533969726, 46.525390693551394 ], [ 8.174836539701213, 46.532548107649731 ], [ 8.151324189436332, 46.533000154855941 ], [ 8.141761750333391, 46.536089144098383 ], [ 8.129161830574219, 46.537595968119085 ], [ 8.115436917979409, 46.547842371459865 ], [ 8.105986978160031, 46.549876583887816 ], [ 8.098337026877678, 46.549725901485743 ], [ 8.094849549087193, 46.552438184723016 ], [ 8.085174610700687, 46.553116255532331 ], [ 8.077299660851205, 46.556807974383055 ], [ 8.063349749689266, 46.55447239715096 ], [ 8.062449755420754, 46.552664208326121 ], [ 8.054912303421965, 46.557260021589265 ], [ 8.044112372199818, 46.558164116001684 ], [ 8.031399953157084, 46.563739364878288 ], [ 8.016550047726632, 46.564568118089674 ], [ 8.002150139430437, 46.559218892816176 ], [ 7.998437663072825, 46.559746281223426 ], [ 7.993937691730264, 46.55741070399133 ], [ 7.986962736149295, 46.549198513078501 ], [ 7.981000274120401, 46.549424536681606 ], [ 7.970875338599639, 46.546184865037091 ], [ 7.968737852211923, 46.542794510990511 ], [ 7.963787883735106, 46.540458933758423 ], [ 7.969750345763999, 46.528404341592797 ], [ 7.973912819255868, 46.525315352350354 ], [ 7.968737852211923, 46.514240195798187 ], [ 7.955012939617112, 46.509418358931939 ], [ 7.942863016992198, 46.508966311725729 ], [ 7.935775562127664, 46.504671863266722 ], [ 7.933750575023511, 46.499473320395296 ], [ 7.926888118726106, 46.497891155173555 ], [ 7.924300635204133, 46.492993977106273 ], [ 7.917100681056036, 46.492617271101096 ], [ 7.912825708280604, 46.488096799038985 ], [ 7.906975745535274, 46.488398163843129 ], [ 7.898875797118665, 46.483802350579985 ], [ 7.891900841537695, 46.484631103791372 ], [ 7.888188365180082, 46.482220185358244 ], [ 7.871313472645479, 46.479055854914769 ], [ 7.851513598738211, 46.478603807708559 ], [ 7.848251119514854, 46.480110631729261 ], [ 7.844426143873678, 46.479131196115802 ], [ 7.830026235577483, 46.472501170424707 ], [ 7.825413764951358, 46.467905357161563 ], [ 7.799538929731632, 46.459994531052871 ], [ 7.794251463404123, 46.45547405899076 ], [ 7.787501506390281, 46.452912458155566 ], [ 7.778951560839416, 46.444624926041698 ], [ 7.773101598094087, 46.443419466825134 ], [ 7.769501621020038, 46.440631842386836 ], [ 7.745201775770209, 46.429632027035701 ], [ 7.737439325204292, 46.425337578576702 ], [ 7.722589419773841, 46.421871883329082 ], [ 7.715839462759999, 46.415995269648342 ], [ 7.709764501447542, 46.415241857637987 ], [ 7.706052025089929, 46.417276070065938 ], [ 7.699414567359652, 46.420967788916656 ], [ 7.694577098166398, 46.426166331788082 ], [ 7.691202119659478, 46.426015649386017 ], [ 7.627302526595113, 46.445981067660334 ], [ 7.619540076029196, 46.439351041969239 ], [ 7.610652632627637, 46.438070241551642 ], [ 7.611215129045457, 46.429933391839846 ], [ 7.608740144807049, 46.426392355391194 ], [ 7.599402704271236, 46.422775977741502 ], [ 7.601090193524696, 46.417502093669043 ], [ 7.596927720032827, 46.412680256802794 ], [ 7.587365280929885, 46.415015834034882 ], [ 7.584440299557221, 46.418632211684567 ], [ 7.578027840394071, 46.418406188081462 ], [ 7.563627932097877, 46.414187080823496 ], [ 7.555752982248395, 46.41486515163281 ], [ 7.535053114072614, 46.41102275038002 ], [ 7.529540649177977, 46.401831123853725 ], [ 7.541690571802892, 46.396180533776089 ], [ 7.547990531682477, 46.395201098162637 ], [ 7.556315478666215, 46.390228578894316 ], [ 7.541690571802892, 46.38503003602289 ], [ 7.539103088280919, 46.3786260339349 ], [ 7.527740660640953, 46.375913750697634 ], [ 7.509628275987145, 46.377119209914198 ], [ 7.508503283151505, 46.377194551115231 ], [ 7.508053286017248, 46.376742503909021 ], [ 7.5072657910323, 46.375913750697634 ], [ 7.5072657910323, 46.375838409496602 ], [ 7.506928293181609, 46.37561238589349 ], [ 7.506478296047352, 46.375084997486248 ], [ 7.506253297480225, 46.374858973883143 ], [ 7.504678307510328, 46.370865890228281 ], [ 7.500290835451331, 46.371167255032418 ], [ 7.495453366258078, 46.373126126259336 ], [ 7.487803414975724, 46.371996008243805 ], [ 7.484653435035932, 46.38246843518769 ], [ 7.480490961544064, 46.386386177641519 ], [ 7.474303500948042, 46.384879353620818 ], [ 7.470703523873993, 46.379454787146287 ], [ 7.464853561128664, 46.379379445945254 ], [ 7.463053572591639, 46.37772193952248 ], [ 7.458553601249078, 46.382769799991834 ], [ 7.444716189370704, 46.384125941610463 ], [ 7.439428723043195, 46.387365613254978 ], [ 7.434478754566378, 46.386310836440487 ], [ 7.428628791821049, 46.381941046780447 ], [ 7.417941359882466, 46.381488999574238 ], [ 7.402416458750631, 46.375537044692457 ], [ 7.400391471646479, 46.37772193952248 ], [ 7.383291580544747, 46.366571441769274 ], [ 7.379354105620006, 46.365968712160992 ], [ 7.368779172964988, 46.358886639263687 ], [ 7.363716705204608, 46.357907203650228 ], [ 7.360004228846995, 46.354516849603648 ], [ 7.354604263235921, 46.351503201562245 ], [ 7.348979299057721, 46.352030589969488 ], [ 7.338966862820522, 46.34826352991773 ], [ 7.316354506824154, 46.345023858273215 ], [ 7.309042053392492, 46.353010025582947 ], [ 7.310842041929517, 46.356927768036776 ], [ 7.30926705195962, 46.360092098480251 ], [ 7.313654524018617, 46.366571441769274 ], [ 7.311179539780208, 46.376516480305916 ], [ 7.299479614289551, 46.367701559784798 ], [ 7.291042168022249, 46.36837963059412 ], [ 7.263254844981935, 46.359263345268864 ], [ 7.261229857877782, 46.355646967619172 ], [ 7.263479843549063, 46.350749789551891 ], [ 7.261117358594218, 46.345626587881497 ], [ 7.263592342832627, 46.339749974200757 ], [ 7.254029903729685, 46.331763806891033 ], [ 7.246379952447331, 46.3291268648548 ], [ 7.234005031255289, 46.327770723236164 ], [ 7.222417605048195, 46.330483006473429 ], [ 7.223205100033143, 46.350147059943609 ], [ 7.219830121526222, 46.358660615660582 ], [ 7.227142574957883, 46.360393463284389 ], [ 7.230742552031932, 46.363181087722694 ], [ 7.227030075674319, 46.366119394563064 ], [ 7.216905140153557, 46.363407111325799 ], [ 7.208355194602691, 46.374858973883143 ], [ 7.209142689587639, 46.380057516754569 ], [ 7.19463028200788, 46.380208199156641 ], [ 7.195642775559957, 46.385708106832205 ], [ 7.208692692453384, 46.404317383487886 ], [ 7.208130196035563, 46.411324115184158 ], [ 7.210717679557536, 46.417426752468003 ], [ 7.203405226125875, 46.424282801762203 ], [ 7.200142746902518, 46.430234756643983 ], [ 7.193730287739369, 46.435131934711272 ], [ 7.195867774127085, 46.441912642804432 ], [ 7.202842729708054, 46.442063325206504 ], [ 7.206555206065667, 46.440405818783731 ], [ 7.223430098600271, 46.443344125624101 ], [ 7.226355079972935, 46.446282432464471 ], [ 7.227142574957883, 46.452837116954534 ], [ 7.233217536270341, 46.455172694186622 ], [ 7.227705071375704, 46.458864413037347 ], [ 7.229955057046984, 46.460446578259081 ], [ 7.231755045584008, 46.467603992357425 ], [ 7.226130081405807, 46.478302442904415 ], [ 7.225117587853731, 46.488096799038985 ], [ 7.236930012627953, 46.489452940657621 ], [ 7.236592514777261, 46.493973412719726 ], [ 7.233555034121032, 46.496082966348716 ], [ 7.240529989702003, 46.49721308436424 ], [ 7.246154953880203, 46.503466404050158 ], [ 7.250092428804944, 46.522301704308951 ], [ 7.245592457462383, 46.534506978876642 ], [ 7.246829949581588, 46.539102792139786 ], [ 7.238280004030722, 46.547767030258832 ], [ 7.23794250618003, 46.555075126759242 ], [ 7.248067441700791, 46.557561386393402 ], [ 7.260667361459962, 46.564643459290707 ], [ 7.2689923084437, 46.574889862631487 ], [ 7.282267223904254, 46.585286948374339 ], [ 7.300267109274499, 46.580691135111195 ], [ 7.308367057691108, 46.582499323936041 ], [ 7.313879522585745, 46.590485491245765 ], [ 7.32017948246533, 46.593649821689247 ], [ 7.316354506824154, 46.604122248633132 ], [ 7.318941990346126, 46.618587759231886 ], [ 7.313092027600797, 46.624765737716764 ], [ 7.314217020436438, 46.637875106696882 ], [ 7.323554460972251, 46.638553177506203 ], [ 7.330304417986092, 46.642696943563131 ], [ 7.322541967420175, 46.656183018548425 ], [ 7.346166816968619, 46.656635065754635 ], [ 7.351454283296128, 46.65301868810495 ], [ 7.351904280430385, 46.649100945651121 ], [ 7.356516751056509, 46.646690027218 ], [ 7.358091741026406, 46.640587389934147 ], [ 7.363041709503223, 46.648950263249056 ], [ 7.378454111351495, 46.657614501368094 ], [ 7.370354162934884, 46.657915866172239 ], [ 7.373391643591114, 46.668764999121301 ], [ 7.372154151471909, 46.670949893951317 ], [ 7.377441617799418, 46.676299119224815 ], [ 7.373841640725369, 46.681346979694169 ], [ 7.378116613500803, 46.684586651338684 ], [ 7.376991620665162, 46.688881099797683 ], [ 7.380704097022774, 46.691668724235988 ], [ 7.377554117082982, 46.693702936663939 ], [ 7.369566667949936, 46.694079642669109 ], [ 7.363266708070351, 46.700408303556067 ], [ 7.360791723831943, 46.699353526741575 ], [ 7.34672931338644, 46.700332962355034 ], [ 7.351229284729, 46.70982595368546 ], [ 7.350329290460488, 46.713593013737217 ], [ 7.329854420851836, 46.717661438593119 ], [ 7.3087045555418, 46.718716215407611 ], [ 7.300942104975882, 46.723839417078004 ], [ 7.297792125036089, 46.728661253944253 ], [ 7.297792125036089, 46.736948786058122 ], [ 7.305329577034879, 46.748928037022708 ], [ 7.304092084915675, 46.761434676394543 ], [ 7.299254615722422, 46.766708560467009 ], [ 7.296667132200449, 46.766783901668042 ], [ 7.294304647245605, 46.772811197750855 ], [ 7.291829663007197, 46.773865974565346 ], [ 7.305554575602008, 46.784564425112336 ], [ 7.303079591363598, 46.787276708349609 ], [ 7.304429582766367, 46.790139673988939 ], [ 7.303304589930727, 46.794961510855188 ], [ 7.308029559840416, 46.799708006520405 ], [ 7.311292039063773, 46.809351680252909 ], [ 7.321191976017406, 46.816358411949174 ], [ 7.320854478166714, 46.826454132887889 ], [ 7.321529473868098, 46.828262321712735 ], [ 7.331091912971041, 46.831125287352066 ], [ 7.330641915836784, 46.836399171424532 ], [ 7.323666960255816, 46.841899079100095 ], [ 7.308817054825364, 46.84807705758498 ], [ 7.306904567004776, 46.851542752832593 ], [ 7.303079591363598, 46.853350941657439 ], [ 7.312867029033669, 46.856967319307131 ], [ 7.313654524018617, 46.861864497374413 ], [ 7.317591998943358, 46.863823368601331 ], [ 7.331316911538169, 46.85922755533818 ], [ 7.324229456673635, 46.856590613301954 ], [ 7.326479442344915, 46.853200259255367 ], [ 7.331316911538169, 46.85244684724502 ], [ 7.335029387895782, 46.853802988863649 ], [ 7.339079362104086, 46.850864682023278 ], [ 7.350891786878309, 46.855159130482285 ], [ 7.360229227414123, 46.864426098209606 ], [ 7.358991735294918, 46.870528735493458 ], [ 7.355054260370178, 46.87248760672037 ], [ 7.353366771116717, 46.877460125988691 ], [ 7.354491763952357, 46.887254482123261 ], [ 7.350329290460488, 46.890418812566736 ], [ 7.326704440912044, 46.89508996703092 ], [ 7.310054546944569, 46.892829730999864 ], [ 7.290592170887992, 46.89508996703092 ], [ 7.282154724620691, 46.890870859772953 ], [ 7.267529817757367, 46.894863943427815 ], [ 7.257854879370861, 46.899610439093031 ], [ 7.246379952447331, 46.901343286716838 ], [ 7.243679969641795, 46.899535097891992 ], [ 7.238167504747158, 46.899535097891992 ], [ 7.233442534837469, 46.900891239510628 ], [ 7.231305048449752, 46.905185687969627 ], [ 7.224105094301654, 46.903904887552031 ], [ 7.218480130123454, 46.898706344680605 ], [ 7.2136426609302, 46.902850110737539 ], [ 7.209592686721896, 46.90398022875307 ], [ 7.200705243320338, 46.903603522747893 ], [ 7.196317771261342, 46.900288509902346 ], [ 7.188667819978988, 46.901644651520975 ], [ 7.200592744036774, 46.905487052773772 ], [ 7.208692692453384, 46.910610254444158 ], [ 7.205992709647847, 46.922966211413929 ], [ 7.208017696751999, 46.926055200656371 ], [ 7.212067670960304, 46.92839077788846 ], [ 7.212630167378125, 46.932157837940217 ], [ 7.204755217528643, 46.939691958043731 ], [ 7.203967722543695, 46.940822076059263 ], [ 7.211055177408229, 46.94451379490998 ], [ 7.210942678124664, 46.949034266972092 ], [ 7.208692692453384, 46.950315067389688 ], [ 7.211842672393177, 46.957999869895275 ], [ 7.208580193169819, 46.960862835534613 ], [ 7.19935525191757, 46.961465565142895 ], [ 7.195417776992829, 46.962746365560491 ], [ 7.196317771261342, 46.965157283993619 ], [ 7.207117702483487, 46.965609331199829 ], [ 7.208580193169819, 46.968321614437095 ], [ 7.214880153049405, 46.968773661643304 ], [ 7.215780147317917, 46.972540721695061 ], [ 7.223430098600271, 46.975931075741642 ], [ 7.23153004701688, 46.981883030623422 ], [ 7.236367516210134, 46.986177479082428 ], [ 7.230067556330548, 46.991978751562137 ], [ 7.223655097167399, 46.995218423206644 ], [ 7.224217593585219, 46.999738895268756 ], [ 7.218705128690582, 47.00780040377952 ], [ 7.213530161646636, 47.007574380176415 ], [ 7.211167676691792, 47.005540167748464 ], [ 7.205767711080719, 47.00727301537227 ], [ 7.200705243320338, 47.003053908114303 ], [ 7.188217822844731, 46.998533436052192 ], [ 7.179555378010302, 46.995369105608717 ], [ 7.172017926011512, 46.992732163572484 ], [ 7.160880496938674, 46.988663738716589 ], [ 7.154580537059088, 46.987533620701058 ], [ 7.147493082194555, 46.986252820283461 ], [ 7.138830637360125, 46.984821337463792 ], [ 7.090455945427595, 46.977965288169592 ], [ 7.067956088714791, 46.978191311772697 ], [ 7.062106125969462, 46.978266652973737 ], [ 7.055806166089877, 46.978718700179947 ], [ 7.054343675403544, 46.978718700179947 ], [ 7.054343675403544, 46.978266652973737 ], [ 7.039268771405965, 46.981129618613068 ], [ 7.036343790033301, 46.981657007020317 ], [ 7.040956260659425, 46.980978936211002 ], [ 7.040281264958042, 46.982711783834809 ], [ 7.027118848781051, 47.005916873753641 ], [ 7.027231348064614, 47.00682096816606 ], [ 7.03296881152638, 47.014355088269575 ], [ 7.03465630077984, 47.021738525971024 ], [ 7.034206303645584, 47.025204221218637 ], [ 7.034431302212711, 47.031532882105594 ], [ 7.038031279286761, 47.035902671765633 ], [ 7.054456174687108, 47.044717592286744 ], [ 7.066381098744895, 47.046299757508486 ], [ 7.077406028534169, 47.052025688787154 ], [ 7.078531021369809, 47.05338183040579 ], [ 7.088430958323443, 47.061217315313442 ], [ 7.088093460472751, 47.061895386122764 ], [ 7.082693494861678, 47.066114493380731 ], [ 7.08134350345891, 47.068525411813859 ], [ 7.081456002742474, 47.074552707896672 ], [ 7.077968524951989, 47.07734033233497 ], [ 7.087980961189187, 47.082990922412606 ], [ 7.084943480532958, 47.089696289304733 ], [ 7.076506034265656, 47.097305750609287 ], [ 7.057831153194028, 47.101449516666221 ], [ 7.04163125636081, 47.110113754785267 ], [ 7.030043830153716, 47.105517941522116 ], [ 7.02430636669195, 47.11357945003288 ], [ 7.040843761375861, 47.126086089404716 ], [ 7.039043772838837, 47.127894278229562 ], [ 7.031056323705791, 47.128647690239916 ], [ 7.02655635236323, 47.125483359796434 ], [ 7.008781465560115, 47.125634042198506 ], [ 6.997531537203712, 47.120360158126047 ], [ 6.985381614578798, 47.118024580893959 ], [ 6.952869321628795, 47.114106838440129 ], [ 6.940156902586061, 47.111093190398719 ], [ 6.937119421929832, 47.1101890959863 ], [ 6.930594463483119, 47.113730132434952 ], [ 6.919007037276025, 47.106422035934543 ], [ 6.886944741460278, 47.093312666954425 ], [ 6.86770736397083, 47.086456617660225 ], [ 6.872207335313391, 47.102052246274503 ], [ 6.881882273699897, 47.110339778388372 ], [ 6.887169740027406, 47.125181994992296 ], [ 6.888857229280866, 47.13316816230202 ], [ 6.862307398359757, 47.16699636156681 ], [ 6.868944856090034, 47.17287297524755 ], [ 6.872544833164083, 47.173174340051695 ], [ 6.880532282297128, 47.159612923865367 ], [ 6.880644781580693, 47.155921205014643 ], [ 6.884807255072562, 47.152078803761846 ], [ 6.906294618233289, 47.158482805849836 ], [ 6.916869550888308, 47.164811466736786 ], [ 6.934644437691423, 47.1734003636548 ], [ 6.941281895421701, 47.181763236969701 ], [ 6.942406888257342, 47.185831661825603 ], [ 6.946231863898518, 47.186735756238022 ], [ 6.95298182091236, 47.188769968665973 ], [ 6.957031795120664, 47.182215284175911 ], [ 6.962319261448173, 47.183345402191442 ], [ 6.971319204133295, 47.182591990181088 ], [ 6.977956661863573, 47.17633867049517 ], [ 6.981106641803365, 47.175585258484816 ], [ 6.985494113862362, 47.177468788510694 ], [ 6.995956547233816, 47.190578157490812 ], [ 7.000794016427069, 47.194571241145681 ], [ 7.016993913260288, 47.196153406367415 ], [ 7.023856369557694, 47.196982159578802 ], [ 7.02655635236323, 47.199167054408825 ], [ 7.035893792899044, 47.211146305373411 ], [ 7.045231233434858, 47.223351579941109 ], [ 7.047818716956831, 47.228173416807358 ], [ 7.059293643880361, 47.23261854766843 ], [ 7.057831153194028, 47.241810174194725 ], [ 7.058843646746105, 47.243166315813355 ], [ 7.080331009906834, 47.249193611896168 ], [ 7.080668507757525, 47.244899163437168 ], [ 7.085843474801471, 47.246707352262007 ], [ 7.089555951159083, 47.24294029221025 ], [ 7.086855968353547, 47.241056762184371 ], [ 7.089218453308391, 47.238495161349178 ], [ 7.097205902441437, 47.238344478947106 ], [ 7.098668393127769, 47.241282785787476 ], [ 7.104068358738842, 47.244371775029919 ], [ 7.112618304289708, 47.243316998215427 ], [ 7.129605696107875, 47.246405987457869 ], [ 7.140180628762893, 47.244673139834056 ], [ 7.151430557119296, 47.247762129076499 ], [ 7.156605524163241, 47.249042929494095 ], [ 7.150305564283656, 47.25522090797898 ], [ 7.143780605836942, 47.257405802809004 ], [ 7.144118103687634, 47.260796156855584 ], [ 7.1498555671494, 47.263659122494921 ], [ 7.146705587209607, 47.266672770536324 ], [ 7.149630568582271, 47.270515171789121 ], [ 7.169655441056667, 47.276090420665717 ], [ 7.168755446788156, 47.28264510515578 ], [ 7.171117931743, 47.284528635181658 ], [ 7.169880439623796, 47.287391600820996 ], [ 7.165605466848363, 47.289953201656189 ], [ 7.170105438190924, 47.292288778888278 ], [ 7.164255475445595, 47.294473673718301 ], [ 7.175392904518433, 47.295528450532792 ], [ 7.206780204632795, 47.296884592151422 ], [ 7.209817685289024, 47.296131180141074 ], [ 7.207342701050615, 47.293192873300704 ], [ 7.211167676691792, 47.290179225259294 ], [ 7.2136426609302, 47.290932637269648 ], [ 7.233217536270341, 47.289576495651012 ], [ 7.243679969641795, 47.286713530011681 ], [ 7.257517381520169, 47.286864212413747 ], [ 7.262242351429858, 47.288672401238593 ], [ 7.269104807727264, 47.287165577217891 ], [ 7.281029731785051, 47.285884776800295 ], [ 7.308367057691108, 47.289425813248947 ], [ 7.317816997510485, 47.291761390481035 ], [ 7.323441961688687, 47.296809250950389 ], [ 7.332329405090245, 47.300877675806291 ], [ 7.338404366402703, 47.307281677894274 ], [ 7.349204297624848, 47.307055654291169 ], [ 7.350329290460488, 47.307281677894274 ], [ 7.365966690875887, 47.310596690739821 ], [ 7.379579104187135, 47.316397963219529 ], [ 7.391729026812049, 47.314514433193651 ], [ 7.412091397137138, 47.314665115595723 ], [ 7.414116384241289, 47.311274761549143 ], [ 7.420416344120875, 47.310144643533611 ], [ 7.422328831941464, 47.3081857723067 ], [ 7.441453710147347, 47.309843278729474 ], [ 7.443253698684371, 47.310069302332579 ], [ 7.460241090502539, 47.308110431105661 ], [ 7.475203495216554, 47.308336454708765 ], [ 7.487240918557904, 47.303589959043556 ], [ 7.49185338918403, 47.303514617842517 ], [ 7.498265848347179, 47.303815982646661 ], [ 7.524815679268288, 47.315719892410215 ], [ 7.559352959322443, 47.323706059719939 ] ], [ [ 7.235242523374493, 46.933061932352636 ], [ 7.235580021225185, 46.939390593239594 ], [ 7.230742552031932, 46.940972758461328 ], [ 7.230067556330548, 46.93818513402303 ], [ 7.218480130123454, 46.93434273277024 ], [ 7.216455143019301, 46.932082496739184 ], [ 7.217467636571377, 46.928993507496742 ], [ 7.219605122959094, 46.925753835852227 ], [ 7.231642546300444, 46.930801696321581 ], [ 7.235130024090929, 46.930726355120548 ], [ 7.235242523374493, 46.933061932352636 ] ], [ [ 7.692777109629374, 47.167071702767842 ], [ 7.689064633271762, 47.167749773577164 ], [ 7.682764673392176, 47.1639827135254 ], [ 7.680514687720896, 47.164434760731616 ], [ 7.675902217094771, 47.154941769401184 ], [ 7.682202176974356, 47.155619840210498 ], [ 7.691314618943042, 47.154113016189797 ], [ 7.694689597449963, 47.159311559061223 ], [ 7.697052082404808, 47.159085535458118 ], [ 7.701664553030932, 47.16307861911298 ], [ 7.695589591718475, 47.163379983917125 ], [ 7.692777109629374, 47.167071702767842 ] ] ], [ [ [ 7.139280634494382, 46.909706160031739 ], [ 7.128930700406491, 46.906165123583087 ], [ 7.124768226914623, 46.902624087134434 ], [ 7.119480760587114, 46.903754205149959 ], [ 7.119368261303549, 46.907295241598618 ], [ 7.114193294259604, 46.911966396062795 ], [ 7.1157682842295, 46.917164938934221 ], [ 7.126343216884519, 46.920329269377696 ], [ 7.135793156703897, 46.920705975382873 ], [ 7.136918149539537, 46.918370398150785 ], [ 7.136468152405281, 46.913322537681424 ], [ 7.139280634494382, 46.909706160031739 ] ] ] ] } },
{ "type": "Feature", "properties": { "kt_id": 3 }, "geometry": { "type": "Polygon", "coordinates": [ [ [ 7.839476175396861, 47.224331015554569 ], [ 7.837451188292708, 47.229002170018745 ], [ 7.839813673247552, 47.236008901715017 ], [ 7.843076152470909, 47.236988337328469 ], [ 7.854326080827311, 47.234125371689139 ], [ 7.868388491272814, 47.238495161349178 ], [ 7.895725817178872, 47.243995069024741 ], [ 7.911025719743579, 47.245275869442338 ], [ 7.923288141652058, 47.23909789095746 ], [ 7.934650569292024, 47.237440384534686 ], [ 7.962437892332337, 47.255823637587262 ], [ 7.952762953945832, 47.267049476541501 ], [ 7.950512968274551, 47.273076772624314 ], [ 7.951525461826627, 47.276090420665717 ], [ 7.958162919556905, 47.278124633093668 ], [ 7.972225330002408, 47.277446562284354 ], [ 7.975825307076456, 47.276015079464685 ], [ 7.986850236865731, 47.277295879882281 ], [ 7.995175183849469, 47.281590328341288 ], [ 7.998775160923516, 47.281062939934039 ], [ 8.005975115071614, 47.275713714660547 ], [ 8.005975115071614, 47.272474043016032 ], [ 8.014975057756736, 47.263433098891817 ], [ 8.018687534114349, 47.257405802809004 ], [ 8.016887545577324, 47.245577234246483 ], [ 8.030162461037879, 47.241960856596791 ], [ 8.032749944559852, 47.243693704220604 ], [ 8.064249743957777, 47.247988152679604 ], [ 8.058624779779578, 47.253563401556207 ], [ 8.05783728479463, 47.256878414401754 ], [ 8.063574748256395, 47.258008532417286 ], [ 8.067287224614006, 47.255974319989335 ], [ 8.073812183060721, 47.256426367195544 ], [ 8.079549646522485, 47.261398886463866 ], [ 8.089337084192556, 47.264261852103203 ], [ 8.10036201398183, 47.261323545262826 ], [ 8.106661973861415, 47.254015448762416 ], [ 8.107224470279235, 47.250248388710659 ], [ 8.1101494516519, 47.24595394025166 ], [ 8.120386886456226, 47.245200528241305 ], [ 8.125449354216606, 47.242789609808177 ], [ 8.130961819111244, 47.244823822236128 ], [ 8.135011793319549, 47.247912811478571 ], [ 8.143899236721106, 47.248666223488925 ], [ 8.160886628539274, 47.250323729911699 ], [ 8.175736533969726, 47.254618178370698 ], [ 8.180574003162977, 47.251755212731361 ], [ 8.181024000297235, 47.246858034664079 ], [ 8.176299030387545, 47.241584150591621 ], [ 8.17056156692578, 47.24294029221025 ], [ 8.157061652898097, 47.240755397380234 ], [ 8.157286651465226, 47.239248573359525 ], [ 8.163024114926991, 47.237440384534686 ], [ 8.160999127822837, 47.234351395292244 ], [ 8.16471160418045, 47.231262406049801 ], [ 8.17416154399983, 47.226666592786657 ], [ 8.177199024656058, 47.223276238740077 ], [ 8.186761463759, 47.223878968348352 ], [ 8.194861412175609, 47.227570687199076 ], [ 8.205098846979935, 47.227344663595971 ], [ 8.205773842681319, 47.244070410225774 ], [ 8.209036321904676, 47.24881690589099 ], [ 8.220961245962462, 47.253563401556207 ], [ 8.229398692229765, 47.274282231840878 ], [ 8.233898663572326, 47.27533700865537 ], [ 8.243348603391702, 47.273754843433629 ], [ 8.243573601958831, 47.280083504320586 ], [ 8.249648563271288, 47.282720446356812 ], [ 8.252236046793261, 47.287542283223061 ], [ 8.25977349879205, 47.288446377635488 ], [ 8.262810979448279, 47.283850564372344 ], [ 8.271135926432017, 47.284528635181658 ], [ 8.274060907804682, 47.281967034346465 ], [ 8.279573372699318, 47.283398517166134 ], [ 8.287785820399492, 47.280686233928868 ], [ 8.298923249472331, 47.273378137428452 ], [ 8.300835737292919, 47.272097337010855 ], [ 8.295660770248974, 47.266823452938397 ], [ 8.300273240875098, 47.256803073200722 ], [ 8.30229822797925, 47.253789425159312 ], [ 8.307473195023196, 47.252357942339643 ], [ 8.315910641290497, 47.241056762184371 ], [ 8.316585636991881, 47.232091159261188 ], [ 8.31962311764811, 47.224783062760778 ], [ 8.321985602602956, 47.2228995327349 ], [ 8.320523111916623, 47.217248942657264 ], [ 8.326823071796209, 47.214988706626208 ], [ 8.328510561049669, 47.21212574098687 ], [ 8.331210543855205, 47.203762867671969 ], [ 8.331548041705897, 47.198865689604681 ], [ 8.33919799298825, 47.190201451485642 ], [ 8.340435485107456, 47.18568097942353 ], [ 8.339872988689635, 47.17980436574279 ], [ 8.342122974360915, 47.175208552479639 ], [ 8.347410440688424, 47.171290810025816 ], [ 8.349885424926832, 47.167373067571987 ], [ 8.348872931374757, 47.165866243551285 ], [ 8.359335364746212, 47.158106099844659 ], [ 8.359335364746212, 47.154565063396007 ], [ 8.361922848268183, 47.153886992586692 ], [ 8.363272839670952, 47.14733230809663 ], [ 8.375872759430122, 47.144394001256259 ], [ 8.377560248683583, 47.140626941204502 ], [ 8.39117266199483, 47.141078988410712 ], [ 8.406472564559536, 47.138818752379663 ], [ 8.413335020856941, 47.141907741622099 ], [ 8.417159996498118, 47.134448962719624 ], [ 8.416485000796735, 47.125784724600578 ], [ 8.421322469989988, 47.123976535775732 ], [ 8.431897402645006, 47.124880630188159 ], [ 8.442809833150715, 47.130757243868899 ], [ 8.447197305209713, 47.130531220265794 ], [ 8.450347285149505, 47.132264067889601 ], [ 8.45552225219345, 47.115161615254621 ], [ 8.468797167654005, 47.11998345212087 ], [ 8.468347170519749, 47.120209475723975 ], [ 8.478472106040511, 47.125408018595401 ], [ 8.485334562337917, 47.123750512172627 ], [ 8.494447004306602, 47.115312297656693 ], [ 8.49410950645591, 47.101524857867254 ], [ 8.477459612488435, 47.107476812749034 ], [ 8.474759629682898, 47.113504108831847 ], [ 8.465647187714213, 47.112298649615283 ], [ 8.45158477726871, 47.115538321259798 ], [ 8.449447290880993, 47.112600014419421 ], [ 8.443934825986355, 47.112976720424598 ], [ 8.438759858942412, 47.11064114319251 ], [ 8.438197362524591, 47.107552153950067 ], [ 8.433697391182029, 47.107401471548002 ], [ 8.421884966407807, 47.103257705491067 ], [ 8.41074753733497, 47.094292102567877 ], [ 8.411647531603482, 47.087210029670572 ], [ 8.408047554529432, 47.080655345180517 ], [ 8.390272667726316, 47.071991107061471 ], [ 8.390610165577009, 47.069429506226278 ], [ 8.391960156979778, 47.062648798133111 ], [ 8.401522596082719, 47.061066632911377 ], [ 8.431447405510749, 47.066792564190045 ], [ 8.442584834583588, 47.064381645756924 ], [ 8.44685980735902, 47.059710491292741 ], [ 8.462947204908676, 47.051573641580944 ], [ 8.465872186281342, 47.049916135158171 ], [ 8.470259658340337, 47.049238064348856 ], [ 8.476334619652794, 47.04449156868364 ], [ 8.502096955588955, 47.025806950826919 ], [ 8.509071911169926, 47.025505586022781 ], [ 8.514584376064562, 47.023019326388621 ], [ 8.514584376064562, 47.013903041063365 ], [ 8.510084404722001, 47.005841532552601 ], [ 8.501534459171136, 47.002225154902916 ], [ 8.474759629682898, 46.996875929629418 ], [ 8.469247164788261, 46.997855365242877 ], [ 8.470147159056774, 47.010588028217818 ], [ 8.429084920555905, 47.018498854326509 ], [ 8.427847428436701, 47.003581296521546 ], [ 8.427959927720265, 47.002149813701877 ], [ 8.426497437033932, 46.999437530464611 ], [ 8.415135009393966, 46.999588212866684 ], [ 8.397472621874414, 47.002149813701877 ], [ 8.386560191368705, 46.999663554067723 ], [ 8.383972707846732, 47.002225154902916 ], [ 8.385772696383757, 47.004259367330867 ], [ 8.384085207130296, 47.019176925135824 ], [ 8.369572799550536, 47.021286478764807 ], [ 8.335598015914202, 46.990321245139363 ], [ 8.319960615498802, 47.00086901328428 ], [ 8.313660655619216, 46.999738895268756 ], [ 8.296335765950358, 46.999437530464611 ], [ 8.289473309652951, 46.995896494015959 ], [ 8.278560879147243, 46.999136165660474 ], [ 8.266973452940148, 46.999437530464611 ], [ 8.261123490194819, 46.997629341639772 ], [ 8.245711088346548, 46.987608961902097 ], [ 8.238736132765577, 46.993184210778693 ], [ 8.229173693662636, 46.993937622789048 ], [ 8.219273756709002, 46.982485760231704 ], [ 8.224111225902256, 46.977211876159245 ], [ 8.229848689364021, 46.97449959292198 ], [ 8.228273699394125, 46.970657191669183 ], [ 8.20408635342786, 46.968246273236062 ], [ 8.187998955878204, 46.972917427700239 ], [ 8.18316148668495, 46.969979120859868 ], [ 8.177986519641006, 46.969903779658829 ], [ 8.163249113494118, 46.964855919189475 ], [ 8.151211690152769, 46.958903964307702 ], [ 8.153349176540484, 46.952575303420744 ], [ 8.165724097732527, 46.940972758461328 ], [ 8.158186645733737, 46.93479477997645 ], [ 8.135686789020934, 46.923418258620138 ], [ 8.123536866396019, 46.910685595645198 ], [ 8.11239943732318, 46.894261213819533 ], [ 8.108686960965567, 46.896220085046444 ], [ 8.107674467413492, 46.899610439093031 ], [ 8.109474455950515, 46.909555477629667 ], [ 8.102274501802418, 46.910308889640021 ], [ 8.096087041206397, 46.913021172877286 ], [ 8.086974599237712, 46.907445924000683 ], [ 8.084049617865046, 46.901041921912693 ], [ 8.070887201688056, 46.897048838257831 ], [ 8.068299718166083, 46.88868596494293 ], [ 8.071899695240132, 46.882734010061149 ], [ 8.07156219738944, 46.878966950009392 ], [ 8.072462191657952, 46.874898525153498 ], [ 8.070662203120929, 46.870076688287249 ], [ 8.066837227479752, 46.868042475859298 ], [ 8.068187218882519, 46.863748027400291 ], [ 8.066499729629058, 46.860659038157848 ], [ 8.058624779779578, 46.85877550813197 ], [ 8.059749772615218, 46.854707083276075 ], [ 8.057049789809682, 46.850713999621206 ], [ 8.046587356438227, 46.84506340954357 ], [ 8.043437376498435, 46.837905995445233 ], [ 8.065487236076983, 46.809200997850837 ], [ 8.064812240375598, 46.804529843386653 ], [ 8.056037296257605, 46.800084712525582 ], [ 8.057162289093245, 46.794434122447946 ], [ 8.048499844258815, 46.788557508767205 ], [ 8.04804984712456, 46.788406826365133 ], [ 8.040062397991512, 46.788858873571343 ], [ 8.032074948858469, 46.791495815607576 ], [ 8.021612515487014, 46.790290356391012 ], [ 8.006200113638743, 46.784564425112336 ], [ 7.997087671670057, 46.783132942292674 ], [ 7.995062684565904, 46.780194635452297 ], [ 7.985612744746526, 46.776276892998474 ], [ 7.974587814957252, 46.779591905844022 ], [ 7.969637846480435, 46.786447955138222 ], [ 7.955012939617112, 46.793002639628277 ], [ 7.954450443199292, 46.79556424046347 ], [ 7.951862959677319, 46.800913465736969 ], [ 7.946462994066247, 46.807166785422886 ], [ 7.925200629472646, 46.820276154403004 ], [ 7.878175928942884, 46.838960772259725 ], [ 7.871538471212607, 46.845214091945643 ], [ 7.870863475511223, 46.84852910479119 ], [ 7.868388491272814, 46.85244684724502 ], [ 7.870413478376967, 46.865480875024097 ], [ 7.865913507034406, 46.867891793457225 ], [ 7.864563515631637, 46.87113146510174 ], [ 7.85848855431918, 46.872562947921409 ], [ 7.85736356148354, 46.882884692463222 ], [ 7.859613547154821, 46.886576411313946 ], [ 7.868838488407071, 46.888384600138792 ], [ 7.873900956167452, 46.891021542175018 ], [ 7.876488439689425, 46.897199520659903 ], [ 7.882563401001882, 46.90096658071166 ], [ 7.88087591174842, 46.902398063531329 ], [ 7.884138390971778, 46.907897971206893 ], [ 7.881100910315549, 46.912267760866932 ], [ 7.87637594040586, 46.912418443269004 ], [ 7.868388491272814, 46.916185503320762 ], [ 7.873788456883887, 46.925452471048089 ], [ 7.877613432525064, 46.928466119089492 ], [ 7.898875797118665, 46.935924897991974 ], [ 7.909450729773683, 46.934041367966095 ], [ 7.915975688220396, 46.935849556790942 ], [ 7.921938150249289, 46.943383676894456 ], [ 7.922725645234237, 46.9479794901576 ], [ 7.930038098665899, 46.949561655379341 ], [ 7.932738081471435, 46.951821891410397 ], [ 7.933300577889256, 46.963047730364636 ], [ 7.946912991200502, 46.969828438457796 ], [ 7.945113002663478, 46.978492676576842 ], [ 7.95355044893078, 46.982636442633776 ], [ 7.949387975438911, 46.994917058402507 ], [ 7.957037926721265, 47.00478675573811 ], [ 7.951187963975936, 47.008403133387802 ], [ 7.950287969707423, 47.007122332970198 ], [ 7.942188021290813, 47.006971650568133 ], [ 7.933750575023511, 47.005615508949496 ], [ 7.92418813592057, 47.011793487434382 ], [ 7.902813272043406, 47.007574380176415 ], [ 7.897863303566588, 47.014430429470615 ], [ 7.901463280640638, 47.019402948738929 ], [ 7.895725817178872, 47.023622055996903 ], [ 7.893363332224028, 47.031382199703522 ], [ 7.885375883090981, 47.034471188945965 ], [ 7.882675900285445, 47.041779285446374 ], [ 7.875925943271604, 47.042306673853624 ], [ 7.873225960466067, 47.045018957090889 ], [ 7.868500990556378, 47.049765452756098 ], [ 7.870638476944094, 47.059936514895846 ], [ 7.880313415330601, 47.080203297974307 ], [ 7.877950930375756, 47.081032051185694 ], [ 7.881100910315549, 47.082312851603291 ], [ 7.879525920345653, 47.083518310819855 ], [ 7.881550907449805, 47.091353795727507 ], [ 7.879188422494961, 47.094518126170989 ], [ 7.880538413897729, 47.096853703403077 ], [ 7.874800950435963, 47.099339963037238 ], [ 7.877163435390808, 47.102956340686923 ], [ 7.87412595473458, 47.105668623924188 ], [ 7.876038442555168, 47.110791825594582 ], [ 7.869400984824891, 47.113353426429775 ], [ 7.870975974794787, 47.117346510084637 ], [ 7.86827599198925, 47.118777992904306 ], [ 7.869513484108454, 47.122846417760208 ], [ 7.874800950435963, 47.125634042198506 ], [ 7.887175871628006, 47.129853149456473 ], [ 7.890438350851363, 47.133469527106165 ], [ 7.891000847269183, 47.142133765225203 ], [ 7.883238396703265, 47.148763790916298 ], [ 7.877613432525064, 47.157202005432239 ], [ 7.877838431092192, 47.162249865901593 ], [ 7.878063429659321, 47.167071702767842 ], [ 7.884250890255341, 47.173927752062042 ], [ 7.882113403867625, 47.177544129711734 ], [ 7.87693843682368, 47.184475520206966 ], [ 7.870413478376967, 47.18703712104216 ], [ 7.864226017780945, 47.19298907592394 ], [ 7.860738539990461, 47.194043852738432 ], [ 7.860738539990461, 47.200221831223317 ], [ 7.85736356148354, 47.202105361249195 ], [ 7.852976089424543, 47.209865504955815 ], [ 7.850276106619007, 47.211146305373411 ], [ 7.847913621664162, 47.218605084275893 ], [ 7.839476175396861, 47.224331015554569 ] ] ] } },
{ "type": "Feature", "properties": { "kt_id": 4 }, "geometry": { "type": "Polygon", "coordinates": [ [ [ 8.448434797328916, 46.715551884964135 ], [ 8.448209798761789, 46.728661253944253 ], [ 8.450684783000197, 46.731222854779446 ], [ 8.442472335300025, 46.738154245274679 ], [ 8.441572341031511, 46.744558247362669 ], [ 8.44460982168774, 46.748777354620636 ], [ 8.440222349628744, 46.753599191486892 ], [ 8.444722320971305, 46.755181356708626 ], [ 8.448547296612482, 46.7594004639666 ], [ 8.449447290880993, 46.764674348039058 ], [ 8.461147216371652, 46.770098914513589 ], [ 8.467559675534801, 46.770927667724976 ], [ 8.475322126100718, 46.769044137699098 ], [ 8.492647015769577, 46.773790633364314 ], [ 8.489497035829785, 46.782530212684392 ], [ 8.479484599592588, 46.790968427200326 ], [ 8.482972077383073, 46.795338216860365 ], [ 8.482297081681688, 46.7994819829173 ], [ 8.472959641145874, 46.796845040881067 ], [ 8.466209684132032, 46.799708006520405 ], [ 8.465872186281342, 46.801440854144218 ], [ 8.473522137563695, 46.800838124535936 ], [ 8.483534573800892, 46.805132572994935 ], [ 8.484547067352969, 46.809879068660152 ], [ 8.47925960102546, 46.81477624672744 ], [ 8.484659566636532, 46.821104907614391 ], [ 8.484547067352969, 46.828337662913768 ], [ 8.487472048725632, 46.833310182182089 ], [ 8.489947032964041, 46.836926559831774 ], [ 8.505471934095876, 46.842501808708377 ], [ 8.508171916901413, 46.846796257167384 ], [ 8.499059474932727, 46.85493310687918 ], [ 8.489384536546222, 46.854782424477108 ], [ 8.480834590995356, 46.858549484528865 ], [ 8.47678461678705, 46.856063224894704 ], [ 8.471947147593799, 46.856138566095744 ], [ 8.469134665504697, 46.862015179776485 ], [ 8.472397144728054, 46.869323276276894 ], [ 8.468234671236186, 46.877610808390763 ], [ 8.479709598159715, 46.884240834081858 ], [ 8.47397213469795, 46.892829730999864 ], [ 8.474984628250027, 46.894713261025743 ], [ 8.468684668370441, 46.898857027082677 ], [ 8.459684725685319, 46.899610439093031 ], [ 8.465422189147084, 46.906089782382054 ], [ 8.482297081681688, 46.909932183634844 ], [ 8.487022051591378, 46.919500516166309 ], [ 8.492197018635322, 46.919801880970454 ], [ 8.499171974216292, 46.919726539769414 ], [ 8.504459440543801, 46.915808797315584 ], [ 8.516496863885152, 46.919349833764237 ], [ 8.52122183379484, 46.924096329429453 ], [ 8.532921759285498, 46.92492508264084 ], [ 8.545184181193976, 46.929219531099847 ], [ 8.54867165898446, 46.936150921595079 ], [ 8.544959182626849, 46.94067139365719 ], [ 8.557446603102456, 46.94067139365719 ], [ 8.556771607401071, 46.942554923683069 ], [ 8.558346597370967, 46.948883584570019 ], [ 8.555984112416123, 46.964253189581193 ], [ 8.561384078027196, 46.967040814019498 ], [ 8.563409065131349, 46.974122886916803 ], [ 8.569709025010933, 46.976910511355101 ], [ 8.5754464884727, 46.985122702267937 ], [ 8.572184009249343, 46.991451363154887 ], [ 8.583546436889309, 46.994691034799402 ], [ 8.598283843036196, 46.99152670435592 ], [ 8.604246305065089, 46.98813635030934 ], [ 8.605258798617164, 46.983615878247228 ], [ 8.602333817244499, 46.976533805349924 ], [ 8.604696302199345, 46.969903779658829 ], [ 8.605483797184293, 46.953253374230059 ], [ 8.62190869258464, 46.953856103838341 ], [ 8.629558643866993, 46.951143820601075 ], [ 8.637771091567167, 46.951068479400043 ], [ 8.671183378785683, 46.945417889322407 ], [ 8.694020733349179, 46.948205513760705 ], [ 8.697845708990355, 46.944287771306875 ], [ 8.701445686064405, 46.93434273277024 ], [ 8.698183206841048, 46.930048284311233 ], [ 8.698745703258869, 46.927788048280178 ], [ 8.708983138063195, 46.91852108055285 ], [ 8.718770575733265, 46.919877222171486 ], [ 8.730245502656794, 46.928842825094669 ], [ 8.737670455372021, 46.93178113193504 ], [ 8.738570449640532, 46.933589320759886 ], [ 8.74520790737081, 46.933890685564023 ], [ 8.746445399490014, 46.936527627600256 ], [ 8.750382874414754, 46.935096144780587 ], [ 8.771982736859048, 46.942554923683069 ], [ 8.775357715365967, 46.9411234408634 ], [ 8.779857686708528, 46.934041367966095 ], [ 8.791782610766315, 46.932007155538145 ], [ 8.799207563481541, 46.938109792821997 ], [ 8.811582484673583, 46.942328900079964 ], [ 8.828119879357494, 46.936602968801289 ], [ 8.831269859297286, 46.93178113193504 ], [ 8.830594863595902, 46.925075765042912 ], [ 8.828794875058879, 46.923719623424276 ], [ 8.829469870760263, 46.919877222171486 ], [ 8.837457319893309, 46.909404795227601 ], [ 8.843307282638637, 46.910610254444158 ], [ 8.848144751831891, 46.914904702903165 ], [ 8.849944740368915, 46.914000608490745 ], [ 8.849044746100404, 46.892905072200897 ], [ 8.854332212427913, 46.886727093716019 ], [ 8.862544660128085, 46.892905072200897 ], [ 8.862544660128085, 46.895918720242307 ], [ 8.875932074872203, 46.896521449850589 ], [ 8.887519501079298, 46.903377499144788 ], [ 8.895956947346601, 46.904130911155136 ], [ 8.90293190292757, 46.909178771624497 ], [ 8.908669366389335, 46.908877406820352 ], [ 8.912606841314076, 46.912117078464867 ], [ 8.936569188713213, 46.921158022589083 ], [ 8.944669137129821, 46.907671947603788 ], [ 8.949844104173767, 46.902925451938572 ], [ 8.954569074083457, 46.902096698727192 ], [ 8.958394049724633, 46.889138012149139 ], [ 8.95715655760543, 46.877158761184553 ], [ 8.942756649309235, 46.87203555951416 ], [ 8.934656700892624, 46.866761675441701 ], [ 8.92419426752117, 46.864576780611678 ], [ 8.918906801193661, 46.861864497374413 ], [ 8.909231862807156, 46.86178915617338 ], [ 8.896631943047984, 46.850940023224318 ], [ 8.872332097798155, 46.843330561919764 ], [ 8.874919581320128, 46.841748396698023 ], [ 8.875707076305076, 46.836323830223492 ], [ 8.881894536901097, 46.829919828135502 ], [ 8.881107041916149, 46.822385708031987 ], [ 8.876832069140717, 46.817262506361601 ], [ 8.878182060543484, 46.814173517119158 ], [ 8.874919581320128, 46.809803727459119 ], [ 8.860969670158189, 46.807016103020814 ], [ 8.853657216726528, 46.800988806938001 ], [ 8.84870724824971, 46.799406641716267 ], [ 8.849044746100404, 46.794886169654156 ], [ 8.83610732849054, 46.796468334875897 ], [ 8.829019873626006, 46.79307798082931 ], [ 8.827669882223239, 46.78923557957652 ], [ 8.830144866461648, 46.784790448715448 ], [ 8.829357371476698, 46.780119294251264 ], [ 8.835319833505592, 46.767763337281501 ], [ 8.832619850700056, 46.765578442451478 ], [ 8.826432390104035, 46.767235948874252 ], [ 8.819682433090193, 46.763468888822494 ], [ 8.820132430224449, 46.760530581982124 ], [ 8.815744958165451, 46.756612839528295 ], [ 8.815069962464069, 46.750359519842377 ], [ 8.811694983957146, 46.746291094986475 ], [ 8.814057468911992, 46.738681633681928 ], [ 8.801232550585693, 46.733031043604292 ], [ 8.793920097154032, 46.732654337599115 ], [ 8.783232665215449, 46.729640689557705 ], [ 8.774120223246763, 46.740866528511944 ], [ 8.770745244739842, 46.742071987728508 ], [ 8.770295247605587, 46.7456883653782 ], [ 8.766695270531539, 46.745914388981305 ], [ 8.748920383728422, 46.737024127259154 ], [ 8.745657904505066, 46.730168077964954 ], [ 8.750270375131191, 46.72263395786144 ], [ 8.746782897340706, 46.718490191804506 ], [ 8.736882960387071, 46.714572449350676 ], [ 8.728670512686898, 46.708771176870968 ], [ 8.719220572867521, 46.707490376453372 ], [ 8.718208079315444, 46.703949340004719 ], [ 8.710333129465962, 46.700558985958139 ], [ 8.70133318678084, 46.704853434417139 ], [ 8.693683235498487, 46.703120586793332 ], [ 8.687833272753158, 46.695887831493955 ], [ 8.679620825052984, 46.696264537499133 ], [ 8.675570850844679, 46.693552254261867 ], [ 8.674783355859731, 46.672456717972025 ], [ 8.679170827918728, 46.665751351079891 ], [ 8.672870868039142, 46.660402125806399 ], [ 8.662520933951253, 46.656710406955675 ], [ 8.656670971205923, 46.651813228888386 ], [ 8.659708451862151, 46.648724239645944 ], [ 8.657458466190871, 46.645183203197291 ], [ 8.658358460459384, 46.642847625965203 ], [ 8.653183493415439, 46.639306589516551 ], [ 8.652283499146927, 46.635614870665826 ], [ 8.657570965474436, 46.632601222624423 ], [ 8.659483453295024, 46.627251997350925 ], [ 8.665220916756789, 46.622957548891925 ], [ 8.670845880934991, 46.62107401886604 ], [ 8.677483338665269, 46.62107401886604 ], [ 8.6789458293516, 46.619115147639128 ], [ 8.680745817888624, 46.606759190669365 ], [ 8.678045835083088, 46.60058121218448 ], [ 8.682545806425649, 46.59078685604991 ], [ 8.679845823620113, 46.58046511150809 ], [ 8.667920899562326, 46.577828169471864 ], [ 8.66105844326492, 46.574814521430454 ], [ 8.657345966907307, 46.569842002162133 ], [ 8.641821065775472, 46.565396871301061 ], [ 8.632033628105402, 46.567054377723835 ], [ 8.63057113741907, 46.574965203832527 ], [ 8.627308658195714, 46.577677487069792 ], [ 8.615946230555746, 46.579485675894638 ], [ 8.61212125491457, 46.576246004250123 ], [ 8.591646385305918, 46.574814521430454 ], [ 8.582646442620796, 46.578581581482212 ], [ 8.574771492771315, 46.584910242369169 ], [ 8.565884049369757, 46.582650006338113 ], [ 8.549684152536537, 46.583328077147428 ], [ 8.540346712000723, 46.588074572812644 ], [ 8.537309231344494, 46.586115701585726 ], [ 8.532359262867677, 46.585738995580556 ], [ 8.527634292957989, 46.582951371142251 ], [ 8.525834304420965, 46.579184311090494 ], [ 8.52234682663048, 46.578506240281179 ], [ 8.522121828063352, 46.568335178141432 ], [ 8.514359377497435, 46.559821622424458 ], [ 8.520659337377019, 46.540232910155318 ], [ 8.506596926931516, 46.536465850103561 ], [ 8.484097070218713, 46.533452202062151 ], [ 8.478697104607638, 46.528856388799007 ], [ 8.474759629682898, 46.529835824412466 ], [ 8.466097184848469, 46.53691789730977 ], [ 8.458897230700371, 46.534733002479747 ], [ 8.446522309508328, 46.538198697727367 ], [ 8.442134837449331, 46.540910980964632 ], [ 8.43707236968895, 46.54128768696981 ], [ 8.434034889032722, 46.544075311408108 ], [ 8.429984914824416, 46.544979405820534 ], [ 8.427397431302445, 46.548671124671252 ], [ 8.424359950646217, 46.56132844644516 ], [ 8.420872472855731, 46.564794141692779 ], [ 8.417947491483066, 46.572403602997333 ], [ 8.411197534469226, 46.578656922683251 ], [ 8.411422533036353, 46.581821253126726 ], [ 8.407372558828047, 46.587170478400225 ], [ 8.411310033752789, 46.597944270148247 ], [ 8.409172547365072, 46.602540083411391 ], [ 8.415922504378914, 46.606834531870398 ], [ 8.421434969273552, 46.617759006020499 ], [ 8.421547468557115, 46.626875291345748 ], [ 8.42334745709414, 46.628532797768521 ], [ 8.419859979303656, 46.637121694686535 ], [ 8.423009959243448, 46.649025604450088 ], [ 8.419409982169398, 46.653395394110127 ], [ 8.411535032319918, 46.654374829723587 ], [ 8.409510045215765, 46.666881469095422 ], [ 8.403660082470436, 46.669819775935792 ], [ 8.398935112560746, 46.676223778023783 ], [ 8.398485115426491, 46.685490745751103 ], [ 8.40129759751559, 46.694305666272221 ], [ 8.429534917690161, 46.687750981782159 ], [ 8.442022338165767, 46.68684688736974 ], [ 8.453497265089299, 46.690312582617352 ], [ 8.456084748611271, 46.698600114731221 ], [ 8.453159767238606, 46.70553150522646 ], [ 8.454847256492066, 46.711935507314443 ], [ 8.454734757208502, 46.712010848515483 ], [ 8.453834762939991, 46.712462895721693 ], [ 8.448434797328916, 46.715551884964135 ] ] ] } },
{ "type": "Feature", "properties": { "kt_id": 5 }, "geometry": { "type": "Polygon", "coordinates": [ [ [ 8.714383103674267, 47.204440938481284 ], [ 8.742282925998145, 47.21302983539929 ], [ 8.788520131542958, 47.222598167930755 ], [ 8.798082570645899, 47.223200897539037 ], [ 8.809669996852994, 47.221468049915231 ], [ 8.81011999398725, 47.221166685111086 ], [ 8.823394909447806, 47.212879152997225 ], [ 8.841732292668741, 47.209413457749605 ], [ 8.94264415002567, 47.219509178688313 ], [ 8.956931559038301, 47.217700989863474 ], [ 8.967168993842627, 47.218831107878998 ], [ 8.972118962319444, 47.218002354667611 ], [ 8.975381441542801, 47.214159953414821 ], [ 8.970093975215292, 47.212502446992048 ], [ 8.965819002439858, 47.200975243233664 ], [ 8.960081538978093, 47.199091713207785 ], [ 8.963119019634322, 47.185153591016281 ], [ 8.963569016768577, 47.181687895768668 ], [ 8.971556465901624, 47.180256412948999 ], [ 8.975493940826365, 47.18319471978937 ], [ 8.982243897840206, 47.184701543810071 ], [ 8.995743811867889, 47.180708460155209 ], [ 8.998556293956989, 47.177544129711734 ], [ 9.005981246672215, 47.174530481670324 ], [ 8.992481332644532, 47.163003277911947 ], [ 8.975043943692109, 47.141681718018994 ], [ 8.968518985245396, 47.137989999168276 ], [ 8.970543972349548, 47.135805104338253 ], [ 8.966381498857679, 47.123223123765385 ], [ 8.968406485961831, 47.120586181729152 ], [ 8.973243955155084, 47.119456063713621 ], [ 8.974931444408544, 47.116367074471185 ], [ 8.970543972349548, 47.109887731182155 ], [ 8.971893963752315, 47.105141235516946 ], [ 8.960869033963041, 47.101374175465182 ], [ 8.955019071217713, 47.092709937346143 ], [ 8.976956431512697, 47.086833323665402 ], [ 8.967843989544011, 47.082614216407428 ], [ 8.967843989544011, 47.080881368783622 ], [ 8.962106526082247, 47.077566355938075 ], [ 8.962781521783629, 47.072593836669753 ], [ 8.952319088412176, 47.062046068524829 ], [ 8.949281607755948, 47.050669547168525 ], [ 8.942419151458541, 47.049012040745751 ], [ 8.938256677966674, 47.045018957090889 ], [ 8.922731776834837, 47.039594390616358 ], [ 8.91665681552238, 47.039820414219463 ], [ 8.915531822686741, 47.041176555838092 ], [ 8.903156901494699, 47.039293025812214 ], [ 8.901694410808366, 47.036430060172876 ], [ 8.904619392181029, 47.028745257667289 ], [ 8.894156958809576, 47.024827515213467 ], [ 8.896069446630165, 47.022265914378266 ], [ 8.901469412241237, 47.022190573177234 ], [ 8.911706847045563, 47.018197489522372 ], [ 8.91271934059764, 47.010211322212641 ], [ 8.91665681552238, 47.008779839392972 ], [ 8.919356798327918, 47.003505955320513 ], [ 8.929706732415807, 46.998834800856336 ], [ 8.938594175817364, 46.98813635030934 ], [ 8.94208165360785, 46.986026796680356 ], [ 8.933869205907676, 46.983088489839986 ], [ 8.946581624950412, 46.968849002844337 ], [ 8.950969097009407, 46.970807874071255 ], [ 8.949956603457331, 46.969602414854691 ], [ 8.956706560471172, 46.964328530782232 ], [ 8.972793958020828, 46.96123954153979 ], [ 8.963569016768577, 46.955212245456977 ], [ 8.962331524649374, 46.948657560966915 ], [ 8.956481561904045, 46.940294687652013 ], [ 8.958056551873941, 46.935472850785764 ], [ 8.965256506022039, 46.930198966713306 ], [ 8.964131513186398, 46.92793873068225 ], [ 8.949731604890204, 46.926808612666719 ], [ 8.936569188713213, 46.921158022589083 ], [ 8.912606841314076, 46.912117078464867 ], [ 8.908669366389335, 46.908877406820352 ], [ 8.90293190292757, 46.909178771624497 ], [ 8.895956947346601, 46.904130911155136 ], [ 8.887519501079298, 46.903377499144788 ], [ 8.875932074872203, 46.896521449850589 ], [ 8.862544660128085, 46.895918720242307 ], [ 8.862544660128085, 46.892905072200897 ], [ 8.854332212427913, 46.886727093716019 ], [ 8.849044746100404, 46.892905072200897 ], [ 8.849944740368915, 46.914000608490745 ], [ 8.848144751831891, 46.914904702903165 ], [ 8.843307282638637, 46.910610254444158 ], [ 8.837457319893309, 46.909404795227601 ], [ 8.829469870760263, 46.919877222171486 ], [ 8.828794875058879, 46.923719623424276 ], [ 8.830594863595902, 46.925075765042912 ], [ 8.831269859297286, 46.93178113193504 ], [ 8.828119879357494, 46.936602968801289 ], [ 8.811582484673583, 46.942328900079964 ], [ 8.799207563481541, 46.938109792821997 ], [ 8.791782610766315, 46.932007155538145 ], [ 8.779857686708528, 46.934041367966095 ], [ 8.775357715365967, 46.9411234408634 ], [ 8.771982736859048, 46.942554923683069 ], [ 8.750382874414754, 46.935096144780587 ], [ 8.746445399490014, 46.936527627600256 ], [ 8.74520790737081, 46.933890685564023 ], [ 8.738570449640532, 46.933589320759886 ], [ 8.737670455372021, 46.93178113193504 ], [ 8.730245502656794, 46.928842825094669 ], [ 8.718770575733265, 46.919877222171486 ], [ 8.708983138063195, 46.91852108055285 ], [ 8.698745703258869, 46.927788048280178 ], [ 8.698183206841048, 46.930048284311233 ], [ 8.701445686064405, 46.93434273277024 ], [ 8.697845708990355, 46.944287771306875 ], [ 8.694020733349179, 46.948205513760705 ], [ 8.671183378785683, 46.945417889322407 ], [ 8.637771091567167, 46.951068479400043 ], [ 8.629558643866993, 46.951143820601075 ], [ 8.62190869258464, 46.953856103838341 ], [ 8.605483797184293, 46.953253374230059 ], [ 8.604696302199345, 46.969903779658829 ], [ 8.602333817244499, 46.976533805349924 ], [ 8.605258798617164, 46.983615878247228 ], [ 8.604246305065089, 46.98813635030934 ], [ 8.598283843036196, 46.99152670435592 ], [ 8.583546436889309, 46.994691034799402 ], [ 8.572184009249343, 46.991451363154887 ], [ 8.543946689074772, 46.980903595009963 ], [ 8.520434338809892, 46.981129618613068 ], [ 8.49770948352996, 46.977739264566488 ], [ 8.466322183415596, 46.985574749474146 ], [ 8.469247164788261, 46.997855365242877 ], [ 8.474759629682898, 46.996875929629418 ], [ 8.501534459171136, 47.002225154902916 ], [ 8.510084404722001, 47.005841532552601 ], [ 8.514584376064562, 47.013903041063365 ], [ 8.514584376064562, 47.023019326388621 ], [ 8.509071911169926, 47.025505586022781 ], [ 8.502096955588955, 47.025806950826919 ], [ 8.476334619652794, 47.04449156868364 ], [ 8.470259658340337, 47.049238064348856 ], [ 8.465872186281342, 47.049916135158171 ], [ 8.462947204908676, 47.051573641580944 ], [ 8.44685980735902, 47.059710491292741 ], [ 8.442584834583588, 47.064381645756924 ], [ 8.431447405510749, 47.066792564190045 ], [ 8.401522596082719, 47.061066632911377 ], [ 8.391960156979778, 47.062648798133111 ], [ 8.390610165577009, 47.069429506226278 ], [ 8.390272667726316, 47.071991107061471 ], [ 8.408047554529432, 47.080655345180517 ], [ 8.411647531603482, 47.087210029670572 ], [ 8.41074753733497, 47.094292102567877 ], [ 8.421884966407807, 47.103257705491067 ], [ 8.433697391182029, 47.107401471548002 ], [ 8.438197362524591, 47.107552153950067 ], [ 8.438759858942412, 47.11064114319251 ], [ 8.443934825986355, 47.112976720424598 ], [ 8.449447290880993, 47.112600014419421 ], [ 8.45158477726871, 47.115538321259798 ], [ 8.465647187714213, 47.112298649615283 ], [ 8.474759629682898, 47.113504108831847 ], [ 8.477459612488435, 47.107476812749034 ], [ 8.49410950645591, 47.101524857867254 ], [ 8.523246820898992, 47.091353795727507 ], [ 8.526734298689476, 47.09308664335132 ], [ 8.541134206985671, 47.09346334935649 ], [ 8.545521679044668, 47.095798926588586 ], [ 8.563296565847784, 47.095045514578231 ], [ 8.564534057966988, 47.093915396562707 ], [ 8.56599654865332, 47.088415488887136 ], [ 8.564646557250553, 47.082990922412606 ], [ 8.575108990622006, 47.083518310819855 ], [ 8.578708967696056, 47.085853888051943 ], [ 8.588608904649689, 47.08713468846954 ], [ 8.596821352349863, 47.092634596145103 ], [ 8.608746276407651, 47.09346334935649 ], [ 8.612458752765262, 47.096326314995828 ], [ 8.639908577954884, 47.095196196980304 ], [ 8.645533542133085, 47.097607115413425 ], [ 8.650483510609902, 47.104764529511769 ], [ 8.66105844326492, 47.11267535562046 ], [ 8.661508440399176, 47.116216392069113 ], [ 8.672870868039142, 47.117271168883605 ], [ 8.671970873770631, 47.120586181729152 ], [ 8.682770804992778, 47.126462795409893 ], [ 8.68817077060385, 47.137914657967237 ], [ 8.685133289947622, 47.142133765225203 ], [ 8.689408262723054, 47.147407649297669 ], [ 8.702233181049353, 47.152606192169095 ], [ 8.700095694661636, 47.154037674988764 ], [ 8.69683321543828, 47.164359419530577 ], [ 8.693345737647796, 47.164736125535754 ], [ 8.693233238364231, 47.168051138381301 ], [ 8.691770747677898, 47.170838762819599 ], [ 8.683445800694161, 47.17543457608275 ], [ 8.68232080785852, 47.185002908614216 ], [ 8.695258225468383, 47.197509547986051 ], [ 8.703920670302814, 47.199769784017107 ], [ 8.705158162422018, 47.203536844068864 ], [ 8.711008125167346, 47.201879337646091 ], [ 8.714383103674267, 47.204440938481284 ] ] ] } },
{ "type": "Feature", "properties": { "kt_id": 6 }, "geometry": { "type": "MultiPolygon", "coordinates": [ [ [ [ 8.397472621874414, 46.766783901668042 ], [ 8.396347629038775, 46.772811197750855 ], [ 8.415922504378914, 46.777859058220209 ], [ 8.427059933451753, 46.776653599003645 ], [ 8.427397431302445, 46.778311105426418 ], [ 8.42053497500504, 46.790290356391012 ], [ 8.411422533036353, 46.791420474406536 ], [ 8.402872587485488, 46.796769699680034 ], [ 8.397697620441543, 46.796845040881067 ], [ 8.386222693518013, 46.804906549391831 ], [ 8.389710171308497, 46.810632480670506 ], [ 8.388922676323549, 46.813796811113981 ], [ 8.378797740802787, 46.817639212366771 ], [ 8.375085264445174, 46.817639212366771 ], [ 8.378685241519223, 46.824721285264083 ], [ 8.371822785221816, 46.836851218630741 ], [ 8.369685298834101, 46.850638658420173 ], [ 8.372947778057458, 46.854707083276075 ], [ 8.371935284505382, 46.860206990951639 ], [ 8.364960328924411, 46.860809720559921 ], [ 8.362485344686004, 46.863522003797186 ], [ 8.365297826775103, 46.868419181864475 ], [ 8.370135295968357, 46.868795887869645 ], [ 8.374635267310918, 46.875802619565917 ], [ 8.381272725041196, 46.875350572359707 ], [ 8.38138522432476, 46.871809535911055 ], [ 8.385660197100192, 46.867364405049983 ], [ 8.379697735071298, 46.863898709802363 ], [ 8.376322756564377, 46.859378237740252 ], [ 8.375760260146558, 46.849433199203609 ], [ 8.382060220026144, 46.857118001709196 ], [ 8.385772696383757, 46.855987883693672 ], [ 8.399610108262131, 46.865857581029275 ], [ 8.406472564559536, 46.866535651838596 ], [ 8.413897517274762, 46.870980782699668 ], [ 8.41974748002009, 46.863748027400291 ], [ 8.421434969273552, 46.853200259255367 ], [ 8.430772409809364, 46.851392070430528 ], [ 8.439209856076667, 46.854631742075036 ], [ 8.471947147593799, 46.856138566095744 ], [ 8.47678461678705, 46.856063224894704 ], [ 8.480834590995356, 46.858549484528865 ], [ 8.489384536546222, 46.854782424477108 ], [ 8.499059474932727, 46.85493310687918 ], [ 8.508171916901413, 46.846796257167384 ], [ 8.505471934095876, 46.842501808708377 ], [ 8.489947032964041, 46.836926559831774 ], [ 8.487472048725632, 46.833310182182089 ], [ 8.484547067352969, 46.828337662913768 ], [ 8.484659566636532, 46.821104907614391 ], [ 8.47925960102546, 46.81477624672744 ], [ 8.484547067352969, 46.809879068660152 ], [ 8.483534573800892, 46.805132572994935 ], [ 8.473522137563695, 46.800838124535936 ], [ 8.465872186281342, 46.801440854144218 ], [ 8.466209684132032, 46.799708006520405 ], [ 8.472959641145874, 46.796845040881067 ], [ 8.482297081681688, 46.7994819829173 ], [ 8.482972077383073, 46.795338216860365 ], [ 8.479484599592588, 46.790968427200326 ], [ 8.489497035829785, 46.782530212684392 ], [ 8.492647015769577, 46.773790633364314 ], [ 8.475322126100718, 46.769044137699098 ], [ 8.467559675534801, 46.770927667724976 ], [ 8.461147216371652, 46.770098914513589 ], [ 8.449447290880993, 46.764674348039058 ], [ 8.447647302343968, 46.771304373730153 ], [ 8.443597328135663, 46.771153691328081 ], [ 8.436847371121821, 46.773790633364314 ], [ 8.425597442765421, 46.771530397333258 ], [ 8.417947491483066, 46.775448139787088 ], [ 8.397472621874414, 46.766783901668042 ] ] ], [ [ [ 8.055137301989092, 46.78968762678273 ], [ 8.048499844258815, 46.788557508767205 ], [ 8.057162289093245, 46.794434122447946 ], [ 8.056037296257605, 46.800084712525582 ], [ 8.064812240375598, 46.804529843386653 ], [ 8.065487236076983, 46.809200997850837 ], [ 8.043437376498435, 46.837905995445233 ], [ 8.046587356438227, 46.84506340954357 ], [ 8.057049789809682, 46.850713999621206 ], [ 8.059749772615218, 46.854707083276075 ], [ 8.058624779779578, 46.85877550813197 ], [ 8.066499729629058, 46.860659038157848 ], [ 8.068187218882519, 46.863748027400291 ], [ 8.066837227479752, 46.868042475859298 ], [ 8.070662203120929, 46.870076688287249 ], [ 8.072462191657952, 46.874898525153498 ], [ 8.07156219738944, 46.878966950009392 ], [ 8.071899695240132, 46.882734010061149 ], [ 8.068299718166083, 46.88868596494293 ], [ 8.070887201688056, 46.897048838257831 ], [ 8.084049617865046, 46.901041921912693 ], [ 8.086974599237712, 46.907445924000683 ], [ 8.096087041206397, 46.913021172877286 ], [ 8.102274501802418, 46.910308889640021 ], [ 8.109474455950515, 46.909555477629667 ], [ 8.107674467413492, 46.899610439093031 ], [ 8.108686960965567, 46.896220085046444 ], [ 8.11239943732318, 46.894261213819533 ], [ 8.123536866396019, 46.910685595645198 ], [ 8.135686789020934, 46.923418258620138 ], [ 8.158186645733737, 46.93479477997645 ], [ 8.165724097732527, 46.940972758461328 ], [ 8.153349176540484, 46.952575303420744 ], [ 8.151211690152769, 46.958903964307702 ], [ 8.163249113494118, 46.964855919189475 ], [ 8.177986519641006, 46.969903779658829 ], [ 8.18316148668495, 46.969979120859868 ], [ 8.187998955878204, 46.972917427700239 ], [ 8.20408635342786, 46.968246273236062 ], [ 8.228273699394125, 46.970657191669183 ], [ 8.229848689364021, 46.97449959292198 ], [ 8.245373590495856, 46.975705052138537 ], [ 8.255386026733053, 46.981430983417212 ], [ 8.261910985179767, 46.981581665819284 ], [ 8.263598474433227, 46.979547453391334 ], [ 8.273835909237553, 46.979848818195471 ], [ 8.282948351206239, 46.977211876159245 ], [ 8.302410727262815, 46.978944723783052 ], [ 8.308373189291707, 46.977211876159245 ], [ 8.31208566564932, 46.970280485664006 ], [ 8.307248196456069, 46.957020434281823 ], [ 8.310285677112297, 46.953404056632131 ], [ 8.299823243740843, 46.947602784152423 ], [ 8.289248311085824, 46.93524682718266 ], [ 8.301285734427175, 46.931479767130902 ], [ 8.310623174962988, 46.925753835852227 ], [ 8.323785591139981, 46.926657930264653 ], [ 8.33919799298825, 46.930651013919515 ], [ 8.342122974360915, 46.927637365878105 ], [ 8.339760489406071, 46.919877222171486 ], [ 8.344372960032196, 46.915808797315584 ], [ 8.342235473644479, 46.910384230841053 ], [ 8.337960500869046, 46.906918535593441 ], [ 8.338860495137558, 46.891398248180195 ], [ 8.329635553885309, 46.878966950009392 ], [ 8.330760546720949, 46.872788971524514 ], [ 8.335148018779947, 46.868720546668612 ], [ 8.335598015914202, 46.862617909384767 ], [ 8.331885539556589, 46.857570048915406 ], [ 8.329185556751053, 46.848001716383941 ], [ 8.333685528093614, 46.835419735811072 ], [ 8.33694800731697, 46.834364958996581 ], [ 8.336160512332022, 46.829467780929292 ], [ 8.322998096155031, 46.821858319624745 ], [ 8.327835565348284, 46.815981705943997 ], [ 8.332223037407282, 46.814173517119158 ], [ 8.340435485107456, 46.806790079417709 ], [ 8.344372960032196, 46.805735302603217 ], [ 8.345835450718528, 46.801064148139041 ], [ 8.362597843969567, 46.794660146051051 ], [ 8.370022796684793, 46.78923557957652 ], [ 8.360910354716108, 46.784263060308199 ], [ 8.333910526660741, 46.781550777070933 ], [ 8.317035634126139, 46.771379714931186 ], [ 8.30421071579984, 46.763770253626632 ], [ 8.299035748755895, 46.763318206420422 ], [ 8.284523341176136, 46.754578627100344 ], [ 8.276760890610218, 46.756311474724157 ], [ 8.269898434312813, 46.755633403914835 ], [ 8.260560993776998, 46.764749689240091 ], [ 8.24019862345191, 46.770852326523944 ], [ 8.234461159990145, 46.763318206420422 ], [ 8.230861182916097, 46.76226342960593 ], [ 8.222198738081666, 46.762564794410075 ], [ 8.208923822621113, 46.770701644121871 ], [ 8.196661400712633, 46.769345502503235 ], [ 8.190136442265921, 46.771304373730153 ], [ 8.173261549731317, 46.765503101250445 ], [ 8.168761578388755, 46.766407195662865 ], [ 8.159874134987199, 46.760756605585229 ], [ 8.148061710212975, 46.756311474724157 ], [ 8.145811724541694, 46.757516933940714 ], [ 8.122974369978198, 46.771605738534291 ], [ 8.112286938039617, 46.77507143378191 ], [ 8.103399494638058, 46.77507143378191 ], [ 8.100924510399651, 46.779290541039877 ], [ 8.091924567714528, 46.785393178323723 ], [ 8.09113707272958, 46.788934214772375 ], [ 8.077637158701897, 46.787276708349609 ], [ 8.070099706703108, 46.789913650385834 ], [ 8.061662260435806, 46.787954779158923 ], [ 8.055137301989092, 46.78968762678273 ] ] ] ] } },
{ "type": "Feature", "properties": { "kt_id": 7 }, "geometry": { "type": "Polygon", "coordinates": [ [ [ 8.378572742235658, 46.787050684746497 ], [ 8.370022796684793, 46.78923557957652 ], [ 8.362597843969567, 46.794660146051051 ], [ 8.345835450718528, 46.801064148139041 ], [ 8.344372960032196, 46.805735302603217 ], [ 8.340435485107456, 46.806790079417709 ], [ 8.332223037407282, 46.814173517119158 ], [ 8.327835565348284, 46.815981705943997 ], [ 8.322998096155031, 46.821858319624745 ], [ 8.336160512332022, 46.829467780929292 ], [ 8.33694800731697, 46.834364958996581 ], [ 8.333685528093614, 46.835419735811072 ], [ 8.329185556751053, 46.848001716383941 ], [ 8.331885539556589, 46.857570048915406 ], [ 8.335598015914202, 46.862617909384767 ], [ 8.335148018779947, 46.868720546668612 ], [ 8.330760546720949, 46.872788971524514 ], [ 8.329635553885309, 46.878966950009392 ], [ 8.338860495137558, 46.891398248180195 ], [ 8.337960500869046, 46.906918535593441 ], [ 8.342235473644479, 46.910384230841053 ], [ 8.344372960032196, 46.915808797315584 ], [ 8.339760489406071, 46.919877222171486 ], [ 8.342122974360915, 46.927637365878105 ], [ 8.33919799298825, 46.930651013919515 ], [ 8.323785591139981, 46.926657930264653 ], [ 8.310623174962988, 46.925753835852227 ], [ 8.301285734427175, 46.931479767130902 ], [ 8.289248311085824, 46.93524682718266 ], [ 8.299823243740843, 46.947602784152423 ], [ 8.310285677112297, 46.953404056632131 ], [ 8.307248196456069, 46.957020434281823 ], [ 8.31208566564932, 46.970280485664006 ], [ 8.308373189291707, 46.977211876159245 ], [ 8.302410727262815, 46.978944723783052 ], [ 8.282948351206239, 46.977211876159245 ], [ 8.273835909237553, 46.979848818195471 ], [ 8.263598474433227, 46.979547453391334 ], [ 8.261910985179767, 46.981581665819284 ], [ 8.255386026733053, 46.981430983417212 ], [ 8.245373590495856, 46.975705052138537 ], [ 8.229848689364021, 46.97449959292198 ], [ 8.224111225902256, 46.977211876159245 ], [ 8.219273756709002, 46.982485760231704 ], [ 8.229173693662636, 46.993937622789048 ], [ 8.238736132765577, 46.993184210778693 ], [ 8.245711088346548, 46.987608961902097 ], [ 8.261123490194819, 46.997629341639772 ], [ 8.266973452940148, 46.999437530464611 ], [ 8.278560879147243, 46.999136165660474 ], [ 8.289473309652951, 46.995896494015959 ], [ 8.296335765950358, 46.999437530464611 ], [ 8.313660655619216, 46.999738895268756 ], [ 8.319960615498802, 47.00086901328428 ], [ 8.335598015914202, 46.990321245139363 ], [ 8.369572799550536, 47.021286478764807 ], [ 8.384085207130296, 47.019176925135824 ], [ 8.385772696383757, 47.004259367330867 ], [ 8.383972707846732, 47.002225154902916 ], [ 8.386560191368705, 46.999663554067723 ], [ 8.397472621874414, 47.002149813701877 ], [ 8.415135009393966, 46.999588212866684 ], [ 8.426497437033932, 46.999437530464611 ], [ 8.427959927720265, 47.002149813701877 ], [ 8.427847428436701, 47.003581296521546 ], [ 8.429084920555905, 47.018498854326509 ], [ 8.470147159056774, 47.010588028217818 ], [ 8.469247164788261, 46.997855365242877 ], [ 8.466322183415596, 46.985574749474146 ], [ 8.49770948352996, 46.977739264566488 ], [ 8.520434338809892, 46.981129618613068 ], [ 8.543946689074772, 46.980903595009963 ], [ 8.572184009249343, 46.991451363154887 ], [ 8.5754464884727, 46.985122702267937 ], [ 8.569709025010933, 46.976910511355101 ], [ 8.563409065131349, 46.974122886916803 ], [ 8.561384078027196, 46.967040814019498 ], [ 8.555984112416123, 46.964253189581193 ], [ 8.558346597370967, 46.948883584570019 ], [ 8.556771607401071, 46.942554923683069 ], [ 8.557446603102456, 46.94067139365719 ], [ 8.544959182626849, 46.94067139365719 ], [ 8.54867165898446, 46.936150921595079 ], [ 8.545184181193976, 46.929219531099847 ], [ 8.532921759285498, 46.92492508264084 ], [ 8.52122183379484, 46.924096329429453 ], [ 8.516496863885152, 46.919349833764237 ], [ 8.504459440543801, 46.915808797315584 ], [ 8.499171974216292, 46.919726539769414 ], [ 8.492197018635322, 46.919801880970454 ], [ 8.487022051591378, 46.919500516166309 ], [ 8.482297081681688, 46.909932183634844 ], [ 8.465422189147084, 46.906089782382054 ], [ 8.459684725685319, 46.899610439093031 ], [ 8.468684668370441, 46.898857027082677 ], [ 8.474984628250027, 46.894713261025743 ], [ 8.47397213469795, 46.892829730999864 ], [ 8.479709598159715, 46.884240834081858 ], [ 8.468234671236186, 46.877610808390763 ], [ 8.472397144728054, 46.869323276276894 ], [ 8.469134665504697, 46.862015179776485 ], [ 8.471947147593799, 46.856138566095744 ], [ 8.439209856076667, 46.854631742075036 ], [ 8.430772409809364, 46.851392070430528 ], [ 8.421434969273552, 46.853200259255367 ], [ 8.41974748002009, 46.863748027400291 ], [ 8.413897517274762, 46.870980782699668 ], [ 8.406472564559536, 46.866535651838596 ], [ 8.399610108262131, 46.865857581029275 ], [ 8.385772696383757, 46.855987883693672 ], [ 8.382060220026144, 46.857118001709196 ], [ 8.375760260146558, 46.849433199203609 ], [ 8.376322756564377, 46.859378237740252 ], [ 8.379697735071298, 46.863898709802363 ], [ 8.385660197100192, 46.867364405049983 ], [ 8.38138522432476, 46.871809535911055 ], [ 8.381272725041196, 46.875350572359707 ], [ 8.374635267310918, 46.875802619565917 ], [ 8.370135295968357, 46.868795887869645 ], [ 8.365297826775103, 46.868419181864475 ], [ 8.362485344686004, 46.863522003797186 ], [ 8.364960328924411, 46.860809720559921 ], [ 8.371935284505382, 46.860206990951639 ], [ 8.372947778057458, 46.854707083276075 ], [ 8.369685298834101, 46.850638658420173 ], [ 8.371822785221816, 46.836851218630741 ], [ 8.378685241519223, 46.824721285264083 ], [ 8.375085264445174, 46.817639212366771 ], [ 8.378797740802787, 46.817639212366771 ], [ 8.388922676323549, 46.813796811113981 ], [ 8.389710171308497, 46.810632480670506 ], [ 8.386222693518013, 46.804906549391831 ], [ 8.397697620441543, 46.796845040881067 ], [ 8.402872587485488, 46.796769699680034 ], [ 8.411422533036353, 46.791420474406536 ], [ 8.42053497500504, 46.790290356391012 ], [ 8.427397431302445, 46.778311105426418 ], [ 8.427059933451753, 46.776653599003645 ], [ 8.415922504378914, 46.777859058220209 ], [ 8.396347629038775, 46.772811197750855 ], [ 8.391735158412649, 46.778763152632635 ], [ 8.38363520999604, 46.781475435869901 ], [ 8.378572742235658, 46.787050684746497 ] ] ] } },
{ "type": "Feature", "properties": { "kt_id": 8 }, "geometry": { "type": "Polygon", "coordinates": [ [ [ 8.872332097798155, 46.843330561919764 ], [ 8.896631943047984, 46.850940023224318 ], [ 8.909231862807156, 46.86178915617338 ], [ 8.918906801193661, 46.861864497374413 ], [ 8.92419426752117, 46.864576780611678 ], [ 8.934656700892624, 46.866761675441701 ], [ 8.942756649309235, 46.87203555951416 ], [ 8.95715655760543, 46.877158761184553 ], [ 8.958394049724633, 46.889138012149139 ], [ 8.954569074083457, 46.902096698727192 ], [ 8.949844104173767, 46.902925451938572 ], [ 8.944669137129821, 46.907671947603788 ], [ 8.936569188713213, 46.921158022589083 ], [ 8.949731604890204, 46.926808612666719 ], [ 8.964131513186398, 46.92793873068225 ], [ 8.965256506022039, 46.930198966713306 ], [ 8.958056551873941, 46.935472850785764 ], [ 8.956481561904045, 46.940294687652013 ], [ 8.962331524649374, 46.948657560966915 ], [ 8.963569016768577, 46.955212245456977 ], [ 8.972793958020828, 46.96123954153979 ], [ 8.956706560471172, 46.964328530782232 ], [ 8.949956603457331, 46.969602414854691 ], [ 8.950969097009407, 46.970807874071255 ], [ 8.946581624950412, 46.968849002844337 ], [ 8.933869205907676, 46.983088489839986 ], [ 8.94208165360785, 46.986026796680356 ], [ 8.938594175817364, 46.98813635030934 ], [ 8.929706732415807, 46.998834800856336 ], [ 8.919356798327918, 47.003505955320513 ], [ 8.91665681552238, 47.008779839392972 ], [ 8.91271934059764, 47.010211322212641 ], [ 8.911706847045563, 47.018197489522372 ], [ 8.901469412241237, 47.022190573177234 ], [ 8.896069446630165, 47.022265914378266 ], [ 8.894156958809576, 47.024827515213467 ], [ 8.904619392181029, 47.028745257667289 ], [ 8.901694410808366, 47.036430060172876 ], [ 8.903156901494699, 47.039293025812214 ], [ 8.915531822686741, 47.041176555838092 ], [ 8.91665681552238, 47.039820414219463 ], [ 8.922731776834837, 47.039594390616358 ], [ 8.938256677966674, 47.045018957090889 ], [ 8.942419151458541, 47.049012040745751 ], [ 8.949281607755948, 47.050669547168525 ], [ 8.952319088412176, 47.062046068524829 ], [ 8.962781521783629, 47.072593836669753 ], [ 8.962106526082247, 47.077566355938075 ], [ 8.967843989544011, 47.080881368783622 ], [ 8.967843989544011, 47.082614216407428 ], [ 8.976956431512697, 47.086833323665402 ], [ 8.955019071217713, 47.092709937346143 ], [ 8.960869033963041, 47.101374175465182 ], [ 8.971893963752315, 47.105141235516946 ], [ 8.970543972349548, 47.109887731182155 ], [ 8.974931444408544, 47.116367074471185 ], [ 8.973243955155084, 47.119456063713621 ], [ 8.968406485961831, 47.120586181729152 ], [ 8.966381498857679, 47.123223123765385 ], [ 8.970543972349548, 47.135805104338253 ], [ 8.968518985245396, 47.137989999168276 ], [ 8.975043943692109, 47.141681718018994 ], [ 8.992481332644532, 47.163003277911947 ], [ 9.005981246672215, 47.174530481670324 ], [ 9.009356225179136, 47.173475704855832 ], [ 9.051655955799209, 47.14303785963763 ], [ 9.068305849766684, 47.131661338281319 ], [ 9.072918320392809, 47.131209291075109 ], [ 9.087430727972567, 47.132490091492706 ], [ 9.100480644865995, 47.134072256714447 ], [ 9.109368088267551, 47.132640773894778 ], [ 9.120618016623954, 47.133620209508237 ], [ 9.182717621151294, 47.126010748203683 ], [ 9.18901758103088, 47.122695735358135 ], [ 9.190030074582957, 47.117346510084637 ], [ 9.191155067418597, 47.111394555202864 ], [ 9.187555090344548, 47.099038598233093 ], [ 9.191942562403545, 47.091881184134756 ], [ 9.190030074582957, 47.086305935258153 ], [ 9.192955055955622, 47.074176001891495 ], [ 9.187217592493855, 47.064833692963134 ], [ 9.18508010610614, 47.061217315313442 ], [ 9.169667704257868, 47.051121594374735 ], [ 9.15515529667811, 47.048786017142646 ], [ 9.139405396979146, 47.040498485028778 ], [ 9.157630280916518, 47.031532882105594 ], [ 9.16944270569074, 47.027916504455902 ], [ 9.176305161988147, 47.030026058084886 ], [ 9.181705127599219, 47.02738911604866 ], [ 9.202742493625692, 47.036354718971843 ], [ 9.209829948490224, 47.037108130982197 ], [ 9.216017409086245, 47.03424516534286 ], [ 9.22119237613019, 47.034471188945965 ], [ 9.231317311650953, 47.027087751244515 ], [ 9.237504772246975, 47.025204221218637 ], [ 9.242567240007356, 47.018800219130654 ], [ 9.244029730693688, 47.008704498191939 ], [ 9.249317197021197, 47.001773107696707 ], [ 9.250892186991093, 46.996574564825281 ], [ 9.246617214215661, 46.993259551979733 ], [ 9.247854706334865, 46.988588397515549 ], [ 9.2449297249622, 46.983389854644123 ], [ 9.247967205618428, 46.976759828953028 ], [ 9.243917231410123, 46.967191496421563 ], [ 9.247292209917044, 46.960034082323226 ], [ 9.245717219947148, 46.95777384629217 ], [ 9.237954769381231, 46.955890316266292 ], [ 9.237504772246975, 46.946321983734826 ], [ 9.240542252903204, 46.940746734858223 ], [ 9.251342184125349, 46.935849556790942 ], [ 9.254042166930885, 46.928315436687427 ], [ 9.251567182692478, 46.925603153450155 ], [ 9.252804674811681, 46.923644282223243 ], [ 9.250217191289709, 46.91761698614043 ], [ 9.245717219947148, 46.91558277371248 ], [ 9.241217248604586, 46.909480136428634 ], [ 9.235929782277077, 46.909555477629667 ], [ 9.228054832427595, 46.906918535593441 ], [ 9.219167389026039, 46.896144743845412 ], [ 9.214217420549222, 46.893281778206074 ], [ 9.205442476431227, 46.884542198885995 ], [ 9.189467578165136, 46.8779121731949 ], [ 9.17923014336081, 46.880398432829061 ], [ 9.154592800260289, 46.881001162437343 ], [ 9.15796777876721, 46.875275231158675 ], [ 9.147730343962884, 46.87248760672037 ], [ 9.141092886232606, 46.863220638993049 ], [ 9.135467922054406, 46.86171381497234 ], [ 9.111955571789524, 46.851844117636738 ], [ 9.105993109760632, 46.854029012466754 ], [ 9.104643118357863, 46.860885061760953 ], [ 9.095980673523433, 46.868946570271717 ], [ 9.095980673523433, 46.872110900715192 ], [ 9.077868288869626, 46.876480690375232 ], [ 9.066730859796788, 46.876103984370062 ], [ 9.05896840923087, 46.87248760672037 ], [ 9.055930928574641, 46.869775323483104 ], [ 9.046480988755263, 46.866384969436524 ], [ 9.045355995919623, 46.857118001709196 ], [ 9.047155984456648, 46.851618094033633 ], [ 9.039168535323601, 46.846720915966344 ], [ 9.035006061831734, 46.840392255079394 ], [ 9.035681057533116, 46.836323830223492 ], [ 9.031181086190557, 46.834214276594508 ], [ 9.020831152102666, 46.818467965578158 ], [ 9.010818715865469, 46.813043399103627 ], [ 8.966718996708371, 46.807769515031168 ], [ 8.958731547575326, 46.805659961402185 ], [ 8.95468157336702, 46.806262691010467 ], [ 8.951869091277921, 46.804002454979411 ], [ 8.946019128532591, 46.803399725371129 ], [ 8.941406657906466, 46.800762783334896 ], [ 8.929481733848679, 46.797749135293493 ], [ 8.92644425319245, 46.799406641716267 ], [ 8.919356798327918, 46.799557324118339 ], [ 8.915419323403176, 46.80196824255146 ], [ 8.916094319104561, 46.812440669495345 ], [ 8.907994370687952, 46.811461233881893 ], [ 8.899556924420649, 46.815454317536755 ], [ 8.878182060543484, 46.814173517119158 ], [ 8.876832069140717, 46.817262506361601 ], [ 8.881107041916149, 46.822385708031987 ], [ 8.881894536901097, 46.829919828135502 ], [ 8.875707076305076, 46.836323830223492 ], [ 8.874919581320128, 46.841748396698023 ], [ 8.872332097798155, 46.843330561919764 ] ] ] } },
{ "type": "Feature", "properties": { "kt_id": 9 }, "geometry": { "type": "Polygon", "coordinates": [ [ [ 8.681420813590009, 47.163229301515052 ], [ 8.693345737647796, 47.164736125535754 ], [ 8.69683321543828, 47.164359419530577 ], [ 8.700095694661636, 47.154037674988764 ], [ 8.702233181049353, 47.152606192169095 ], [ 8.689408262723054, 47.147407649297669 ], [ 8.685133289947622, 47.142133765225203 ], [ 8.68817077060385, 47.137914657967237 ], [ 8.682770804992778, 47.126462795409893 ], [ 8.671970873770631, 47.120586181729152 ], [ 8.672870868039142, 47.117271168883605 ], [ 8.661508440399176, 47.116216392069113 ], [ 8.66105844326492, 47.11267535562046 ], [ 8.650483510609902, 47.104764529511769 ], [ 8.645533542133085, 47.097607115413425 ], [ 8.639908577954884, 47.095196196980304 ], [ 8.612458752765262, 47.096326314995828 ], [ 8.608746276407651, 47.09346334935649 ], [ 8.596821352349863, 47.092634596145103 ], [ 8.588608904649689, 47.08713468846954 ], [ 8.578708967696056, 47.085853888051943 ], [ 8.575108990622006, 47.083518310819855 ], [ 8.564646557250553, 47.082990922412606 ], [ 8.56599654865332, 47.088415488887136 ], [ 8.564534057966988, 47.093915396562707 ], [ 8.563296565847784, 47.095045514578231 ], [ 8.545521679044668, 47.095798926588586 ], [ 8.541134206985671, 47.09346334935649 ], [ 8.526734298689476, 47.09308664335132 ], [ 8.523246820898992, 47.091353795727507 ], [ 8.49410950645591, 47.101524857867254 ], [ 8.494447004306602, 47.115312297656693 ], [ 8.485334562337917, 47.123750512172627 ], [ 8.478472106040511, 47.125408018595401 ], [ 8.468347170519749, 47.120209475723975 ], [ 8.468797167654005, 47.11998345212087 ], [ 8.45552225219345, 47.115161615254621 ], [ 8.450347285149505, 47.132264067889601 ], [ 8.447197305209713, 47.130531220265794 ], [ 8.442809833150715, 47.130757243868899 ], [ 8.431897402645006, 47.124880630188159 ], [ 8.421322469989988, 47.123976535775732 ], [ 8.416485000796735, 47.125784724600578 ], [ 8.417159996498118, 47.134448962719624 ], [ 8.413335020856941, 47.141907741622099 ], [ 8.416035003662479, 47.146729578488355 ], [ 8.412997523006251, 47.155167793004289 ], [ 8.415360007961095, 47.158407464648803 ], [ 8.415472507244658, 47.158633488251908 ], [ 8.41637250151317, 47.165564878747141 ], [ 8.412885023722685, 47.174681164072396 ], [ 8.403547583186871, 47.178222200521049 ], [ 8.401410096799156, 47.184852226212143 ], [ 8.406472564559536, 47.196982159578802 ], [ 8.401635095366284, 47.209714822553742 ], [ 8.401860093933411, 47.216570871847942 ], [ 8.397585121157979, 47.221392708714191 ], [ 8.395897631904518, 47.227269322394939 ], [ 8.397247623307287, 47.230508994039447 ], [ 8.406697563126665, 47.237892431740896 ], [ 8.409285046648638, 47.243844386622669 ], [ 8.411872530170609, 47.246707352262007 ], [ 8.411197534469226, 47.24979634150445 ], [ 8.415135009393966, 47.245125187040273 ], [ 8.417609993632375, 47.242563586205073 ], [ 8.415360007961095, 47.240529373777122 ], [ 8.418059990766631, 47.234954124900526 ], [ 8.419522481452963, 47.227872052003221 ], [ 8.422897459959884, 47.224783062760778 ], [ 8.43088490909293, 47.22628988678148 ], [ 8.438872358225975, 47.225159768765955 ], [ 8.442247336732896, 47.226515910384585 ], [ 8.447534803060405, 47.224783062760778 ], [ 8.449109793030301, 47.221543391116263 ], [ 8.457772237864731, 47.21988588469349 ], [ 8.462609707057984, 47.214988706626208 ], [ 8.46812217195262, 47.215440753832418 ], [ 8.481059589562484, 47.209940846156847 ], [ 8.485334562337917, 47.209865504955815 ], [ 8.490397030098297, 47.21212574098687 ], [ 8.499621971350548, 47.213406541404467 ], [ 8.50389694412598, 47.213406541404467 ], [ 8.506709426215082, 47.21596814223966 ], [ 8.513346883945358, 47.216872236652087 ], [ 8.514246878213871, 47.220714637904877 ], [ 8.522459325914044, 47.221468049915231 ], [ 8.53213426430055, 47.219057131482103 ], [ 8.533709254270446, 47.223426921142142 ], [ 8.53742173062806, 47.222146120724545 ], [ 8.540459211284288, 47.224406356755601 ], [ 8.544509185492593, 47.223426921142142 ], [ 8.553284129610587, 47.223050215136965 ], [ 8.555534115281867, 47.224180333152496 ], [ 8.561159079460069, 47.221016002709021 ], [ 8.573983997786367, 47.219659861090385 ], [ 8.5754464884727, 47.218228378270716 ], [ 8.5782589705618, 47.220036567095562 ], [ 8.58444643115782, 47.218831107878998 ], [ 8.58219644548654, 47.21596814223966 ], [ 8.583771435456438, 47.212050399785838 ], [ 8.58917140106751, 47.213933929811716 ], [ 8.595471360947094, 47.213331200203434 ], [ 8.598846339454015, 47.210392893363064 ], [ 8.597608847334811, 47.20617378610509 ], [ 8.599633834438965, 47.203160138063687 ], [ 8.604358804348653, 47.204440938481284 ], [ 8.609421272109033, 47.206023103703025 ], [ 8.616396227690004, 47.200673878429527 ], [ 8.619321209062669, 47.195852041563278 ], [ 8.618533714077721, 47.193742487934294 ], [ 8.622021191868205, 47.191708275506343 ], [ 8.62190869258464, 47.188995992269078 ], [ 8.629221146016302, 47.180934483758314 ], [ 8.625283671091561, 47.174605822871364 ], [ 8.640471074372705, 47.17287297524755 ], [ 8.642833559327549, 47.170311374412357 ], [ 8.653520991266131, 47.17242092804134 ], [ 8.661620939682741, 47.171667516030986 ], [ 8.66240843466769, 47.162475889504698 ], [ 8.666908406010251, 47.161044406685029 ], [ 8.676020847978936, 47.160893724282964 ], [ 8.681420813590009, 47.163229301515052 ] ] ] } },
{ "type": "Feature", "properties": { "kt_id": 10 }, "geometry": { "type": "MultiPolygon", "coordinates": [ [ [ [ 6.780857917059404, 46.853953671265721 ], [ 6.866694870418754, 46.91083627804727 ], [ 6.892119708504223, 46.88868596494293 ], [ 6.906294618233289, 46.880172409225956 ], [ 6.911694583844363, 46.88182991564873 ], [ 6.921369522230869, 46.87248760672037 ], [ 6.913607071664951, 46.868419181864475 ], [ 6.909894595307339, 46.870604076694491 ], [ 6.892907203489171, 46.866158945833419 ], [ 6.898082170533116, 46.862994615389944 ], [ 6.913607071664951, 46.866987699044806 ], [ 6.930931961333811, 46.855234471683318 ], [ 6.920244529395228, 46.848453763590157 ], [ 6.90854460390457, 46.835947124218322 ], [ 6.906294618233289, 46.825248673671325 ], [ 6.911694583844363, 46.813796811113981 ], [ 6.905957120382598, 46.807694173830136 ], [ 6.913382073097823, 46.804755866989765 ], [ 6.915969556619796, 46.808974974247732 ], [ 6.920694526529485, 46.81176259868603 ], [ 6.924294503603534, 46.808522927041523 ], [ 6.924182004319969, 46.809803727459119 ], [ 6.928231978528274, 46.810255774665329 ], [ 6.932394452020143, 46.807166785422886 ], [ 6.927106985692634, 46.800009371324549 ], [ 6.922044517932253, 46.79812584129867 ], [ 6.917544546589692, 46.790441038793084 ], [ 6.91776954515682, 46.787427390751674 ], [ 6.911807083127927, 46.781023388663684 ], [ 6.908319605337442, 46.784338401509231 ], [ 6.897744672682424, 46.780269976653337 ], [ 6.898644666950936, 46.777783717019176 ], [ 6.889757223549378, 46.779516564642982 ], [ 6.879294790177925, 46.777859058220209 ], [ 6.875582313820312, 46.781249412266796 ], [ 6.872319834596955, 46.779742588246087 ], [ 6.863882388329653, 46.782982259890602 ], [ 6.864782382598166, 46.785694543127867 ], [ 6.860057412688477, 46.78923557957652 ], [ 6.854094950659583, 46.786900002344431 ], [ 6.843970015138821, 46.779968611849192 ], [ 6.840707535915464, 46.782002824277143 ], [ 6.836995059557852, 46.777407011013999 ], [ 6.833845079618059, 46.77597552819433 ], [ 6.828332614723422, 46.778085081823313 ], [ 6.826195128335705, 46.774544045374661 ], [ 6.819220172754736, 46.779064517436773 ], [ 6.815282697829995, 46.780194635452297 ], [ 6.814270204277919, 46.781626118271966 ], [ 6.80560775944349, 46.786824661143392 ], [ 6.798857802429648, 46.784112377906126 ], [ 6.783445400581376, 46.794132757643801 ], [ 6.776807942851099, 46.790968427200326 ], [ 6.778045434970304, 46.793153322030349 ], [ 6.78772037335681, 46.800762783334896 ], [ 6.784795391984145, 46.804303819783549 ], [ 6.779957922790892, 46.802194266154565 ], [ 6.777707937119612, 46.803851772577339 ], [ 6.768145498016669, 46.810255774665329 ], [ 6.753745589720475, 46.821180248815423 ], [ 6.743170657065456, 46.828789710119977 ], [ 6.780857917059404, 46.853953671265721 ] ] ], [ [ [ 6.749470616945041, 46.733106384805325 ], [ 6.753408091869782, 46.737702198068469 ], [ 6.759933050316496, 46.738907657285033 ], [ 6.769382990135874, 46.74606507138337 ], [ 6.773882961478435, 46.752695097074465 ], [ 6.777482938552484, 46.751263614254796 ], [ 6.78018292135802, 46.752243049868255 ], [ 6.787045377655425, 46.749003378223748 ], [ 6.785020390551272, 46.747195189398902 ], [ 6.785245389118401, 46.736798103656049 ], [ 6.771632975807155, 46.721955887052118 ], [ 6.763533027390545, 46.718866897809683 ], [ 6.759483053182239, 46.723312028670755 ], [ 6.759595552465804, 46.726777723918374 ], [ 6.751833101899886, 46.730092736763922 ], [ 6.749470616945041, 46.733106384805325 ] ] ], [ [ [ 7.248067441700791, 46.557561386393402 ], [ 7.23794250618003, 46.555075126759242 ], [ 7.224217593585219, 46.548972489475396 ], [ 7.209817685289024, 46.534205614072505 ], [ 7.207230201767051, 46.536842556108738 ], [ 7.20104274117103, 46.543246558196721 ], [ 7.195530276276393, 46.546410888640203 ], [ 7.193280290605112, 46.5476916890578 ], [ 7.183717851502171, 46.540006886552213 ], [ 7.172017926011512, 46.534054931670433 ], [ 7.159530505535906, 46.528178317989692 ], [ 7.149293070731579, 46.529760483211433 ], [ 7.145468095090402, 46.527801611984515 ], [ 7.144680600105454, 46.52373318712862 ], [ 7.141530620165662, 46.52162363349963 ], [ 7.136693150972409, 46.509041652926761 ], [ 7.127355710436595, 46.504445839663617 ], [ 7.123643234078982, 46.500000708802538 ], [ 7.111268312886939, 46.496082966348716 ], [ 7.106093345842995, 46.490432376271073 ], [ 7.101255876649741, 46.488247481441057 ], [ 7.098668393127769, 46.489754305461759 ], [ 7.090118447576903, 46.488398163843129 ], [ 7.078643520653372, 46.489980329064863 ], [ 7.072793557908044, 46.48787077543588 ], [ 7.066381098744895, 46.490055670265903 ], [ 7.040281264958042, 46.476117548074399 ], [ 7.021493884602849, 46.461049307867363 ], [ 7.018568903230185, 46.44861800969656 ], [ 7.003493999232606, 46.444700267242737 ], [ 6.993594062278971, 46.440179795180626 ], [ 6.984819118160978, 46.439275700768206 ], [ 6.993031565861152, 46.450124833717268 ], [ 6.983581626041774, 46.460145213454943 ], [ 6.980994142519801, 46.460220554655976 ], [ 6.978744156848521, 46.474460041651625 ], [ 6.982231634639005, 46.476644936481641 ], [ 6.97480668192378, 46.482521550162382 ], [ 6.973119192670319, 46.492541929900064 ], [ 6.966594234223606, 46.494576142328008 ], [ 6.963106756433121, 46.498267861178732 ], [ 6.951631829509591, 46.50406913365844 ], [ 6.948594348853362, 46.502637650838771 ], [ 6.934756936974988, 46.502788333240844 ], [ 6.931719456318759, 46.506028004885351 ], [ 6.928231978528274, 46.505877322483286 ], [ 6.926094492140558, 46.508740288122617 ], [ 6.913944569515643, 46.512432006973341 ], [ 6.912594578112875, 46.51439087820026 ], [ 6.901907146174293, 46.514541560602325 ], [ 6.896619679846784, 46.509041652926761 ], [ 6.898307169100244, 46.521397609896525 ], [ 6.884132259371177, 46.51476758420543 ], [ 6.882557269401281, 46.51386348979301 ], [ 6.867032368269446, 46.501808897627384 ], [ 6.863657389762525, 46.495254213137329 ], [ 6.8590449191364, 46.494500801126975 ], [ 6.848919983615638, 46.494952848333185 ], [ 6.84644499937723, 46.497815813972522 ], [ 6.842845022303181, 46.497966496374595 ], [ 6.83890754737844, 46.50067877961186 ], [ 6.833620081050931, 46.506329369689496 ], [ 6.831032597528958, 46.513788148591978 ], [ 6.825295134067193, 46.513411442586801 ], [ 6.818882674904044, 46.518007255849945 ], [ 6.811907719323075, 46.526370129164846 ], [ 6.813257710725843, 46.527274223577272 ], [ 6.81820767920266, 46.533150837258013 ], [ 6.819220172754736, 46.53782199172219 ], [ 6.824732637649373, 46.542417804985334 ], [ 6.826082629052141, 46.539554839346003 ], [ 6.833057584633111, 46.538952109737721 ], [ 6.842057527318232, 46.539630180547036 ], [ 6.851732465704739, 46.542493146186374 ], [ 6.8562324370473, 46.542568487387406 ], [ 6.857244930599376, 46.538424721330472 ], [ 6.860957406956988, 46.537294603314947 ], [ 6.859719914837784, 46.532472766448699 ], [ 6.8618574012255, 46.532020719242482 ], [ 6.867819863254394, 46.541890416578092 ], [ 6.869169854657162, 46.542945193392583 ], [ 6.889194727131558, 46.559520257620321 ], [ 6.89425719489194, 46.560499693233773 ], [ 6.903257137577061, 46.562684588063796 ], [ 6.89988215907014, 46.56637630691452 ], [ 6.902357143308549, 46.571047461378697 ], [ 6.898869665518064, 46.571876214590084 ], [ 6.888857229280866, 46.568937907749714 ], [ 6.887169740027406, 46.564191412084497 ], [ 6.884807255072562, 46.56389004728036 ], [ 6.880419783013565, 46.568335178141432 ], [ 6.875244815969619, 46.566602330517625 ], [ 6.872544833164083, 46.570896778976625 ], [ 6.864669883314601, 46.579485675894638 ], [ 6.853532454241763, 46.583328077147428 ], [ 6.847457492929306, 46.585136265972274 ], [ 6.843182520153873, 46.58340341834846 ], [ 6.835645068155083, 46.5766227102553 ], [ 6.829570106842626, 46.578581581482212 ], [ 6.824845136932937, 46.578958287487389 ], [ 6.821695156993145, 46.584910242369169 ], [ 6.814945199979303, 46.58686911359608 ], [ 6.81235771645733, 46.582197959131904 ], [ 6.814045205710791, 46.579561017095671 ], [ 6.805945257294181, 46.579108969889461 ], [ 6.800207793832416, 46.575341909837704 ], [ 6.795707822489855, 46.576547369054261 ], [ 6.799982795265288, 46.584759559967097 ], [ 6.801895283085877, 46.594026527694417 ], [ 6.79919530028034, 46.60103325939069 ], [ 6.80313277520508, 46.602992130617608 ], [ 6.804032769473593, 46.624163008108482 ], [ 6.802907776637952, 46.628909503773698 ], [ 6.797732809594008, 46.634484752650302 ], [ 6.799870295981724, 46.640964095939324 ], [ 6.804370267324285, 46.645936615207646 ], [ 6.799870295981724, 46.650457087269757 ], [ 6.811907719323075, 46.651737887687354 ], [ 6.815957693531379, 46.648724239645944 ], [ 6.828220115439858, 46.661155537816747 ], [ 6.83947004379626, 46.66379247985298 ], [ 6.844870009407333, 46.662134973430206 ], [ 6.843970015138821, 46.659648713796045 ], [ 6.850719972152662, 46.658141889775344 ], [ 6.854432448510275, 46.656785748156707 ], [ 6.860394910539169, 46.661155537816747 ], [ 6.863994887613217, 46.659724054997078 ], [ 6.867932362537958, 46.661155537816747 ], [ 6.869282353940726, 46.664319868260222 ], [ 6.865569877583114, 46.666354080688173 ], [ 6.872657332447647, 46.674716954003074 ], [ 6.865457378299549, 46.677881284446556 ], [ 6.863769889046089, 46.682025050503491 ], [ 6.869507352507854, 46.686922228570772 ], [ 6.874232322417543, 46.684963357343861 ], [ 6.881994772983461, 46.691367359431844 ], [ 6.885482250773945, 46.692422136246336 ], [ 6.892119708504223, 46.696942608308447 ], [ 6.894369694175503, 46.701161715566421 ], [ 6.893132202056299, 46.703798657602647 ], [ 6.898869665518064, 46.709599930082355 ], [ 6.905282124681213, 46.715250520159991 ], [ 6.919119536559588, 46.720825769036594 ], [ 6.921819519365125, 46.723462711072827 ], [ 6.922832012917201, 46.724818852691456 ], [ 6.936444426228448, 46.734462526423961 ], [ 6.937006922646268, 46.73920902208917 ], [ 6.941956891123085, 46.745989730182337 ], [ 6.938806911183292, 46.750660884646514 ], [ 6.931381958468067, 46.75540738031173 ], [ 6.922494515066509, 46.75299646187861 ], [ 6.91776954515682, 46.75593476871898 ], [ 6.911357085993671, 46.754578627100344 ], [ 6.90910710032239, 46.758797734358318 ], [ 6.915182061634848, 46.764146959631809 ], [ 6.921144523663741, 46.761510017595583 ], [ 6.929806968498171, 46.768742772894953 ], [ 6.935994429094192, 46.772886538951887 ], [ 6.932394452020143, 46.773865974565346 ], [ 6.932506951303707, 46.776728940204684 ], [ 6.939706905451804, 46.78283157748853 ], [ 6.946344363182082, 46.7857698843289 ], [ 6.950844334524643, 46.784187719107166 ], [ 6.959281780791945, 46.791495815607576 ], [ 6.957031795120664, 46.794810828453123 ], [ 6.96670673350717, 46.802344948556637 ], [ 6.96558174067153, 46.806790079417709 ], [ 6.958831783657688, 46.812440669495345 ], [ 6.95748179225492, 46.816358411949174 ], [ 6.960969270045405, 46.81907069518644 ], [ 6.959056782224817, 46.820652860408181 ], [ 6.96614423708935, 46.829543122130332 ], [ 6.971881700551116, 46.825399356073397 ], [ 6.979869149684161, 46.824269238057866 ], [ 6.98571911242949, 46.823289802444414 ], [ 6.989319089503539, 46.827358227300309 ], [ 6.99325656442828, 46.831803358161388 ], [ 6.99325656442828, 46.834364958996581 ], [ 6.986956604548694, 46.836248489022459 ], [ 6.987744099533643, 46.838508725053515 ], [ 6.984481620310286, 46.840618278682498 ], [ 6.985944110996618, 46.841974420301128 ], [ 6.987856598817206, 46.845816821553925 ], [ 6.993031565861152, 46.848679787193262 ], [ 6.989431588787102, 46.851166046827423 ], [ 6.983806624608902, 46.847549669177731 ], [ 6.978744156848521, 46.846946939569449 ], [ 6.974131686222396, 46.855083789281252 ], [ 6.977506664729316, 46.855008448080213 ], [ 6.982456633206134, 46.86856986426654 ], [ 6.989881585921359, 46.874747842751425 ], [ 6.988081597384334, 46.876330007973166 ], [ 6.974694182640215, 46.888309258937753 ], [ 6.967606727775682, 46.884918904891173 ], [ 6.962994257149557, 46.885446293298415 ], [ 6.958944282941252, 46.882809351262189 ], [ 6.959956776493328, 46.880097068024924 ], [ 6.963444254283814, 46.878213537999045 ], [ 6.969631714879835, 46.869323276276894 ], [ 6.965469241387966, 46.867967134658258 ], [ 6.954894308732948, 46.876556031576271 ], [ 6.951969327360283, 46.876330007973166 ], [ 6.952306825210975, 46.879042291210432 ], [ 6.94656936174921, 46.884316175282891 ], [ 6.942744386108033, 46.885446293298415 ], [ 6.939481906884676, 46.890946200973985 ], [ 6.936669424795576, 46.890644836169841 ], [ 6.93396944199004, 46.893809166613323 ], [ 6.926881987125506, 46.893959849015388 ], [ 6.924294503603534, 46.896295426247484 ], [ 6.931269459184503, 46.900815898309588 ], [ 6.928906974229658, 46.902247381129257 ], [ 6.928231978528274, 46.902624087134434 ], [ 6.925531995722737, 46.904281593557208 ], [ 6.925419496439174, 46.904356934758241 ], [ 6.924632001454226, 46.904959664366523 ], [ 6.922269516499381, 46.906843194392401 ], [ 6.89706967698104, 46.926657930264653 ], [ 6.929356971363914, 46.954006786240413 ], [ 6.962656759298866, 46.928842825094669 ], [ 6.972219198401807, 46.922890870212889 ], [ 6.9753691783416, 46.922589505408752 ], [ 6.978856656132084, 46.924699059037735 ], [ 6.988306595951462, 46.919575857367349 ], [ 6.983581626041774, 46.91513072650627 ], [ 6.983131628907517, 46.910986960449335 ], [ 6.985044116728106, 46.909178771624497 ], [ 7.010356455530011, 46.890343471365703 ], [ 7.008218969142295, 46.888384600138792 ], [ 6.994719055114611, 46.880323091628028 ], [ 7.000344019292813, 46.875802619565917 ], [ 7.007768972008039, 46.874446477947288 ], [ 7.014856426872572, 46.878816267607327 ], [ 7.017106412543852, 46.881905256849763 ], [ 7.022731376722054, 46.877686149591796 ], [ 7.025768857378282, 46.879192973612497 ], [ 7.026893850213923, 46.877761490792835 ], [ 7.033643807227763, 46.876782055179376 ], [ 7.036568788600428, 46.874295795545216 ], [ 7.030943824422227, 46.867364405049983 ], [ 7.040056266390913, 46.862090520977517 ], [ 7.034881299346968, 46.858926190534042 ], [ 7.030156329437279, 46.852296164842947 ], [ 7.036006292182608, 46.848152398786013 ], [ 7.040281264958042, 46.847474327976698 ], [ 7.051081196180188, 46.855912542492632 ], [ 7.054906171821364, 46.857570048915406 ], [ 7.063343618088666, 46.868343840663435 ], [ 7.067731090147663, 46.870001347086209 ], [ 7.071781064355967, 46.875124548756602 ], [ 7.069756077251816, 46.878062855596973 ], [ 7.066043600894202, 46.879268314813537 ], [ 7.067056094446278, 46.881679233246658 ], [ 7.062781121670846, 46.881001162437343 ], [ 7.063006120237974, 46.884918904891173 ], [ 7.065593603759947, 46.887329823324293 ], [ 7.079768513489013, 46.89508996703092 ], [ 7.075268542146453, 46.896596791051621 ], [ 7.08415598554801, 46.897425544263008 ], [ 7.088205959756315, 46.898857027082677 ], [ 7.087418464771367, 46.902398063531329 ], [ 7.091580938263236, 46.904733640763418 ], [ 7.09394342321808, 46.907973312407933 ], [ 7.091018441845415, 46.909028089222424 ], [ 7.088880955457699, 46.910986960449335 ], [ 7.086630969786419, 46.912945831676254 ], [ 7.085280978383651, 46.91422663209385 ], [ 7.060756134566693, 46.937959110419925 ], [ 7.058843646746105, 46.940068664048908 ], [ 7.062443623820154, 46.94504118331723 ], [ 7.060531135999565, 46.953102691827993 ], [ 7.057381156059773, 46.956568387075606 ], [ 7.060306137432438, 46.957698505091138 ], [ 7.059293643880361, 46.966212060808111 ], [ 7.064131113073614, 46.972239356890924 ], [ 7.054231176119981, 46.97781460576752 ], [ 7.039268771405965, 46.981129618613068 ], [ 7.054343675403544, 46.978266652973737 ], [ 7.054343675403544, 46.978718700179947 ], [ 7.055806166089877, 46.978718700179947 ], [ 7.062106125969462, 46.978266652973737 ], [ 7.067956088714791, 46.978191311772697 ], [ 7.090455945427595, 46.977965288169592 ], [ 7.138830637360125, 46.984821337463792 ], [ 7.147493082194555, 46.986252820283461 ], [ 7.154580537059088, 46.987533620701058 ], [ 7.160880496938674, 46.988663738716589 ], [ 7.172017926011512, 46.992732163572484 ], [ 7.179555378010302, 46.995369105608717 ], [ 7.188217822844731, 46.998533436052192 ], [ 7.200705243320338, 47.003053908114303 ], [ 7.205767711080719, 47.00727301537227 ], [ 7.211167676691792, 47.005540167748464 ], [ 7.213530161646636, 47.007574380176415 ], [ 7.218705128690582, 47.00780040377952 ], [ 7.224217593585219, 46.999738895268756 ], [ 7.223655097167399, 46.995218423206644 ], [ 7.230067556330548, 46.991978751562137 ], [ 7.236367516210134, 46.986177479082428 ], [ 7.23153004701688, 46.981883030623422 ], [ 7.223430098600271, 46.975931075741642 ], [ 7.215780147317917, 46.972540721695061 ], [ 7.214880153049405, 46.968773661643304 ], [ 7.208580193169819, 46.968321614437095 ], [ 7.207117702483487, 46.965609331199829 ], [ 7.196317771261342, 46.965157283993619 ], [ 7.195417776992829, 46.962746365560491 ], [ 7.19935525191757, 46.961465565142895 ], [ 7.208580193169819, 46.960862835534613 ], [ 7.211842672393177, 46.957999869895275 ], [ 7.208692692453384, 46.950315067389688 ], [ 7.210942678124664, 46.949034266972092 ], [ 7.211055177408229, 46.94451379490998 ], [ 7.203967722543695, 46.940822076059263 ], [ 7.204755217528643, 46.939691958043731 ], [ 7.212630167378125, 46.932157837940217 ], [ 7.212067670960304, 46.92839077788846 ], [ 7.208017696751999, 46.926055200656371 ], [ 7.205992709647847, 46.922966211413929 ], [ 7.208692692453384, 46.910610254444158 ], [ 7.200592744036774, 46.905487052773772 ], [ 7.188667819978988, 46.901644651520975 ], [ 7.196317771261342, 46.900288509902346 ], [ 7.200705243320338, 46.903603522747893 ], [ 7.209592686721896, 46.90398022875307 ], [ 7.2136426609302, 46.902850110737539 ], [ 7.218480130123454, 46.898706344680605 ], [ 7.224105094301654, 46.903904887552031 ], [ 7.231305048449752, 46.905185687969627 ], [ 7.233442534837469, 46.900891239510628 ], [ 7.238167504747158, 46.899535097891992 ], [ 7.243679969641795, 46.899535097891992 ], [ 7.246379952447331, 46.901343286716838 ], [ 7.257854879370861, 46.899610439093031 ], [ 7.267529817757367, 46.894863943427815 ], [ 7.282154724620691, 46.890870859772953 ], [ 7.290592170887992, 46.89508996703092 ], [ 7.310054546944569, 46.892829730999864 ], [ 7.326704440912044, 46.89508996703092 ], [ 7.350329290460488, 46.890418812566736 ], [ 7.354491763952357, 46.887254482123261 ], [ 7.353366771116717, 46.877460125988691 ], [ 7.355054260370178, 46.87248760672037 ], [ 7.358991735294918, 46.870528735493458 ], [ 7.360229227414123, 46.864426098209606 ], [ 7.350891786878309, 46.855159130482285 ], [ 7.339079362104086, 46.850864682023278 ], [ 7.335029387895782, 46.853802988863649 ], [ 7.331316911538169, 46.85244684724502 ], [ 7.326479442344915, 46.853200259255367 ], [ 7.324229456673635, 46.856590613301954 ], [ 7.331316911538169, 46.85922755533818 ], [ 7.317591998943358, 46.863823368601331 ], [ 7.313654524018617, 46.861864497374413 ], [ 7.312867029033669, 46.856967319307131 ], [ 7.303079591363598, 46.853350941657439 ], [ 7.306904567004776, 46.851542752832593 ], [ 7.308817054825364, 46.84807705758498 ], [ 7.323666960255816, 46.841899079100095 ], [ 7.330641915836784, 46.836399171424532 ], [ 7.331091912971041, 46.831125287352066 ], [ 7.321529473868098, 46.828262321712735 ], [ 7.320854478166714, 46.826454132887889 ], [ 7.321191976017406, 46.816358411949174 ], [ 7.311292039063773, 46.809351680252909 ], [ 7.308029559840416, 46.799708006520405 ], [ 7.303304589930727, 46.794961510855188 ], [ 7.304429582766367, 46.790139673988939 ], [ 7.303079591363598, 46.787276708349609 ], [ 7.305554575602008, 46.784564425112336 ], [ 7.291829663007197, 46.773865974565346 ], [ 7.294304647245605, 46.772811197750855 ], [ 7.296667132200449, 46.766783901668042 ], [ 7.299254615722422, 46.766708560467009 ], [ 7.304092084915675, 46.761434676394543 ], [ 7.305329577034879, 46.748928037022708 ], [ 7.297792125036089, 46.736948786058122 ], [ 7.297792125036089, 46.728661253944253 ], [ 7.300942104975882, 46.723839417078004 ], [ 7.3087045555418, 46.718716215407611 ], [ 7.329854420851836, 46.717661438593119 ], [ 7.350329290460488, 46.713593013737217 ], [ 7.351229284729, 46.70982595368546 ], [ 7.34672931338644, 46.700332962355034 ], [ 7.360791723831943, 46.699353526741575 ], [ 7.363266708070351, 46.700408303556067 ], [ 7.369566667949936, 46.694079642669109 ], [ 7.377554117082982, 46.693702936663939 ], [ 7.380704097022774, 46.691668724235988 ], [ 7.376991620665162, 46.688881099797683 ], [ 7.378116613500803, 46.684586651338684 ], [ 7.373841640725369, 46.681346979694169 ], [ 7.377441617799418, 46.676299119224815 ], [ 7.372154151471909, 46.670949893951317 ], [ 7.373391643591114, 46.668764999121301 ], [ 7.370354162934884, 46.657915866172239 ], [ 7.378454111351495, 46.657614501368094 ], [ 7.363041709503223, 46.648950263249056 ], [ 7.358091741026406, 46.640587389934147 ], [ 7.356516751056509, 46.646690027218 ], [ 7.351904280430385, 46.649100945651121 ], [ 7.351454283296128, 46.65301868810495 ], [ 7.346166816968619, 46.656635065754635 ], [ 7.322541967420175, 46.656183018548425 ], [ 7.330304417986092, 46.642696943563131 ], [ 7.323554460972251, 46.638553177506203 ], [ 7.314217020436438, 46.637875106696882 ], [ 7.313092027600797, 46.624765737716764 ], [ 7.318941990346126, 46.618587759231886 ], [ 7.316354506824154, 46.604122248633132 ], [ 7.32017948246533, 46.593649821689247 ], [ 7.313879522585745, 46.590485491245765 ], [ 7.308367057691108, 46.582499323936041 ], [ 7.300267109274499, 46.580691135111195 ], [ 7.282267223904254, 46.585286948374339 ], [ 7.2689923084437, 46.574889862631487 ], [ 7.260667361459962, 46.564643459290707 ], [ 7.248067441700791, 46.557561386393402 ] ], [ [ 7.124768226914623, 46.902624087134434 ], [ 7.128930700406491, 46.906165123583087 ], [ 7.139280634494382, 46.909706160031739 ], [ 7.136468152405281, 46.913322537681424 ], [ 7.136918149539537, 46.918370398150785 ], [ 7.135793156703897, 46.920705975382873 ], [ 7.126343216884519, 46.920329269377696 ], [ 7.1157682842295, 46.917164938934221 ], [ 7.114193294259604, 46.911966396062795 ], [ 7.119368261303549, 46.907295241598618 ], [ 7.119480760587114, 46.903754205149959 ], [ 7.124768226914623, 46.902624087134434 ] ] ], [ [ [ 7.217467636571377, 46.928993507496742 ], [ 7.216455143019301, 46.932082496739184 ], [ 7.218480130123454, 46.93434273277024 ], [ 7.230067556330548, 46.93818513402303 ], [ 7.230742552031932, 46.940972758461328 ], [ 7.235580021225185, 46.939390593239594 ], [ 7.235242523374493, 46.933061932352636 ], [ 7.235130024090929, 46.930726355120548 ], [ 7.231642546300444, 46.930801696321581 ], [ 7.219605122959094, 46.925753835852227 ], [ 7.217467636571377, 46.928993507496742 ] ] ], [ [ [ 6.81820767920266, 46.734613208826026 ], [ 6.812132717890202, 46.729188642351495 ], [ 6.807070250129821, 46.728284547939076 ], [ 6.794020333236395, 46.72692840632044 ], [ 6.78884536619245, 46.730620125171164 ], [ 6.79447033037065, 46.737099468460187 ], [ 6.799082800996776, 46.735441962037413 ], [ 6.804707765174977, 46.738003562872613 ], [ 6.806957750846258, 46.73672276245501 ], [ 6.816632689232764, 46.739359704491243 ], [ 6.815957693531379, 46.741845964125403 ], [ 6.830020103976882, 46.754352603497239 ], [ 6.830020103976882, 46.757215569136577 ], [ 6.838007553109928, 46.762564794410075 ], [ 6.845207507258025, 46.766407195662865 ], [ 6.849482480033458, 46.772208468142573 ], [ 6.855332442778788, 46.773187903756032 ], [ 6.863882388329653, 46.764523665636986 ], [ 6.873332328149031, 46.758948416760383 ], [ 6.878394795909412, 46.756688180729327 ], [ 6.882894767251973, 46.751112931852731 ], [ 6.867482365403702, 46.734161161619816 ], [ 6.866469871851626, 46.730544783970132 ], [ 6.868719857522906, 46.72949000715564 ], [ 6.863094893344705, 46.725722947103883 ], [ 6.846894996511486, 46.72903795994943 ], [ 6.839695042363388, 46.733784455614639 ], [ 6.82912010970837, 46.736798103656049 ], [ 6.81820767920266, 46.734613208826026 ] ] ] ] } },
{ "type": "Feature", "properties": { "kt_id": 11 }, "geometry": { "type": "MultiPolygon", "coordinates": [ [ [ [ 7.573190371200818, 47.330336085411034 ], [ 7.563065435680056, 47.342541359978732 ], [ 7.557777969352546, 47.343520795592191 ], [ 7.553165498726422, 47.346685126035666 ], [ 7.540340580400123, 47.348870020865682 ], [ 7.53775309687815, 47.351582304102948 ], [ 7.542253068220711, 47.357082211778518 ], [ 7.540565578967252, 47.36152734263959 ], [ 7.535165613356178, 47.361225977835453 ], [ 7.53325312553559, 47.363938261072718 ], [ 7.5229031914477, 47.366499861907911 ], [ 7.525265676402544, 47.372903863995901 ], [ 7.519865710791471, 47.373506593604183 ], [ 7.495340866974514, 47.372075110784515 ], [ 7.488590909960672, 47.371020333970023 ], [ 7.480153463693371, 47.372602499191757 ], [ 7.469691030321917, 47.371623063578305 ], [ 7.459453595517591, 47.372527157990724 ], [ 7.454616126324337, 47.37478739402178 ], [ 7.441678708714475, 47.381417419712875 ], [ 7.437066238088351, 47.379533889686996 ], [ 7.438303730207554, 47.382246172924262 ], [ 7.439991219461015, 47.387369374594648 ], [ 7.444491190803576, 47.390458363837091 ], [ 7.442466203699423, 47.399273284358209 ], [ 7.444041193669319, 47.403492391616176 ], [ 7.449666157847521, 47.401006131982015 ], [ 7.450903649966725, 47.404848533234805 ], [ 7.455403621309286, 47.405601945245159 ], [ 7.460916086203923, 47.402437614801684 ], [ 7.46530355826292, 47.403869097621353 ], [ 7.472391013127453, 47.40175954399237 ], [ 7.478465974439911, 47.402663638404789 ], [ 7.479815965842679, 47.391362458249517 ], [ 7.485215931453752, 47.390533705038131 ], [ 7.49185338918403, 47.387068009790511 ], [ 7.493315879870361, 47.386615962584301 ], [ 7.502878318973304, 47.386088574177052 ], [ 7.511765762374861, 47.390910411043301 ], [ 7.518290720821575, 47.390006316630881 ], [ 7.529878147028669, 47.402362273600644 ], [ 7.53212813269995, 47.406204674853441 ], [ 7.527290663506697, 47.413286747750746 ], [ 7.544390554608428, 47.415471642580769 ], [ 7.567565407022617, 47.414868912972487 ], [ 7.58162781746812, 47.416149713390084 ], [ 7.579490331080404, 47.418937337828382 ], [ 7.57240287621587, 47.42082086785426 ], [ 7.569365395559641, 47.423683833493598 ], [ 7.570040391261026, 47.438300026494417 ], [ 7.576677848991302, 47.43799866169028 ], [ 7.579377831796839, 47.436190472865434 ], [ 7.580390325348915, 47.43159465960229 ], [ 7.583540305288708, 47.430087835581588 ], [ 7.593327742958778, 47.433930236834378 ], [ 7.603227679912412, 47.432724777617814 ], [ 7.609865137642689, 47.434005578035418 ], [ 7.616840093223659, 47.43408091923645 ], [ 7.617177591074351, 47.438978097303739 ], [ 7.617290090357915, 47.446662899809319 ], [ 7.623365051670373, 47.457738056361492 ], [ 7.623252552386808, 47.462559893227741 ], [ 7.627077528027985, 47.464292740851548 ], [ 7.620327571014144, 47.468737871712626 ], [ 7.605702664150821, 47.471751519754029 ], [ 7.608852644090613, 47.476271991816141 ], [ 7.606602658419333, 47.480792463878252 ], [ 7.609865137642689, 47.48493622993518 ], [ 7.608515146239921, 47.489607384399363 ], [ 7.608290147672793, 47.490812843615927 ], [ 7.616502595372967, 47.49043613761075 ], [ 7.628427519430753, 47.486217030352783 ], [ 7.641927433458436, 47.48403213552276 ], [ 7.645527410532485, 47.486744418760026 ], [ 7.650364879725737, 47.486518395156921 ], [ 7.656439841038195, 47.488552607584872 ], [ 7.656327341754631, 47.491490914425242 ], [ 7.650027381875046, 47.493299103250088 ], [ 7.651602371844942, 47.496011386487353 ], [ 7.65407735608335, 47.497442869307022 ], [ 7.65992731882868, 47.496764798497701 ], [ 7.667014773693213, 47.498196281317369 ], [ 7.666789775126086, 47.492319667636629 ], [ 7.669264759364493, 47.487648513172445 ], [ 7.67083974933439, 47.486819759961065 ], [ 7.699977063777472, 47.482223946697914 ], [ 7.711001993566747, 47.47077208414057 ], [ 7.707514515776261, 47.469867989728151 ], [ 7.700989557329548, 47.463313305238088 ], [ 7.699527066643216, 47.456984644351138 ], [ 7.692102113927991, 47.45419701991284 ], [ 7.685914653331969, 47.449224500644519 ], [ 7.68400216551138, 47.440560262525473 ], [ 7.687377144018301, 47.435211037251975 ], [ 7.685689654764841, 47.430087835581588 ], [ 7.680852185571588, 47.419238702632526 ], [ 7.674777224259131, 47.416451078194221 ], [ 7.663977293036985, 47.411327876523835 ], [ 7.633714985758262, 47.4114785589259 ], [ 7.637989958533695, 47.38797210420293 ], [ 7.634052483608954, 47.3851091385636 ], [ 7.636864965698055, 47.38209549052219 ], [ 7.642714928443384, 47.381944808120117 ], [ 7.642039932742, 47.379684572089062 ], [ 7.645189912681793, 47.368609415536895 ], [ 7.688614636137506, 47.372602499191757 ], [ 7.70132705518024, 47.373732617207288 ], [ 7.726864392549274, 47.370492945562773 ], [ 7.729901873205502, 47.368308050732757 ], [ 7.736651830219343, 47.357760282587833 ], [ 7.75251422920187, 47.345705690422207 ], [ 7.767814131766578, 47.343972842798401 ], [ 7.77040161528855, 47.340205782746644 ], [ 7.78300153504772, 47.340959194756991 ], [ 7.788738998509486, 47.339678394339394 ], [ 7.794476461971251, 47.340959194756991 ], [ 7.7980764390453, 47.356253458567132 ], [ 7.803026407522117, 47.362280754649944 ], [ 7.80730138029755, 47.363787578670646 ], [ 7.823051279996513, 47.364691673083065 ], [ 7.831713724830943, 47.366650544309984 ], [ 7.834638706203608, 47.36883543914 ], [ 7.840601168232501, 47.375540806032134 ], [ 7.862651027811049, 47.383074926135649 ], [ 7.869738482675583, 47.382848902532544 ], [ 7.87693843682368, 47.385711868171875 ], [ 7.879863418196345, 47.384958456161527 ], [ 7.880425914614165, 47.389403587022599 ], [ 7.873113461182504, 47.392643258667114 ], [ 7.870525977660531, 47.396937707126114 ], [ 7.880763412464857, 47.403040344409966 ], [ 7.884138390971778, 47.402512956002717 ], [ 7.884363389538906, 47.407334792868966 ], [ 7.88953835658285, 47.408615593286569 ], [ 7.901575779924201, 47.402362273600644 ], [ 7.904950758431122, 47.403492391616176 ], [ 7.910688221892887, 47.399800672765451 ], [ 7.921713151682162, 47.403643074018248 ], [ 7.925200629472646, 47.403567732817208 ], [ 7.937800549231817, 47.409369005296917 ], [ 7.936225559261921, 47.413136065348674 ], [ 7.941625524872993, 47.415471642580769 ], [ 7.949837972573167, 47.417656537410785 ], [ 7.956025433169188, 47.417129149003536 ], [ 7.957825421706213, 47.420293479447018 ], [ 7.962887889466593, 47.423231786287388 ], [ 7.951525461826627, 47.432800118818854 ], [ 7.952762953945832, 47.43453296644266 ], [ 7.947812985469015, 47.444628687381375 ], [ 7.948600480453963, 47.44688892341243 ], [ 7.958950414541853, 47.452840878294204 ], [ 7.957825421706213, 47.456683279547001 ], [ 7.968512853644794, 47.463840693645338 ], [ 7.975712807792892, 47.460450339598758 ], [ 7.97762529561348, 47.455402479129397 ], [ 7.976162804927148, 47.453443607902486 ], [ 7.982912761940989, 47.447717676623817 ], [ 7.988312727552063, 47.430012494380549 ], [ 7.98628774044791, 47.424211221900848 ], [ 7.984262753343758, 47.429711129576411 ], [ 7.964125381585798, 47.423683833493598 ], [ 7.975150311375073, 47.420519503050123 ], [ 7.983025261224554, 47.415094936575592 ], [ 7.990675212506908, 47.415471642580769 ], [ 7.992700199611059, 47.412684018142464 ], [ 8.003162632982514, 47.410649805714513 ], [ 8.008225100742894, 47.408012863678287 ], [ 8.011487579966252, 47.396485659919904 ], [ 8.020600021934937, 47.39528020070334 ], [ 8.022175011904833, 47.396937707126114 ], [ 8.027687476799471, 47.397013048327153 ], [ 8.028474971784419, 47.394526788692993 ], [ 8.032187448142032, 47.384958456161527 ], [ 8.028587471067983, 47.372451816789692 ], [ 8.026224986113139, 47.369136803944144 ], [ 8.024199999008985, 47.366198497103774 ], [ 8.020262524084245, 47.36491769668617 ], [ 8.01171257853338, 47.358212329794043 ], [ 8.013962564204661, 47.355500046556777 ], [ 8.012950070652584, 47.351205598097778 ], [ 8.005075120803102, 47.346534443633594 ], [ 8.008112601459331, 47.340431806349748 ], [ 8.002037640146874, 47.336137357890742 ], [ 7.992925198178188, 47.333952463060726 ], [ 7.988425226835627, 47.330034720606896 ], [ 7.979875281284761, 47.327623802173768 ], [ 7.976950299912096, 47.324911518936503 ], [ 7.964800377287182, 47.322500600503382 ], [ 7.949500474722475, 47.318733540451618 ], [ 7.948937978304655, 47.334027804261758 ], [ 7.943875510544274, 47.334178486663831 ], [ 7.94376301126071, 47.334178486663831 ], [ 7.93228808433718, 47.334479851467968 ], [ 7.919238167443753, 47.336740087499024 ], [ 7.916875682488908, 47.337945546715588 ], [ 7.909000732639427, 47.34103453595803 ], [ 7.897863303566588, 47.328904602591365 ], [ 7.899213294969357, 47.321219800085778 ], [ 7.893025834373335, 47.317226716430916 ], [ 7.889425857299287, 47.312329538363635 ], [ 7.881775906016934, 47.312932267971917 ], [ 7.874800950435963, 47.313082950373982 ], [ 7.861976032109665, 47.307206336693241 ], [ 7.852526092290287, 47.291309343274825 ], [ 7.850613604469698, 47.289802519254117 ], [ 7.842851153903781, 47.275864397062612 ], [ 7.834301208352915, 47.269309712572557 ], [ 7.829351239876098, 47.267878229752888 ], [ 7.826088760652742, 47.266898794139429 ], [ 7.815288829430596, 47.262905710484567 ], [ 7.807976375998934, 47.264713899309413 ], [ 7.806288886745474, 47.269309712572557 ], [ 7.803363905372809, 47.269686418577734 ], [ 7.787164008539589, 47.257481144010036 ], [ 7.777489070153084, 47.262755028082495 ], [ 7.775914080183187, 47.268405618160131 ], [ 7.765789144662426, 47.268028912154961 ], [ 7.757914194812944, 47.259440015236947 ], [ 7.751276737082667, 47.260193427247302 ], [ 7.744976777203081, 47.2586866032266 ], [ 7.739239313741316, 47.261323545262826 ], [ 7.733389350995987, 47.261022180458689 ], [ 7.725739399713634, 47.267727547350816 ], [ 7.725964398280762, 47.270816536593259 ], [ 7.717189454162767, 47.277371221083321 ], [ 7.713026980670898, 47.275563032258475 ], [ 7.702114550165188, 47.287692965625133 ], [ 7.689964627540274, 47.291686049279996 ], [ 7.685914653331969, 47.295302426929688 ], [ 7.67781470491536, 47.290405248862399 ], [ 7.661839806649268, 47.288145012831343 ], [ 7.652164868262762, 47.284227270377521 ], [ 7.650589878292866, 47.283775223171304 ], [ 7.613915111850995, 47.282419081552675 ], [ 7.608065149105665, 47.281590328341288 ], [ 7.5810653210503, 47.277672585887458 ], [ 7.585340293825732, 47.273453478629492 ], [ 7.59591522648075, 47.265165946515623 ], [ 7.598052712868467, 47.252131918736538 ], [ 7.598165212152031, 47.246405987457869 ], [ 7.605590164867257, 47.243769045421637 ], [ 7.607052655553589, 47.240755397380234 ], [ 7.610090136209818, 47.240830738581266 ], [ 7.618190084626427, 47.235330830905696 ], [ 7.621677562416912, 47.230358311637382 ], [ 7.627415025878677, 47.228324099209431 ], [ 7.641814934174872, 47.230056946833237 ], [ 7.644064919846152, 47.227043298791834 ], [ 7.641252437757052, 47.223276238740077 ], [ 7.649239886890098, 47.220337931899699 ], [ 7.646989901218817, 47.21649553064691 ], [ 7.649689884024354, 47.212351764589975 ], [ 7.650477379009302, 47.211372328976516 ], [ 7.651939869695634, 47.207906633728904 ], [ 7.648452391905149, 47.203084796862647 ], [ 7.663189798052036, 47.2023313848523 ], [ 7.664202291604113, 47.199769784017107 ], [ 7.670052254349442, 47.195776700362238 ], [ 7.67252723858785, 47.196153406367415 ], [ 7.675564719244079, 47.192235663913586 ], [ 7.672077241453595, 47.185982344227668 ], [ 7.678602199900308, 47.183948131799717 ], [ 7.677589706348232, 47.179126294933468 ], [ 7.674439726408439, 47.173551046056872 ], [ 7.673652231423491, 47.169783986005108 ], [ 7.66105231166432, 47.169407279999938 ], [ 7.653852357516223, 47.163832031123334 ], [ 7.65182737041207, 47.158332123447764 ], [ 7.653739858232658, 47.152907556973233 ], [ 7.652052368979199, 47.151250050550459 ], [ 7.645864908383177, 47.150421297339072 ], [ 7.641139938473488, 47.155017110602216 ], [ 7.636864965698055, 47.153962333787725 ], [ 7.62302755381968, 47.154489722194974 ], [ 7.620327571014144, 47.155845863813603 ], [ 7.614815106119506, 47.155845863813603 ], [ 7.605815163434385, 47.154113016189797 ], [ 7.591077757287498, 47.152982898174272 ], [ 7.587140282362757, 47.148914473318371 ], [ 7.582415312453068, 47.160743041880892 ], [ 7.575890354006354, 47.165790902350246 ], [ 7.570152890544589, 47.163907372324367 ], [ 7.564640425649952, 47.169105915195793 ], [ 7.559915455740263, 47.169407279999938 ], [ 7.546640540279709, 47.161948501097456 ], [ 7.539890583265867, 47.164510101932649 ], [ 7.534828115505486, 47.165338855144036 ], [ 7.523915684999776, 47.162174524700561 ], [ 7.522790692164135, 47.159914288669505 ], [ 7.525378175686108, 47.155243134205321 ], [ 7.530553142730053, 47.152154144962886 ], [ 7.530665642013617, 47.150119932534935 ], [ 7.525490674969673, 47.148161061308016 ], [ 7.523803185716212, 47.143791271647977 ], [ 7.51592823586673, 47.13663385754964 ], [ 7.514015748046142, 47.130606561466827 ], [ 7.50557830177884, 47.124127218177804 ], [ 7.499165842615691, 47.122545052956063 ], [ 7.493090881303234, 47.118401286899129 ], [ 7.475878490917938, 47.113504108831847 ], [ 7.462041079039563, 47.109586366378018 ], [ 7.468116040352021, 47.096703021001005 ], [ 7.474416000231606, 47.090826407320264 ], [ 7.475990990201502, 47.087888100479894 ], [ 7.468903535336969, 47.080806027582589 ], [ 7.465528556830048, 47.082086828000186 ], [ 7.463503569725896, 47.085929229252976 ], [ 7.461253584054615, 47.08073068638155 ], [ 7.45495362417503, 47.07734033233497 ], [ 7.444153692952884, 47.075833508314268 ], [ 7.441341210863783, 47.075833508314268 ], [ 7.436053744536274, 47.082764898809501 ], [ 7.433803758864993, 47.089470265701628 ], [ 7.438303730207554, 47.095723585387546 ], [ 7.43481625241707, 47.101826222671399 ], [ 7.424691316896308, 47.098963257032061 ], [ 7.420866341255131, 47.100771445856907 ], [ 7.415691374211185, 47.098285186222746 ], [ 7.413103890689213, 47.09692904460411 ], [ 7.39150402824492, 47.093614031758563 ], [ 7.389929038275024, 47.0964769973979 ], [ 7.382954082694055, 47.097079727006182 ], [ 7.380029101321391, 47.107552153950067 ], [ 7.370579161502013, 47.117346510084637 ], [ 7.372829147173293, 47.118777992904306 ], [ 7.372379150039037, 47.1239011945747 ], [ 7.37552912997883, 47.12337380616745 ], [ 7.380141600604954, 47.125483359796434 ], [ 7.38419157481326, 47.124654606585047 ], [ 7.387679052603744, 47.12729154862128 ], [ 7.390941531827101, 47.121038228935362 ], [ 7.395891500303918, 47.122997100162273 ], [ 7.404441445854784, 47.119230040110516 ], [ 7.4065789322425, 47.119682087316733 ], [ 7.428516292537484, 47.124729947786086 ], [ 7.430428780358072, 47.125784724600578 ], [ 7.441116212296655, 47.125106653791264 ], [ 7.434141256715685, 47.127969619430594 ], [ 7.436728740237658, 47.130154514260617 ], [ 7.436278743103403, 47.132113385487528 ], [ 7.431216275343021, 47.130832585069932 ], [ 7.431328774626585, 47.132490091492706 ], [ 7.427166301134716, 47.133092821100988 ], [ 7.423341325493539, 47.137010563554817 ], [ 7.427616298268973, 47.142435130029348 ], [ 7.43987872017745, 47.145298095668686 ], [ 7.442128705848731, 47.14733230809663 ], [ 7.440891213729527, 47.151777438957708 ], [ 7.448878662862572, 47.156373252220853 ], [ 7.455628619876414, 47.157654052638449 ], [ 7.468566037486276, 47.152681533370128 ], [ 7.480828459394755, 47.15667461702499 ], [ 7.4831909443496, 47.159462241463295 ], [ 7.493315879870361, 47.164510101932649 ], [ 7.491515891333338, 47.167071702767842 ], [ 7.497590852645795, 47.171215468824776 ], [ 7.496578359093719, 47.17294831644859 ], [ 7.480490961544064, 47.175133211278606 ], [ 7.47340350667953, 47.183420743392475 ], [ 7.47509099593299, 47.184776885011104 ], [ 7.47340350667953, 47.186735756238022 ], [ 7.477453480887835, 47.18952338067632 ], [ 7.476665985902886, 47.19208498151152 ], [ 7.457878605547695, 47.189900086681497 ], [ 7.450116154981777, 47.191030204697029 ], [ 7.450678651399597, 47.186509732634917 ], [ 7.449441159280393, 47.182968696186265 ], [ 7.442803701550115, 47.180557777753137 ], [ 7.438078731640426, 47.186434391433878 ], [ 7.433353761730737, 47.185756320624563 ], [ 7.431891271044405, 47.182516648980055 ], [ 7.431778771760841, 47.176564694098275 ], [ 7.419628849135926, 47.172646951644445 ], [ 7.416816367046826, 47.166845679164737 ], [ 7.411191402868625, 47.16353066631919 ], [ 7.401178966631427, 47.164133395927472 ], [ 7.39397901248333, 47.161722477494351 ], [ 7.387791551887308, 47.160969065483997 ], [ 7.383516579111875, 47.162777254308843 ], [ 7.383404079828312, 47.1665443143606 ], [ 7.392516521796997, 47.167900455979229 ], [ 7.381041594873467, 47.18568097942353 ], [ 7.375641629262393, 47.19005076908357 ], [ 7.368666673681425, 47.192311005114625 ], [ 7.366641686577272, 47.195550676759133 ], [ 7.355391758220869, 47.193215099527045 ], [ 7.34785430622208, 47.207981974929936 ], [ 7.345716819834363, 47.208660045739251 ], [ 7.341329347775367, 47.218906449080038 ], [ 7.356066753922254, 47.222296803126618 ], [ 7.363491706637479, 47.221166685111086 ], [ 7.375416630695265, 47.228173416807358 ], [ 7.398928980960147, 47.234803442498453 ], [ 7.412653893554957, 47.241960856596791 ], [ 7.41636636991257, 47.241734832993686 ], [ 7.421878834807207, 47.244221092627846 ], [ 7.417266364181082, 47.253488060355174 ], [ 7.419853847703054, 47.255823637587262 ], [ 7.435828745969146, 47.261097521659721 ], [ 7.441228711580219, 47.264035828500099 ], [ 7.446628677191292, 47.264487875706308 ], [ 7.466878548232817, 47.266145382129082 ], [ 7.473066008828837, 47.271117901397403 ], [ 7.479028470857731, 47.279857480717482 ], [ 7.486228425005828, 47.285508070795117 ], [ 7.496015862675899, 47.288069671630311 ], [ 7.495678364825206, 47.289501154449979 ], [ 7.515590738016038, 47.293946285311051 ], [ 7.533478124102718, 47.29582981533693 ], [ 7.539103088280919, 47.298617439775235 ], [ 7.540340580400123, 47.303439276641484 ], [ 7.547653033831785, 47.307432360296346 ], [ 7.54889052595099, 47.314891139198828 ], [ 7.559352959322443, 47.323706059719939 ], [ 7.563065435680056, 47.323027988910624 ], [ 7.569252896276077, 47.325589589745817 ], [ 7.573190371200818, 47.330336085411034 ] ] ], [ [ [ 7.382166587709107, 47.433478189628168 ], [ 7.386891557618796, 47.433176824824031 ], [ 7.393529015349073, 47.436115131664401 ], [ 7.403991448720527, 47.436868543674748 ], [ 7.4037664501534, 47.439279462107876 ], [ 7.407591425794577, 47.441615039339965 ], [ 7.414903879226237, 47.443423228164811 ], [ 7.421541336956516, 47.447190288216568 ], [ 7.421878834807207, 47.44734097061864 ], [ 7.42615380758264, 47.44485471098448 ], [ 7.43875372734181, 47.44779301782485 ], [ 7.440216218028143, 47.445005393386552 ], [ 7.449778657131085, 47.438676732499594 ], [ 7.456416114861362, 47.429560447174339 ], [ 7.448203667161188, 47.415923689786979 ], [ 7.43875372734181, 47.414266183364205 ], [ 7.428741291104613, 47.415773007384907 ], [ 7.421541336956516, 47.412533335740392 ], [ 7.415016378509802, 47.412382653338327 ], [ 7.398028986691634, 47.413814136157995 ], [ 7.376879121381598, 47.415546983781802 ], [ 7.380591597739211, 47.428731693962952 ], [ 7.383741577679004, 47.431293294798152 ], [ 7.382166587709107, 47.433478189628168 ] ] ], [ [ [ 7.446178680057036, 47.463237964037056 ], [ 7.451241147817417, 47.468888554114692 ], [ 7.456303615577799, 47.471826860955062 ], [ 7.455853618443542, 47.474765167795439 ], [ 7.451466146384545, 47.476724039022351 ], [ 7.448766163579009, 47.475593921006826 ], [ 7.444716189370704, 47.479888369465826 ], [ 7.430316281074509, 47.483881453120688 ], [ 7.422216332657899, 47.4815458758886 ], [ 7.422891328359283, 47.485086912337252 ], [ 7.432903764596482, 47.497518210508055 ], [ 7.435716246685582, 47.499326399332901 ], [ 7.443141199400808, 47.495936045286314 ], [ 7.447978668594061, 47.494655244868717 ], [ 7.451803644235238, 47.491490914425242 ], [ 7.457991104831258, 47.490059431605573 ], [ 7.463053572591639, 47.490511478811783 ], [ 7.471603518142505, 47.482073264295849 ], [ 7.477003483753578, 47.481395193486527 ], [ 7.488478410677109, 47.483655429517583 ], [ 7.492303386318286, 47.485689641945534 ], [ 7.495003369123822, 47.489758066801436 ], [ 7.498490846914307, 47.490662161213855 ], [ 7.502990818256867, 47.491792279229379 ], [ 7.502878318973304, 47.494881268471822 ], [ 7.511990760941989, 47.498196281317369 ], [ 7.509740775270709, 47.503319482987763 ], [ 7.511540763807734, 47.503846871395005 ], [ 7.513228253061194, 47.50023049374532 ], [ 7.520203208642164, 47.498271622518409 ], [ 7.532803128401333, 47.498799010925651 ], [ 7.53381562195341, 47.492621032440766 ], [ 7.537303099743895, 47.491716938028347 ], [ 7.537640597594587, 47.486367712754848 ], [ 7.534153119804103, 47.479963710666865 ], [ 7.530103145595797, 47.479360981058583 ], [ 7.528528155625901, 47.474840508996472 ], [ 7.531678135565693, 47.462559893227741 ], [ 7.517953222970883, 47.462333869624636 ], [ 7.510640769539221, 47.460073633593581 ], [ 7.496015862675899, 47.460676363201863 ], [ 7.48544093002088, 47.458642150773912 ], [ 7.46361606900946, 47.452840878294204 ], [ 7.455741119159978, 47.450655983464188 ], [ 7.447753670026932, 47.459094197980122 ], [ 7.446178680057036, 47.463237964037056 ] ] ], [ [ [ 7.680514687720896, 47.164434760731616 ], [ 7.682764673392176, 47.1639827135254 ], [ 7.689064633271762, 47.167749773577164 ], [ 7.692777109629374, 47.167071702767842 ], [ 7.695589591718475, 47.163379983917125 ], [ 7.701664553030932, 47.16307861911298 ], [ 7.697052082404808, 47.159085535458118 ], [ 7.694689597449963, 47.159311559061223 ], [ 7.691314618943042, 47.154113016189797 ], [ 7.682202176974356, 47.155619840210498 ], [ 7.675902217094771, 47.154941769401184 ], [ 7.680514687720896, 47.164434760731616 ] ] ] ] } },
{ "type": "Feature", "properties": { "kt_id": 12 }, "geometry": { "type": "Polygon", "coordinates": [ [ [ 7.55564048296483, 47.565777338645908 ], [ 7.558340465770367, 47.566681433058328 ], [ 7.559802956456699, 47.570825199115262 ], [ 7.558452965053931, 47.573989529558744 ], [ 7.567227909171924, 47.578811366424993 ], [ 7.575777854722791, 47.577530566007397 ], [ 7.585790290959989, 47.57707851880118 ], [ 7.586240288094245, 47.58303047368296 ], [ 7.590065263735422, 47.591242664595796 ], [ 7.599627702838363, 47.588831746162668 ], [ 7.605927662717949, 47.586194804126436 ], [ 7.605477665583693, 47.579188072430171 ], [ 7.616502595372967, 47.579338754832236 ], [ 7.620102572447015, 47.578208636816711 ], [ 7.626290033043037, 47.581222284858114 ], [ 7.62887751656501, 47.582578426476751 ], [ 7.640464942772104, 47.591770053003039 ], [ 7.644177419129717, 47.592749488616498 ], [ 7.642939927010512, 47.595612454255836 ], [ 7.64676490265169, 47.598400078694134 ], [ 7.656552340321759, 47.59674257227136 ], [ 7.668252265812417, 47.593427559425812 ], [ 7.680739686288024, 47.59372892422995 ], [ 7.672752237154978, 47.588756404961636 ], [ 7.673089735005671, 47.58649616893058 ], [ 7.681752179840101, 47.584085250497452 ], [ 7.682089677690792, 47.582277061672606 ], [ 7.684789660496329, 47.575345671177374 ], [ 7.690527123958094, 47.572859411543213 ], [ 7.686927146884045, 47.566982797862472 ], [ 7.684339663362072, 47.56984576350181 ], [ 7.679277195601692, 47.570448493110092 ], [ 7.673314733572798, 47.565174609037626 ], [ 7.671177247185082, 47.56728416266661 ], [ 7.65992731882868, 47.565777338645908 ], [ 7.653739858232658, 47.563065055408643 ], [ 7.649127387606534, 47.561256866583797 ], [ 7.642377430592692, 47.562613008202433 ], [ 7.637202463548747, 47.565400632640731 ], [ 7.635177476444595, 47.562613008202433 ], [ 7.633602486474699, 47.562914373006571 ], [ 7.618640081760684, 47.56005140736724 ], [ 7.618865080327812, 47.555681617707201 ], [ 7.623815048804628, 47.551462510449227 ], [ 7.623477550953936, 47.543627025541575 ], [ 7.623365051670373, 47.541592813113624 ], [ 7.619315077462067, 47.542120201520866 ], [ 7.614590107552378, 47.540462695098093 ], [ 7.595802727197187, 47.52072330042688 ], [ 7.59085275872037, 47.521928759643444 ], [ 7.590515260869678, 47.528935491339716 ], [ 7.584665298124349, 47.532250504185264 ], [ 7.583540305288708, 47.533832669407005 ], [ 7.587365280929885, 47.543476343139503 ], [ 7.565990417052721, 47.547092720789188 ], [ 7.556877975084035, 47.545736579170558 ], [ 7.559577957889571, 47.552818652067863 ], [ 7.565540419918465, 47.558469242145499 ], [ 7.55564048296483, 47.565777338645908 ] ] ] } },
{ "type": "Feature", "properties": { "kt_id": 13 }, "geometry": { "type": "MultiPolygon", "coordinates": [ [ [ [ 7.421541336956516, 47.447190288216568 ], [ 7.424353819045615, 47.452238148685922 ], [ 7.429416286805997, 47.454875090722155 ], [ 7.428853790388176, 47.458416127170807 ], [ 7.430991276775893, 47.460676363201863 ], [ 7.434928751700633, 47.460601022000823 ], [ 7.446178680057036, 47.463237964037056 ], [ 7.447753670026932, 47.459094197980122 ], [ 7.455741119159978, 47.450655983464188 ], [ 7.46361606900946, 47.452840878294204 ], [ 7.48544093002088, 47.458642150773912 ], [ 7.496015862675899, 47.460676363201863 ], [ 7.510640769539221, 47.460073633593581 ], [ 7.517953222970883, 47.462333869624636 ], [ 7.531678135565693, 47.462559893227741 ], [ 7.528528155625901, 47.474840508996472 ], [ 7.530103145595797, 47.479360981058583 ], [ 7.534153119804103, 47.479963710666865 ], [ 7.537640597594587, 47.486367712754848 ], [ 7.537303099743895, 47.491716938028347 ], [ 7.53381562195341, 47.492621032440766 ], [ 7.532803128401333, 47.498799010925651 ], [ 7.520203208642164, 47.498271622518409 ], [ 7.513228253061194, 47.50023049374532 ], [ 7.511540763807734, 47.503846871395005 ], [ 7.510190772404965, 47.51100428549335 ], [ 7.504340809659636, 47.515374075153389 ], [ 7.500178336167767, 47.51740828758134 ], [ 7.499053343332127, 47.522531489251726 ], [ 7.500853331869151, 47.521702736040339 ], [ 7.5044533089432, 47.515976804761671 ], [ 7.517728224403754, 47.518463064395831 ], [ 7.519753211507907, 47.516428851967881 ], [ 7.524928178551852, 47.516730216772018 ], [ 7.524815679268288, 47.520045229617565 ], [ 7.528978152760157, 47.523435583664153 ], [ 7.532353131267078, 47.528558785334539 ], [ 7.528753154193029, 47.533681987004933 ], [ 7.525378175686108, 47.533380622200788 ], [ 7.520203208642164, 47.535942223035988 ], [ 7.517165727985935, 47.53398335180907 ], [ 7.510753268822786, 47.529914926953175 ], [ 7.503440815391124, 47.529839585752136 ], [ 7.502653320406176, 47.533606645803893 ], [ 7.499165842615691, 47.537976435463932 ], [ 7.500178336167767, 47.541216107108447 ], [ 7.505915799629532, 47.544606461155027 ], [ 7.520203208642164, 47.547544767995397 ], [ 7.526503168521748, 47.552366604861653 ], [ 7.532578129834206, 47.555832300109266 ], [ 7.537528098311022, 47.556811735722725 ], [ 7.548328029533169, 47.56298971420761 ], [ 7.552715501592166, 47.564797903032449 ], [ 7.55564048296483, 47.565777338645908 ], [ 7.565540419918465, 47.558469242145499 ], [ 7.559577957889571, 47.552818652067863 ], [ 7.556877975084035, 47.545736579170558 ], [ 7.565990417052721, 47.547092720789188 ], [ 7.587365280929885, 47.543476343139503 ], [ 7.583540305288708, 47.533832669407005 ], [ 7.584665298124349, 47.532250504185264 ], [ 7.590515260869678, 47.528935491339716 ], [ 7.59085275872037, 47.521928759643444 ], [ 7.595802727197187, 47.52072330042688 ], [ 7.614590107552378, 47.540462695098093 ], [ 7.619315077462067, 47.542120201520866 ], [ 7.623365051670373, 47.541592813113624 ], [ 7.623477550953936, 47.543627025541575 ], [ 7.623815048804628, 47.551462510449227 ], [ 7.618865080327812, 47.555681617707201 ], [ 7.618640081760684, 47.56005140736724 ], [ 7.633602486474699, 47.562914373006571 ], [ 7.635177476444595, 47.562613008202433 ], [ 7.6392274506529, 47.560880160578627 ], [ 7.646652403368125, 47.553496722877178 ], [ 7.649577384740789, 47.549955686428525 ], [ 7.654864851068298, 47.547770791598509 ], [ 7.662402303067088, 47.546263967577801 ], [ 7.667014773693213, 47.538654506273254 ], [ 7.676127215661899, 47.534962787422529 ], [ 7.68760214258543, 47.533908010608037 ], [ 7.697952076673319, 47.534284716613215 ], [ 7.698402073807576, 47.53443539901528 ], [ 7.704702033687161, 47.537298364654617 ], [ 7.714826969207923, 47.540764059902237 ], [ 7.714826969207923, 47.54083940110327 ], [ 7.717076954879204, 47.537223023453585 ], [ 7.721914424072456, 47.536695635046335 ], [ 7.724501907594429, 47.538127117866004 ], [ 7.726976891832837, 47.534887446221497 ], [ 7.734064346697371, 47.534134034211142 ], [ 7.734964340965883, 47.532627210190441 ], [ 7.738789316607059, 47.528860150138684 ], [ 7.750039244963462, 47.526373890504523 ], [ 7.750489242097718, 47.526599914107628 ], [ 7.758701689797892, 47.527504008520047 ], [ 7.772764100243394, 47.524716384081749 ], [ 7.790876484897202, 47.52034659442171 ], [ 7.791213982747895, 47.51740828758134 ], [ 7.788738998509486, 47.515223392751317 ], [ 7.790876484897202, 47.506483813431238 ], [ 7.793351469135611, 47.505127671812609 ], [ 7.792676473434227, 47.503319482987763 ], [ 7.792901472001355, 47.500004470142215 ], [ 7.788963997076614, 47.494579903667685 ], [ 7.795038958389071, 47.497518210508055 ], [ 7.799538929731632, 47.496990822100805 ], [ 7.799088932597376, 47.500833223353602 ], [ 7.803363905372809, 47.498346963719442 ], [ 7.80842637313319, 47.498572987322547 ], [ 7.815851325848415, 47.505805742621924 ], [ 7.829801237010354, 47.515524757555454 ], [ 7.833063716233712, 47.516202828364776 ], [ 7.834526206920043, 47.531421750973877 ], [ 7.836438694740632, 47.533229939798723 ], [ 7.83441370763648, 47.535264152226667 ], [ 7.847013627395651, 47.53405869301011 ], [ 7.853538585842363, 47.536620293845303 ], [ 7.858713552886308, 47.534209375412175 ], [ 7.864451016348074, 47.524942407684854 ], [ 7.865238511333022, 47.521326030035162 ], [ 7.870638476944094, 47.521024665231025 ], [ 7.8746884511524, 47.5241889956745 ], [ 7.877725931808628, 47.524113654473467 ], [ 7.876825937540116, 47.514846686746139 ], [ 7.879413421062089, 47.514846686746139 ], [ 7.885263383807418, 47.509874167477818 ], [ 7.895163320761052, 47.50708654303952 ], [ 7.896400812880256, 47.5036208477919 ], [ 7.899213294969357, 47.502566070977409 ], [ 7.90067578565569, 47.497593551709087 ], [ 7.90573825341607, 47.493525126853193 ], [ 7.905850752699634, 47.486292371553816 ], [ 7.934763068575588, 47.483278723512413 ], [ 7.946912991200502, 47.486895101162098 ], [ 7.941175527738737, 47.463463987640161 ], [ 7.950512968274551, 47.464292740851548 ], [ 7.959175413108981, 47.460676363201863 ], [ 7.957825421706213, 47.456683279547001 ], [ 7.958950414541853, 47.452840878294204 ], [ 7.948600480453963, 47.44688892341243 ], [ 7.947812985469015, 47.444628687381375 ], [ 7.952762953945832, 47.43453296644266 ], [ 7.951525461826627, 47.432800118818854 ], [ 7.962887889466593, 47.423231786287388 ], [ 7.957825421706213, 47.420293479447018 ], [ 7.956025433169188, 47.417129149003536 ], [ 7.949837972573167, 47.417656537410785 ], [ 7.941625524872993, 47.415471642580769 ], [ 7.936225559261921, 47.413136065348674 ], [ 7.937800549231817, 47.409369005296917 ], [ 7.925200629472646, 47.403567732817208 ], [ 7.921713151682162, 47.403643074018248 ], [ 7.910688221892887, 47.399800672765451 ], [ 7.904950758431122, 47.403492391616176 ], [ 7.901575779924201, 47.402362273600644 ], [ 7.88953835658285, 47.408615593286569 ], [ 7.884363389538906, 47.407334792868966 ], [ 7.884138390971778, 47.402512956002717 ], [ 7.880763412464857, 47.403040344409966 ], [ 7.870525977660531, 47.396937707126114 ], [ 7.873113461182504, 47.392643258667114 ], [ 7.880425914614165, 47.389403587022599 ], [ 7.879863418196345, 47.384958456161527 ], [ 7.87693843682368, 47.385711868171875 ], [ 7.869738482675583, 47.382848902532544 ], [ 7.862651027811049, 47.383074926135649 ], [ 7.840601168232501, 47.375540806032134 ], [ 7.834638706203608, 47.36883543914 ], [ 7.831713724830943, 47.366650544309984 ], [ 7.823051279996513, 47.364691673083065 ], [ 7.80730138029755, 47.363787578670646 ], [ 7.803026407522117, 47.362280754649944 ], [ 7.7980764390453, 47.356253458567132 ], [ 7.794476461971251, 47.340959194756991 ], [ 7.788738998509486, 47.339678394339394 ], [ 7.78300153504772, 47.340959194756991 ], [ 7.77040161528855, 47.340205782746644 ], [ 7.767814131766578, 47.343972842798401 ], [ 7.75251422920187, 47.345705690422207 ], [ 7.736651830219343, 47.357760282587833 ], [ 7.729901873205502, 47.368308050732757 ], [ 7.726864392549274, 47.370492945562773 ], [ 7.70132705518024, 47.373732617207288 ], [ 7.688614636137506, 47.372602499191757 ], [ 7.645189912681793, 47.368609415536895 ], [ 7.642039932742, 47.379684572089062 ], [ 7.642714928443384, 47.381944808120117 ], [ 7.636864965698055, 47.38209549052219 ], [ 7.634052483608954, 47.3851091385636 ], [ 7.637989958533695, 47.38797210420293 ], [ 7.633714985758262, 47.4114785589259 ], [ 7.663977293036985, 47.411327876523835 ], [ 7.674777224259131, 47.416451078194221 ], [ 7.680852185571588, 47.419238702632526 ], [ 7.685689654764841, 47.430087835581588 ], [ 7.687377144018301, 47.435211037251975 ], [ 7.68400216551138, 47.440560262525473 ], [ 7.685914653331969, 47.449224500644519 ], [ 7.692102113927991, 47.45419701991284 ], [ 7.699527066643216, 47.456984644351138 ], [ 7.700989557329548, 47.463313305238088 ], [ 7.707514515776261, 47.469867989728151 ], [ 7.711001993566747, 47.47077208414057 ], [ 7.699977063777472, 47.482223946697914 ], [ 7.67083974933439, 47.486819759961065 ], [ 7.669264759364493, 47.487648513172445 ], [ 7.666789775126086, 47.492319667636629 ], [ 7.667014773693213, 47.498196281317369 ], [ 7.65992731882868, 47.496764798497701 ], [ 7.65407735608335, 47.497442869307022 ], [ 7.651602371844942, 47.496011386487353 ], [ 7.650027381875046, 47.493299103250088 ], [ 7.656327341754631, 47.491490914425242 ], [ 7.656439841038195, 47.488552607584872 ], [ 7.650364879725737, 47.486518395156921 ], [ 7.645527410532485, 47.486744418760026 ], [ 7.641927433458436, 47.48403213552276 ], [ 7.628427519430753, 47.486217030352783 ], [ 7.616502595372967, 47.49043613761075 ], [ 7.608290147672793, 47.490812843615927 ], [ 7.608515146239921, 47.489607384399363 ], [ 7.609865137642689, 47.48493622993518 ], [ 7.606602658419333, 47.480792463878252 ], [ 7.608852644090613, 47.476271991816141 ], [ 7.605702664150821, 47.471751519754029 ], [ 7.620327571014144, 47.468737871712626 ], [ 7.627077528027985, 47.464292740851548 ], [ 7.623252552386808, 47.462559893227741 ], [ 7.623365051670373, 47.457738056361492 ], [ 7.617290090357915, 47.446662899809319 ], [ 7.617177591074351, 47.438978097303739 ], [ 7.616840093223659, 47.43408091923645 ], [ 7.609865137642689, 47.434005578035418 ], [ 7.603227679912412, 47.432724777617814 ], [ 7.593327742958778, 47.433930236834378 ], [ 7.583540305288708, 47.430087835581588 ], [ 7.580390325348915, 47.43159465960229 ], [ 7.579377831796839, 47.436190472865434 ], [ 7.576677848991302, 47.43799866169028 ], [ 7.570040391261026, 47.438300026494417 ], [ 7.569365395559641, 47.423683833493598 ], [ 7.57240287621587, 47.42082086785426 ], [ 7.579490331080404, 47.418937337828382 ], [ 7.58162781746812, 47.416149713390084 ], [ 7.567565407022617, 47.414868912972487 ], [ 7.544390554608428, 47.415471642580769 ], [ 7.527290663506697, 47.413286747750746 ], [ 7.53212813269995, 47.406204674853441 ], [ 7.529878147028669, 47.402362273600644 ], [ 7.518290720821575, 47.390006316630881 ], [ 7.511765762374861, 47.390910411043301 ], [ 7.502878318973304, 47.386088574177052 ], [ 7.493315879870361, 47.386615962584301 ], [ 7.49185338918403, 47.387068009790511 ], [ 7.485215931453752, 47.390533705038131 ], [ 7.479815965842679, 47.391362458249517 ], [ 7.478465974439911, 47.402663638404789 ], [ 7.472391013127453, 47.40175954399237 ], [ 7.46530355826292, 47.403869097621353 ], [ 7.460916086203923, 47.402437614801684 ], [ 7.455403621309286, 47.405601945245159 ], [ 7.450903649966725, 47.404848533234805 ], [ 7.449666157847521, 47.401006131982015 ], [ 7.444041193669319, 47.403492391616176 ], [ 7.442466203699423, 47.399273284358209 ], [ 7.444491190803576, 47.390458363837091 ], [ 7.439991219461015, 47.387369374594648 ], [ 7.438303730207554, 47.382246172924262 ], [ 7.431666272477277, 47.380814690104593 ], [ 7.413103890689213, 47.381944808120117 ], [ 7.417153864897518, 47.386163915378091 ], [ 7.414566381375545, 47.390835069842268 ], [ 7.415466375644058, 47.395581565507484 ], [ 7.400053973795787, 47.39829384874475 ], [ 7.396678995288866, 47.40469785083274 ], [ 7.389366541857204, 47.40469785083274 ], [ 7.384866570514643, 47.413588112554883 ], [ 7.376879121381598, 47.415546983781802 ], [ 7.398028986691634, 47.413814136157995 ], [ 7.415016378509802, 47.412382653338327 ], [ 7.421541336956516, 47.412533335740392 ], [ 7.428741291104613, 47.415773007384907 ], [ 7.43875372734181, 47.414266183364205 ], [ 7.448203667161188, 47.415923689786979 ], [ 7.456416114861362, 47.429560447174339 ], [ 7.449778657131085, 47.438676732499594 ], [ 7.440216218028143, 47.445005393386552 ], [ 7.43875372734181, 47.44779301782485 ], [ 7.42615380758264, 47.44485471098448 ], [ 7.421878834807207, 47.44734097061864 ], [ 7.421541336956516, 47.447190288216568 ] ] ], [ [ [ 7.32827943088194, 47.441615039339965 ], [ 7.330754415120349, 47.442820498556529 ], [ 7.339641858521906, 47.442293110149279 ], [ 7.348191804072772, 47.436717861272683 ], [ 7.356516751056509, 47.435135696050942 ], [ 7.370241663651321, 47.435512402056119 ], [ 7.381829089858415, 47.433252166025063 ], [ 7.382166587709107, 47.433478189628168 ], [ 7.383741577679004, 47.431293294798152 ], [ 7.380591597739211, 47.428731693962952 ], [ 7.376879121381598, 47.415546983781802 ], [ 7.364054203055299, 47.416074372189044 ], [ 7.35820424030997, 47.416375736993189 ], [ 7.358654237444227, 47.419389385034592 ], [ 7.345154323416543, 47.425868728323621 ], [ 7.341329347775367, 47.430916588792975 ], [ 7.3271544380463, 47.433478189628168 ], [ 7.32827943088194, 47.441615039339965 ] ] ] ] } },
{ "type": "Feature", "properties": { "kt_id": 14 }, "geometry": { "type": "MultiPolygon", "coordinates": [ [ [ [ 8.564084060832732, 47.600735655926222 ], [ 8.567684037906782, 47.598475419895166 ], [ 8.572521507100035, 47.599530196709658 ], [ 8.583546436889309, 47.597495984281714 ], [ 8.588946402500381, 47.60314657435935 ], [ 8.592546379574431, 47.60359862156556 ], [ 8.593783871693635, 47.607516364019389 ], [ 8.596821352349863, 47.60698897561214 ], [ 8.596033857364915, 47.598776784699311 ], [ 8.594008870260762, 47.596968595874465 ], [ 8.584558930441386, 47.594708359843409 ], [ 8.580621455516644, 47.591996076606144 ], [ 8.5782589705618, 47.586571510131613 ], [ 8.581183951934463, 47.578434660419816 ], [ 8.573196502801419, 47.575647035981518 ], [ 8.568809030742422, 47.563969149821062 ], [ 8.564534057966988, 47.558996630552741 ], [ 8.560371584475121, 47.554476158490637 ], [ 8.55587161313256, 47.554174793686492 ], [ 8.552046637491383, 47.557715830135145 ], [ 8.549459153969408, 47.565777338645908 ], [ 8.542821696239132, 47.571352587522512 ], [ 8.54720916829813, 47.57278407034218 ], [ 8.547546666148822, 47.575496353579446 ], [ 8.535959239941727, 47.576777153997043 ], [ 8.538659222747263, 47.579414096033275 ], [ 8.535621742091035, 47.582653767677783 ], [ 8.538096726329442, 47.584838662507806 ], [ 8.538434224180136, 47.588982428564741 ], [ 8.546646671880309, 47.59335221822478 ], [ 8.548784158268026, 47.594105630235127 ], [ 8.556546608833944, 47.595386430652724 ], [ 8.557784100953148, 47.598852125900343 ], [ 8.564084060832732, 47.600735655926222 ] ] ], [ [ [ 8.607846282139137, 47.673515256126187 ], [ 8.599183837304707, 47.674193326935502 ], [ 8.595021363812839, 47.668467395656833 ], [ 8.592433880290866, 47.668994784064076 ], [ 8.587146413963357, 47.667261936440269 ], [ 8.579158964830311, 47.663118170383335 ], [ 8.565771550086193, 47.66673454803302 ], [ 8.564534057966988, 47.671405702497204 ], [ 8.560709082325811, 47.671556384899276 ], [ 8.547884163999512, 47.668919442863043 ], [ 8.540234212717159, 47.664700335605076 ], [ 8.541134206985671, 47.659125086728473 ], [ 8.53494674638965, 47.661309981558489 ], [ 8.534496749255394, 47.664624994404036 ], [ 8.528196789375809, 47.661762028764706 ], [ 8.530109277196399, 47.657090874300522 ], [ 8.534609248538958, 47.651741649027024 ], [ 8.533146757852627, 47.647447200568024 ], [ 8.523809317316813, 47.646392423753532 ], [ 8.514471876780998, 47.648878683387693 ], [ 8.50974690687131, 47.648049930176306 ], [ 8.504121942693109, 47.648728000985621 ], [ 8.500521965619059, 47.647748565372162 ], [ 8.494222005739474, 47.648426636181476 ], [ 8.494559503590166, 47.644508893727654 ], [ 8.490959526516118, 47.643755481717299 ], [ 8.488484542277709, 47.646467764954565 ], [ 8.483872071651584, 47.645563670542145 ], [ 8.481622085980304, 47.650611531011499 ], [ 8.477234613921308, 47.651515625423919 ], [ 8.474872128966462, 47.648426636181476 ], [ 8.478809603891204, 47.646091058949388 ], [ 8.472284645444489, 47.643755481717299 ], [ 8.467222177684109, 47.644207528923509 ], [ 8.464859692729265, 47.649933460202185 ], [ 8.468347170519749, 47.657467580305699 ], [ 8.466772180549853, 47.658447015919158 ], [ 8.458559732849679, 47.654077226259119 ], [ 8.454734757208502, 47.656262121089135 ], [ 8.450009787298814, 47.656111438687063 ], [ 8.446184811657636, 47.655207344274643 ], [ 8.437859864673898, 47.658823721924328 ], [ 8.43425988759985, 47.662741464378158 ], [ 8.424809947780473, 47.668241372053728 ], [ 8.413447520140506, 47.667638642445446 ], [ 8.406697563126665, 47.675926174559315 ], [ 8.409622544499328, 47.680145281817282 ], [ 8.417159996498118, 47.681049376229701 ], [ 8.421772467124244, 47.685268483487675 ], [ 8.419859979303656, 47.687604060719764 ], [ 8.419297482885835, 47.689638273147715 ], [ 8.413222521573378, 47.695665569230528 ], [ 8.407485058111613, 47.696871028447084 ], [ 8.405572570291024, 47.699432629282285 ], [ 8.410185040917149, 47.704254466148534 ], [ 8.416485000796735, 47.709076303014783 ], [ 8.426947434168188, 47.712541998262402 ], [ 8.435834877569746, 47.718644635546248 ], [ 8.43954735392736, 47.719850094762812 ], [ 8.443709827419228, 47.72308976640732 ], [ 8.448209798761789, 47.724521249226989 ], [ 8.456197247894835, 47.723843178417674 ], [ 8.455747250760579, 47.72858967408289 ], [ 8.458109735715423, 47.730548545309802 ], [ 8.453947262223554, 47.731829345727398 ], [ 8.450797282283762, 47.739589489434024 ], [ 8.451922275119401, 47.741623701861968 ], [ 8.456984742879783, 47.744185302697169 ], [ 8.457322240730475, 47.749383845568595 ], [ 8.459009729983935, 47.751568740398611 ], [ 8.468009672669057, 47.755411141651408 ], [ 8.468234671236186, 47.755637165254512 ], [ 8.468797167654005, 47.758274107290745 ], [ 8.472734642578747, 47.764301403373551 ], [ 8.477009615354179, 47.767089027811856 ], [ 8.482522080248817, 47.769650628647049 ], [ 8.49017203153117, 47.774698489116403 ], [ 8.497146987112139, 47.77213688828121 ], [ 8.503221948424596, 47.774999853920548 ], [ 8.510421902572693, 47.775753265930902 ], [ 8.511209397557643, 47.777561454755741 ], [ 8.521334333078403, 47.772061547080177 ], [ 8.523696818033248, 47.776280654338144 ], [ 8.527634292957989, 47.779520325982659 ], [ 8.53382175355401, 47.779369643580587 ], [ 8.541921701970621, 47.782910680029239 ], [ 8.54473418405972, 47.782910680029239 ], [ 8.553846626028406, 47.786075010472715 ], [ 8.567571538623216, 47.77944498478162 ], [ 8.578146471278234, 47.782986021230272 ], [ 8.575333989189135, 47.788033881699633 ], [ 8.576121484174083, 47.790972188540003 ], [ 8.562846568713528, 47.794211860184511 ], [ 8.563521564414913, 47.802800757102524 ], [ 8.564646557250553, 47.806718499556347 ], [ 8.569034029309549, 47.809882829999829 ], [ 8.57353400065211, 47.807773276370838 ], [ 8.576683980591904, 47.803102121906662 ], [ 8.582083946202976, 47.801821321489065 ], [ 8.588946402500381, 47.804081557520121 ], [ 8.593558873126506, 47.800163815066291 ], [ 8.599296336588271, 47.803780192715976 ], [ 8.602558815811628, 47.804307581123226 ], [ 8.614933737003671, 47.80249939229838 ], [ 8.619771206196924, 47.799711767860082 ], [ 8.618983711211975, 47.797376190627986 ], [ 8.623258683987409, 47.79609539021039 ], [ 8.621571194733949, 47.790143435328616 ], [ 8.616846224824259, 47.788485928905843 ], [ 8.61628372840644, 47.784643527653046 ], [ 8.618871211928411, 47.781629879611643 ], [ 8.619996204764051, 47.779369643580587 ], [ 8.624271177539484, 47.778616231570233 ], [ 8.620446201898307, 47.76874653423463 ], [ 8.626071166076509, 47.765205497785978 ], [ 8.62888364816561, 47.760685025723866 ], [ 8.632708623806787, 47.759630248909374 ], [ 8.634846110194502, 47.761739802538358 ], [ 8.643508555028934, 47.766561639404607 ], [ 8.646546035685162, 47.766410957002542 ], [ 8.650258512042774, 47.771458817471895 ], [ 8.654195986967515, 47.774773830317443 ], [ 8.649133519207133, 47.775376559925725 ], [ 8.651158506311287, 47.782684656426134 ], [ 8.650483510609902, 47.7853969396634 ], [ 8.646658534968726, 47.788259905302738 ], [ 8.647671028520801, 47.79609539021039 ], [ 8.650596009893466, 47.799937791463186 ], [ 8.658133461892255, 47.801745980288032 ], [ 8.661395941115613, 47.797376190627986 ], [ 8.662970931085509, 47.793006400967954 ], [ 8.668370896696581, 47.789088658514125 ], [ 8.672308371621323, 47.789088658514125 ], [ 8.682770804992778, 47.78494489245719 ], [ 8.683895797828416, 47.7785408903692 ], [ 8.689408262723054, 47.77507519512158 ], [ 8.684345794962674, 47.771910864678105 ], [ 8.689183264155925, 47.763095944156994 ], [ 8.689070764872362, 47.760534343321794 ], [ 8.69379573478205, 47.757596036481424 ], [ 8.698858202542432, 47.758198766089706 ], [ 8.700095694661636, 47.761137072930076 ], [ 8.707970644511118, 47.765130156584945 ], [ 8.710558128033091, 47.764678109378728 ], [ 8.715395597226344, 47.766938345409784 ], [ 8.72203305495662, 47.764602768177696 ], [ 8.727320521284129, 47.764075379770446 ], [ 8.73182049262669, 47.760986390528011 ], [ 8.730020504089666, 47.759328884105237 ], [ 8.740932934595376, 47.754507047238981 ], [ 8.742620423848837, 47.749459186769627 ], [ 8.740595436744684, 47.747801680346853 ], [ 8.73542046970074, 47.748103045150998 ], [ 8.727770518418385, 47.746445538728224 ], [ 8.724733037762157, 47.747123609537539 ], [ 8.721245559971672, 47.742452455073355 ], [ 8.715508096509907, 47.740116877841267 ], [ 8.713145611555063, 47.732281392933615 ], [ 8.716745588629111, 47.726329438051835 ], [ 8.719220572867521, 47.723014425206287 ], [ 8.719333072151084, 47.722863742804215 ], [ 8.734407976148663, 47.719774753561772 ], [ 8.737445456804892, 47.717589858731756 ], [ 8.733057984745894, 47.71284336306654 ], [ 8.732382989044511, 47.709076303014783 ], [ 8.727545519851258, 47.698076487663648 ], [ 8.729008010537591, 47.694309427611891 ], [ 8.718883075016828, 47.692124532781875 ], [ 8.718545577166136, 47.696343640039842 ], [ 8.712245617286552, 47.697624440457439 ], [ 8.7130331122715, 47.702446277323688 ], [ 8.709658133764577, 47.705384584164058 ], [ 8.708195643078247, 47.711110515442734 ], [ 8.706620653108349, 47.711487221447911 ], [ 8.707633146660426, 47.711788586252048 ], [ 8.702683178183609, 47.716610423118297 ], [ 8.701670684631534, 47.71630905831416 ], [ 8.700883189646584, 47.71630905831416 ], [ 8.699758196810944, 47.716384399515192 ], [ 8.699420698960253, 47.716083034711055 ], [ 8.699195700393124, 47.715932352308982 ], [ 8.698633203975305, 47.715254281499668 ], [ 8.690870753409387, 47.713144727870684 ], [ 8.690758254125821, 47.712165292257225 ], [ 8.691433249827206, 47.711637903849976 ], [ 8.691545749110771, 47.710884491839629 ], [ 8.685245789231185, 47.710055738628242 ], [ 8.68232080785852, 47.711185856643766 ], [ 8.681420813590009, 47.712617339463435 ], [ 8.682770804992778, 47.713220069071717 ], [ 8.682770804992778, 47.713672116277927 ], [ 8.678608331500907, 47.714425528288281 ], [ 8.675008354426859, 47.713898139881032 ], [ 8.673433364456963, 47.712466657061363 ], [ 8.671970873770631, 47.712089951056186 ], [ 8.670508383084298, 47.712617339463435 ], [ 8.667358403144506, 47.714199504685176 ], [ 8.665445915323918, 47.714726893092418 ], [ 8.667020905293814, 47.709302326617888 ], [ 8.668483395980147, 47.708774938210645 ], [ 8.675008354426859, 47.706213337375445 ], [ 8.677483338665269, 47.698754558472963 ], [ 8.677033341531011, 47.698905240875035 ], [ 8.675233352993988, 47.699281946880213 ], [ 8.674333358725475, 47.69619295763777 ], [ 8.669270890965095, 47.694686133617068 ], [ 8.669495889532222, 47.693556015601537 ], [ 8.667920899562326, 47.693556015601537 ], [ 8.659595952578588, 47.69272726239015 ], [ 8.659595952578588, 47.692049191580836 ], [ 8.65993345042928, 47.692049191580836 ], [ 8.660720945414228, 47.690843732364272 ], [ 8.664995918189661, 47.689412249544603 ], [ 8.66465842033897, 47.687754743121829 ], [ 8.664545921055405, 47.687302695915619 ], [ 8.660833444697792, 47.687754743121829 ], [ 8.645196044282393, 47.695590228029488 ], [ 8.633496118791735, 47.693706698003609 ], [ 8.626296164643637, 47.693179309596367 ], [ 8.625508669658689, 47.690014979152885 ], [ 8.628658649598481, 47.681576764636951 ], [ 8.625058672524434, 47.677734363384154 ], [ 8.619996204764051, 47.676453562966557 ], [ 8.614933737003671, 47.680069940616249 ], [ 8.609871269243289, 47.67321389132205 ], [ 8.608858775691214, 47.67321389132205 ], [ 8.608521277840522, 47.671405702497204 ], [ 8.607621283572009, 47.671330361296171 ], [ 8.607621283572009, 47.672987867718945 ], [ 8.607846282139137, 47.673515256126187 ] ] ], [ [ [ 8.796057583541748, 47.676830268971734 ], [ 8.794482593571852, 47.681350741033846 ], [ 8.797745072795209, 47.689186225941498 ], [ 8.801007552018564, 47.693103968395327 ], [ 8.806970014047458, 47.692953285993255 ], [ 8.811132487539327, 47.694686133617068 ], [ 8.80730751189815, 47.697850464060544 ], [ 8.798982564914413, 47.698754558472963 ], [ 8.798870065630849, 47.703727077741284 ], [ 8.79470759213898, 47.705761290169235 ], [ 8.794595092855415, 47.705761290169235 ], [ 8.788295132975831, 47.705911972571307 ], [ 8.770632745456279, 47.708096867401323 ], [ 8.7740077239632, 47.714576210690346 ], [ 8.772095236142611, 47.71630905831416 ], [ 8.773220228978252, 47.719850094762812 ], [ 8.781995173096245, 47.72308976640732 ], [ 8.78492015446891, 47.726404779252867 ], [ 8.793020102885519, 47.730322521706697 ], [ 8.800220057033616, 47.728665015283923 ], [ 8.800220057033616, 47.729267744892205 ], [ 8.797632573511645, 47.736048452985372 ], [ 8.80033255631718, 47.737479935805041 ], [ 8.808657503300918, 47.738459371418493 ], [ 8.808207506166662, 47.735973111784332 ], [ 8.812369979658531, 47.72949376849531 ], [ 8.806070019778947, 47.727082850062189 ], [ 8.813832470344863, 47.725274661237343 ], [ 8.819794932373757, 47.719021341551425 ], [ 8.82631989082047, 47.71834327074211 ], [ 8.820019930940884, 47.714877575494491 ], [ 8.825307397268393, 47.712315974659298 ], [ 8.831044860730159, 47.713370751473789 ], [ 8.83441983923708, 47.716007693510015 ], [ 8.846794760429123, 47.712466657061363 ], [ 8.848932246816839, 47.70606265497338 ], [ 8.862319661560957, 47.705459925365098 ], [ 8.867044631470646, 47.706740725782694 ], [ 8.872557096365284, 47.706364019777517 ], [ 8.870869607111823, 47.703124348133002 ], [ 8.877169566991409, 47.698151828864681 ], [ 8.875707076305076, 47.695816251632593 ], [ 8.868169624306287, 47.695514886828455 ], [ 8.867382129321339, 47.697850464060544 ], [ 8.859282180904728, 47.700110700091599 ], [ 8.852532223890888, 47.699055923277108 ], [ 8.851519730338811, 47.695891592833632 ], [ 8.85568220383068, 47.695966934034665 ], [ 8.858382186636216, 47.694234086410859 ], [ 8.857257193800576, 47.690467026359102 ], [ 8.852194726040196, 47.687076672312514 ], [ 8.852757222458015, 47.682330176647298 ], [ 8.856019701681372, 47.682028811843161 ], [ 8.856582198099193, 47.681802788240056 ], [ 8.861532166576009, 47.681953470642128 ], [ 8.868619621440542, 47.677357657378977 ], [ 8.8718821006639, 47.672987867718945 ], [ 8.874694582752999, 47.671857749703413 ], [ 8.876494571290024, 47.664022264795754 ], [ 8.876157073439332, 47.657693603908804 ], [ 8.876044574155769, 47.656262121089135 ], [ 8.867382129321339, 47.657467580305699 ], [ 8.864119650097981, 47.656337462290168 ], [ 8.859057182337601, 47.651666307825991 ], [ 8.85286972174158, 47.65264574343945 ], [ 8.847582255414071, 47.654905979470506 ], [ 8.855457205263551, 47.662063393568843 ], [ 8.842969784787945, 47.6658304536206 ], [ 8.838019816311128, 47.6726865029148 ], [ 8.819232435955936, 47.679015163801751 ], [ 8.810344992554379, 47.678186410590371 ], [ 8.806520016913202, 47.679693234611072 ], [ 8.799882559182924, 47.677583680982089 ], [ 8.796057583541748, 47.676830268971734 ] ] ] ] } },
{ "type": "Feature", "properties": { "kt_id": 15 }, "geometry": { "type": "Polygon", "coordinates": [ [ [ 9.504240573577272, 47.34879467966465 ], [ 9.488153176027618, 47.351356280499843 ], [ 9.480503224745263, 47.348493314860512 ], [ 9.466665812866889, 47.34834263245844 ], [ 9.44799093179526, 47.357383576582656 ], [ 9.439665984811523, 47.358061647391978 ], [ 9.436966002005986, 47.36160268384063 ], [ 9.43201603352917, 47.36838339193379 ], [ 9.432353531379862, 47.372150451985547 ], [ 9.423578587261868, 47.369287486346209 ], [ 9.420428607322076, 47.370869651567951 ], [ 9.413116153890414, 47.370266921959669 ], [ 9.404566208339549, 47.374712052820747 ], [ 9.402541221235396, 47.379458548485957 ], [ 9.400291235564115, 47.37870513647561 ], [ 9.394778770669479, 47.381492760913908 ], [ 9.39174129001325, 47.379006501279747 ], [ 9.379253869537642, 47.382246172924262 ], [ 9.380603860940411, 47.387821421800865 ], [ 9.378466374552694, 47.38842415140914 ], [ 9.374416400344391, 47.38759539819776 ], [ 9.373066408941622, 47.385410503367737 ], [ 9.360241490615323, 47.386314597780157 ], [ 9.357766506376915, 47.384807773759455 ], [ 9.351466546497329, 47.384506408955318 ], [ 9.359903992764631, 47.379458548485957 ], [ 9.36069148774958, 47.374712052820747 ], [ 9.358104004227606, 47.372903863995901 ], [ 9.362603975570167, 47.367780662325508 ], [ 9.361591482018092, 47.365671108696525 ], [ 9.365641456226395, 47.359342447809574 ], [ 9.352704038616533, 47.356328799768164 ], [ 9.344941588050617, 47.353616516530899 ], [ 9.347416572289024, 47.346609784834627 ], [ 9.344604090199924, 47.346082396427384 ], [ 9.335041651096983, 47.342315336375627 ], [ 9.330091682620164, 47.33214427423588 ], [ 9.317379263577431, 47.32867857898826 ], [ 9.312541794384178, 47.326418342957204 ], [ 9.311191802981408, 47.322801965307519 ], [ 9.315241777189714, 47.322877306508552 ], [ 9.318279257845942, 47.317452740034021 ], [ 9.316929266443175, 47.314740456796756 ], [ 9.319516749965146, 47.310822714342926 ], [ 9.316479269308918, 47.307357019095313 ], [ 9.318279257845942, 47.302911888234235 ], [ 9.314566781488331, 47.297638004161776 ], [ 9.314904279339022, 47.292740826094487 ], [ 9.32491671557622, 47.284302611578553 ], [ 9.343816595214976, 47.250775777117909 ], [ 9.333354161843522, 47.250851118318941 ], [ 9.323566724173451, 47.247536105473394 ], [ 9.309729312295076, 47.25620034359244 ], [ 9.309841811578641, 47.260193427247302 ], [ 9.306016835937465, 47.260946839257656 ], [ 9.298704382505804, 47.258761944427633 ], [ 9.285541966328811, 47.266974135340469 ], [ 9.276767022210818, 47.266974135340469 ], [ 9.275192032240922, 47.271494607402573 ], [ 9.268217076659953, 47.269912442180839 ], [ 9.258429638989883, 47.264713899309413 ], [ 9.248867199886941, 47.267501523747711 ], [ 9.242567240007356, 47.266145382129082 ], [ 9.23457979087431, 47.266898794139429 ], [ 9.218267394757525, 47.27232336061396 ], [ 9.20746746353538, 47.277747927088491 ], [ 9.209492450639532, 47.281514987140255 ], [ 9.218267394757525, 47.285809435599255 ], [ 9.225467348905624, 47.294096967713124 ], [ 9.218042396190398, 47.300953017007323 ], [ 9.219054889742473, 47.309240549121192 ], [ 9.214217420549222, 47.321069117683713 ], [ 9.21106744060943, 47.32227457690027 ], [ 9.234692290157874, 47.333425074653476 ], [ 9.22591734603988, 47.343822160396329 ], [ 9.223104863950779, 47.344575572406683 ], [ 9.207804961386072, 47.340582488751821 ], [ 9.206904967117559, 47.343596136793224 ], [ 9.199930011536591, 47.349171385669827 ], [ 9.208479957087457, 47.357383576582656 ], [ 9.206117472132611, 47.358815059402325 ], [ 9.197230028731054, 47.354821975747463 ], [ 9.192505058821364, 47.363938261072718 ], [ 9.200155010103718, 47.362883484258226 ], [ 9.211179939892993, 47.364540990681 ], [ 9.214217420549222, 47.366424520706879 ], [ 9.214329919832785, 47.369588851150354 ], [ 9.222092370398704, 47.374561370418675 ], [ 9.221079876846627, 47.377424336058013 ], [ 9.223104863950779, 47.379533889686996 ], [ 9.22006738329455, 47.385937891774986 ], [ 9.224229856786419, 47.388951539816389 ], [ 9.233342298755105, 47.389328245821567 ], [ 9.233792295889362, 47.399273284358209 ], [ 9.237729770814102, 47.397540436734396 ], [ 9.253367171229502, 47.402060908796507 ], [ 9.257304646154243, 47.40213624999754 ], [ 9.259329633258394, 47.400102037569596 ], [ 9.266304588839365, 47.402512956002717 ], [ 9.26956706806272, 47.40078010837891 ], [ 9.27316704513677, 47.402286932399612 ], [ 9.280816996419123, 47.399649990363379 ], [ 9.295441903282446, 47.39829384874475 ], [ 9.304441845967567, 47.396711683523009 ], [ 9.319516749965146, 47.398670554749927 ], [ 9.32660420482968, 47.40175954399237 ], [ 9.330541679754422, 47.402738979605822 ], [ 9.334029157544906, 47.400930790780983 ], [ 9.341004113125875, 47.400855449579943 ], [ 9.355629019989198, 47.404773192033772 ], [ 9.359791493481067, 47.403492391616176 ], [ 9.372841410374495, 47.408992299291739 ], [ 9.379591367388336, 47.408690934487602 ], [ 9.389153806491278, 47.406581380858619 ], [ 9.393541278550273, 47.402588297203756 ], [ 9.398941244161348, 47.401985567595474 ], [ 9.409966173950622, 47.403869097621353 ], [ 9.414353646009619, 47.406807404461723 ], [ 9.427066065052353, 47.40854025208553 ], [ 9.42920355144007, 47.411930606132117 ], [ 9.429878547141453, 47.4140401597611 ], [ 9.434153519916887, 47.415019595374552 ], [ 9.43145353711135, 47.419163361431487 ], [ 9.436066007737475, 47.422327691874962 ], [ 9.433703522782631, 47.430841247591935 ], [ 9.436066007737475, 47.435889108061296 ], [ 9.445290948989724, 47.435512402056119 ], [ 9.453278398122769, 47.432574095215749 ], [ 9.454178392391283, 47.43408091923645 ], [ 9.465090822896993, 47.436793202473716 ], [ 9.469253296388862, 47.439430144509949 ], [ 9.495915626593534, 47.443649251767916 ], [ 9.504578071427964, 47.446738241010358 ], [ 9.50975303847191, 47.450655983464188 ], [ 9.515378002650111, 47.450882007067293 ], [ 9.520552969694055, 47.453217584299381 ], [ 9.525390438887309, 47.452916219495243 ], [ 9.527302926707897, 47.454799749521122 ], [ 9.53214039590115, 47.455553161531469 ], [ 9.527527925275026, 47.461354434011177 ], [ 9.52707792814077, 47.462861258031879 ], [ 9.530790404498383, 47.466251612078466 ], [ 9.533827885154611, 47.469189918918836 ], [ 9.544290318526064, 47.470320036934361 ], [ 9.54834029273437, 47.468511848109515 ], [ 9.548002794883677, 47.46444342325362 ], [ 9.5541902554797, 47.465573541269144 ], [ 9.558915225389388, 47.466176270877426 ], [ 9.56319019816482, 47.464292740851548 ], [ 9.581302582818628, 47.46399137604741 ], [ 9.590527524070879, 47.460601022000823 ], [ 9.59030252550375, 47.459244880382194 ], [ 9.597277481084721, 47.459998292392548 ], [ 9.598289974636796, 47.457888738763558 ], [ 9.613364878634375, 47.450580642263148 ], [ 9.630577269019671, 47.445834146597932 ], [ 9.632377257556694, 47.443573910566883 ], [ 9.63113976543749, 47.441313674535827 ], [ 9.627427289079877, 47.44048492132444 ], [ 9.619327340663268, 47.438526050097522 ], [ 9.618764844245447, 47.43845070889649 ], [ 9.606052425202714, 47.437395932081998 ], [ 9.594464998995619, 47.437019226076821 ], [ 9.576690112192503, 47.435286378453014 ], [ 9.572077641566379, 47.435813766860257 ], [ 9.570165153745791, 47.439731509314086 ], [ 9.567690169507381, 47.440183556520296 ], [ 9.566002680253922, 47.439053438504772 ], [ 9.562965199597693, 47.437169908478893 ], [ 9.560040218225028, 47.435286378453014 ], [ 9.559815219657899, 47.433026142421959 ], [ 9.564090192433333, 47.430389200385726 ], [ 9.570840149447175, 47.429861811978483 ], [ 9.576465113625375, 47.427074187540178 ], [ 9.569490158044406, 47.422403033076002 ], [ 9.578040103595271, 47.422553715478074 ], [ 9.584902559892678, 47.420670185452195 ], [ 9.58332756992278, 47.417656537410785 ], [ 9.586927546996829, 47.414266183364205 ], [ 9.583890066340601, 47.411252535322795 ], [ 9.584340063474857, 47.41102651171969 ], [ 9.584227564191293, 47.410273099709343 ], [ 9.57657761290894, 47.406204674853441 ], [ 9.576127615774684, 47.405903310049304 ], [ 9.575115122222607, 47.405451262843087 ], [ 9.568477664492329, 47.401834885193402 ], [ 9.556777739001671, 47.39784180153854 ], [ 9.553402760494752, 47.400026696368556 ], [ 9.547440298465858, 47.406882745662756 ], [ 9.543727822108245, 47.409519687698989 ], [ 9.55227776765911, 47.410800488116585 ], [ 9.554977750464648, 47.409142981693812 ], [ 9.560152717508592, 47.410047076106231 ], [ 9.564877687418281, 47.409369005296917 ], [ 9.566340178104614, 47.406807404461723 ], [ 9.575002622939042, 47.408766275688635 ], [ 9.573427632969146, 47.41449220696731 ], [ 9.577590106461017, 47.417279831405608 ], [ 9.566452677388178, 47.41788256101389 ], [ 9.56037771607572, 47.419615408637696 ], [ 9.557452734703055, 47.421649621065647 ], [ 9.556102743300286, 47.427902940751565 ], [ 9.551152774823471, 47.428731693962952 ], [ 9.54834029273437, 47.431217953597113 ], [ 9.540240344317759, 47.433026142421959 ], [ 9.538777853631428, 47.428354987957775 ], [ 9.538777853631428, 47.428279646756742 ], [ 9.538440355780736, 47.427074187540178 ], [ 9.532252895184715, 47.425567363519477 ], [ 9.53101540306551, 47.425265998715339 ], [ 9.52820292097641, 47.424663269107057 ], [ 9.527752923842154, 47.424512586704985 ], [ 9.524827942469489, 47.422629056679106 ], [ 9.525052941036616, 47.422327691874962 ], [ 9.528315420259974, 47.416375736993189 ], [ 9.524490444618797, 47.415245618977657 ], [ 9.528990415961358, 47.411779923730045 ], [ 9.524715443185926, 47.408012863678287 ], [ 9.517740487604955, 47.406958086863796 ], [ 9.512003024143191, 47.403718415219281 ], [ 9.513240516262394, 47.39874589595096 ], [ 9.50975303847191, 47.397088389528186 ], [ 9.510315534889731, 47.395958271512661 ], [ 9.509190542054089, 47.394300765089888 ], [ 9.504015575010145, 47.385335162166704 ], [ 9.504465572144401, 47.376595582846626 ], [ 9.506603058532118, 47.375842170836272 ], [ 9.500303098652532, 47.370718969165878 ], [ 9.501990587905992, 47.369212145145177 ], [ 9.500303098652532, 47.363109507861331 ], [ 9.50221558647312, 47.362280754649944 ], [ 9.503678077159453, 47.355726070159882 ], [ 9.504240573577272, 47.34879467966465 ] ] ] } },
{ "type": "Feature", "properties": { "kt_id": 16 }, "geometry": { "type": "MultiPolygon", "coordinates": [ [ [ [ 9.556777739001671, 47.39784180153854 ], [ 9.55452775333039, 47.395506224306452 ], [ 9.548002794883677, 47.39490349469817 ], [ 9.54474031566032, 47.396410318718871 ], [ 9.546540304197345, 47.399800672765451 ], [ 9.543840321391809, 47.401382837987192 ], [ 9.510315534889731, 47.395958271512661 ], [ 9.50975303847191, 47.397088389528186 ], [ 9.513240516262394, 47.39874589595096 ], [ 9.512003024143191, 47.403718415219281 ], [ 9.517740487604955, 47.406958086863796 ], [ 9.524715443185926, 47.408012863678287 ], [ 9.528990415961358, 47.411779923730045 ], [ 9.524490444618797, 47.415245618977657 ], [ 9.528315420259974, 47.416375736993189 ], [ 9.525052941036616, 47.422327691874962 ], [ 9.524827942469489, 47.422629056679106 ], [ 9.527752923842154, 47.424512586704985 ], [ 9.52820292097641, 47.424663269107057 ], [ 9.53101540306551, 47.425265998715339 ], [ 9.532252895184715, 47.425567363519477 ], [ 9.538440355780736, 47.427074187540178 ], [ 9.538777853631428, 47.428279646756742 ], [ 9.538777853631428, 47.428354987957775 ], [ 9.540240344317759, 47.433026142421959 ], [ 9.54834029273437, 47.431217953597113 ], [ 9.551152774823471, 47.428731693962952 ], [ 9.556102743300286, 47.427902940751565 ], [ 9.557452734703055, 47.421649621065647 ], [ 9.56037771607572, 47.419615408637696 ], [ 9.566452677388178, 47.41788256101389 ], [ 9.577590106461017, 47.417279831405608 ], [ 9.573427632969146, 47.41449220696731 ], [ 9.575002622939042, 47.408766275688635 ], [ 9.566340178104614, 47.406807404461723 ], [ 9.564877687418281, 47.409369005296917 ], [ 9.560152717508592, 47.410047076106231 ], [ 9.554977750464648, 47.409142981693812 ], [ 9.55227776765911, 47.410800488116585 ], [ 9.543727822108245, 47.409519687698989 ], [ 9.547440298465858, 47.406882745662756 ], [ 9.553402760494752, 47.400026696368556 ], [ 9.556777739001671, 47.39784180153854 ] ] ], [ [ [ 9.618764844245447, 47.43845070889649 ], [ 9.619327340663268, 47.438526050097522 ], [ 9.608302410873995, 47.433026142421959 ], [ 9.603352442397178, 47.431368635999185 ], [ 9.60256494741223, 47.431067271195047 ], [ 9.589740029085931, 47.426772822736041 ], [ 9.589965027653058, 47.425793387122582 ], [ 9.590640023354442, 47.422779739081179 ], [ 9.591202519772263, 47.422478374277034 ], [ 9.591540017622954, 47.422327691874962 ], [ 9.591990014757211, 47.422101668271857 ], [ 9.595927489681952, 47.420293479447018 ], [ 9.597727478218976, 47.419464726235631 ], [ 9.599864964606692, 47.41840994942114 ], [ 9.606052425202714, 47.415622324982834 ], [ 9.606052425202714, 47.415546983781802 ], [ 9.60481493308351, 47.415320960178697 ], [ 9.604702433799945, 47.415245618977657 ], [ 9.599639966039565, 47.414190842163165 ], [ 9.592327512607902, 47.412684018142464 ], [ 9.584340063474857, 47.41102651171969 ], [ 9.583890066340601, 47.411252535322795 ], [ 9.586927546996829, 47.414266183364205 ], [ 9.58332756992278, 47.417656537410785 ], [ 9.584902559892678, 47.420670185452195 ], [ 9.578040103595271, 47.422553715478074 ], [ 9.569490158044406, 47.422403033076002 ], [ 9.576465113625375, 47.427074187540178 ], [ 9.570840149447175, 47.429861811978483 ], [ 9.564090192433333, 47.430389200385726 ], [ 9.559815219657899, 47.433026142421959 ], [ 9.560040218225028, 47.435286378453014 ], [ 9.562965199597693, 47.437169908478893 ], [ 9.566002680253922, 47.439053438504772 ], [ 9.567690169507381, 47.440183556520296 ], [ 9.570165153745791, 47.439731509314086 ], [ 9.572077641566379, 47.435813766860257 ], [ 9.576690112192503, 47.435286378453014 ], [ 9.594464998995619, 47.437019226076821 ], [ 9.606052425202714, 47.437395932081998 ], [ 9.618764844245447, 47.43845070889649 ] ] ], [ [ [ 9.480503224745263, 47.348493314860512 ], [ 9.488153176027618, 47.351356280499843 ], [ 9.504240573577272, 47.34879467966465 ], [ 9.504128074293709, 47.338623617524902 ], [ 9.499628102951148, 47.319938999668182 ], [ 9.494003138772946, 47.314439091992618 ], [ 9.497378117279867, 47.307281677894274 ], [ 9.490515660982462, 47.303213253038379 ], [ 9.491865652385229, 47.300953017007323 ], [ 9.486353187490593, 47.285056023588908 ], [ 9.482303213282288, 47.282871128758885 ], [ 9.474090765582115, 47.272549384217065 ], [ 9.452603402421387, 47.261474227664898 ], [ 9.448553428213081, 47.257255120406931 ], [ 9.427628561470172, 47.248666223488925 ], [ 9.416266133830206, 47.247837470277538 ], [ 9.403328716220344, 47.238871867354355 ], [ 9.38364134159664, 47.235556854508808 ], [ 9.365528956942832, 47.244823822236128 ], [ 9.350791550795945, 47.246255305055797 ], [ 9.343816595214976, 47.250775777117909 ], [ 9.32491671557622, 47.284302611578553 ], [ 9.314904279339022, 47.292740826094487 ], [ 9.314566781488331, 47.297638004161776 ], [ 9.318279257845942, 47.302911888234235 ], [ 9.316479269308918, 47.307357019095313 ], [ 9.319516749965146, 47.310822714342926 ], [ 9.316929266443175, 47.314740456796756 ], [ 9.318279257845942, 47.317452740034021 ], [ 9.315241777189714, 47.322877306508552 ], [ 9.311191802981408, 47.322801965307519 ], [ 9.312541794384178, 47.326418342957204 ], [ 9.317379263577431, 47.32867857898826 ], [ 9.330091682620164, 47.33214427423588 ], [ 9.335041651096983, 47.342315336375627 ], [ 9.344604090199924, 47.346082396427384 ], [ 9.347416572289024, 47.346609784834627 ], [ 9.344941588050617, 47.353616516530899 ], [ 9.352704038616533, 47.356328799768164 ], [ 9.365641456226395, 47.359342447809574 ], [ 9.361591482018092, 47.365671108696525 ], [ 9.362603975570167, 47.367780662325508 ], [ 9.358104004227606, 47.372903863995901 ], [ 9.36069148774958, 47.374712052820747 ], [ 9.359903992764631, 47.379458548485957 ], [ 9.351466546497329, 47.384506408955318 ], [ 9.357766506376915, 47.384807773759455 ], [ 9.360241490615323, 47.386314597780157 ], [ 9.373066408941622, 47.385410503367737 ], [ 9.374416400344391, 47.38759539819776 ], [ 9.378466374552694, 47.38842415140914 ], [ 9.380603860940411, 47.387821421800865 ], [ 9.379253869537642, 47.382246172924262 ], [ 9.39174129001325, 47.379006501279747 ], [ 9.394778770669479, 47.381492760913908 ], [ 9.400291235564115, 47.37870513647561 ], [ 9.402541221235396, 47.379458548485957 ], [ 9.404566208339549, 47.374712052820747 ], [ 9.413116153890414, 47.370266921959669 ], [ 9.420428607322076, 47.370869651567951 ], [ 9.423578587261868, 47.369287486346209 ], [ 9.432353531379862, 47.372150451985547 ], [ 9.43201603352917, 47.36838339193379 ], [ 9.436966002005986, 47.36160268384063 ], [ 9.439665984811523, 47.358061647391978 ], [ 9.44799093179526, 47.357383576582656 ], [ 9.466665812866889, 47.34834263245844 ], [ 9.480503224745263, 47.348493314860512 ] ] ] ] } },
{ "type": "Feature", "properties": { "kt_id": 17 }, "geometry": { "type": "Polygon", "coordinates": [ [ [ 9.504015575010145, 47.548599544809896 ], [ 9.521002966828313, 47.538353141469109 ], [ 9.545527810645268, 47.537825753061867 ], [ 9.551827770524854, 47.535716199432883 ], [ 9.56037771607572, 47.513716568730615 ], [ 9.562627701747001, 47.501812658967062 ], [ 9.562515202463437, 47.50120992935878 ], [ 9.564090192433333, 47.496388092492531 ], [ 9.567127673089562, 47.493751150456298 ], [ 9.577027610043196, 47.488326583981767 ], [ 9.584677561325549, 47.482600652703091 ], [ 9.595477492547696, 47.465799564872249 ], [ 9.602114950277972, 47.462936599232918 ], [ 9.606389923053406, 47.465347517666039 ], [ 9.607852413739739, 47.470922766542643 ], [ 9.612914881500119, 47.47077208414057 ], [ 9.618314847111192, 47.463313305238088 ], [ 9.622027323468805, 47.459772268789436 ], [ 9.627539788363443, 47.45803942116563 ], [ 9.644977177315866, 47.457286009155283 ], [ 9.655777108538011, 47.455628502732509 ], [ 9.66072707701483, 47.452765537093171 ], [ 9.659264586328497, 47.449149159443479 ], [ 9.652177131463963, 47.444176640175158 ], [ 9.647452161554273, 47.440560262525473 ], [ 9.645877171584377, 47.437847979288208 ], [ 9.646552167285762, 47.433176824824031 ], [ 9.650377142926938, 47.426094751926726 ], [ 9.652064632180398, 47.41878665542631 ], [ 9.652177131463963, 47.41788256101389 ], [ 9.652177131463963, 47.417807219812858 ], [ 9.652964626448911, 47.405978651250336 ], [ 9.655664609254448, 47.405752627647232 ], [ 9.658702089910676, 47.401533520389265 ], [ 9.663764557671058, 47.3977664603375 ], [ 9.671977005371231, 47.395054177100235 ], [ 9.674226991042511, 47.393472011878501 ], [ 9.674901986743896, 47.392643258667114 ], [ 9.674676988176767, 47.382848902532544 ], [ 9.671527008236975, 47.378780477676642 ], [ 9.663764557671058, 47.372451816789692 ], [ 9.658027094209292, 47.370191580758636 ], [ 9.650827140061194, 47.368760097938967 ], [ 9.636652230332128, 47.368684756737935 ], [ 9.627539788363443, 47.366424520706879 ], [ 9.626414795527802, 47.367102591516193 ], [ 9.625739799826418, 47.367479297521371 ], [ 9.606389923053406, 47.35263708091744 ], [ 9.600764958875205, 47.346383761231522 ], [ 9.590527524070879, 47.320466388075431 ], [ 9.582877572788526, 47.3124802207657 ], [ 9.567577670223818, 47.305774853873572 ], [ 9.557902731837311, 47.299822898991799 ], [ 9.556327741867415, 47.298165392569025 ], [ 9.552727764793367, 47.288371036434455 ], [ 9.547440298465858, 47.281364304738183 ], [ 9.54474031566032, 47.279556115913337 ], [ 9.534165383005302, 47.274282231840878 ], [ 9.532027896617587, 47.27194665460879 ], [ 9.531915397334021, 47.27187131340775 ], [ 9.531127902349073, 47.270741195392226 ], [ 9.531127902349073, 47.26546731131976 ], [ 9.529552912379177, 47.261398886463866 ], [ 9.521565463246132, 47.245351210643378 ], [ 9.511665526292498, 47.23314593607568 ], [ 9.505590564980041, 47.226214545580447 ], [ 9.502665583607376, 47.221317367513159 ], [ 9.500415597936096, 47.211975058584798 ], [ 9.491415655250975, 47.199543760413995 ], [ 9.488828171729001, 47.191632934305304 ], [ 9.486915683908414, 47.182516648980055 ], [ 9.487478180326233, 47.17927697733554 ], [ 9.490403161698898, 47.170462056814429 ], [ 9.491978151668794, 47.166167608355423 ], [ 9.495465629459279, 47.159914288669505 ], [ 9.496703121578484, 47.158256782246731 ], [ 9.505028068562222, 47.148537767313194 ], [ 9.508290547785577, 47.144921389663509 ], [ 9.510540533456858, 47.141380353214856 ], [ 9.513803012680215, 47.13279145629685 ], [ 9.514028011247342, 47.132038044286496 ], [ 9.516502995485752, 47.123298464966417 ], [ 9.517065491903571, 47.121188911337434 ], [ 9.51841548330634, 47.11659309807429 ], [ 9.51841548330634, 47.11651775687325 ], [ 9.51841548330634, 47.116442415672218 ], [ 9.521340464679003, 47.104764529511769 ], [ 9.521565463246132, 47.101449516666221 ], [ 9.520777968261184, 47.098511209825851 ], [ 9.520777968261184, 47.098435868624811 ], [ 9.516840493336444, 47.089771630505773 ], [ 9.515715500500804, 47.087963441680927 ], [ 9.514478008381598, 47.087285370871612 ], [ 9.51369051339665, 47.086757982464363 ], [ 9.513465514829523, 47.08668264126333 ], [ 9.491978151668794, 47.074176001891495 ], [ 9.481178220446647, 47.07003223583456 ], [ 9.476228251969831, 47.067244611396255 ], [ 9.473528269164294, 47.062648798133111 ], [ 9.477240745521907, 47.053306489204751 ], [ 9.477240745521907, 47.053231148003718 ], [ 9.477353244805471, 47.053080465601646 ], [ 9.478590736924676, 47.05036818236438 ], [ 9.492878145937306, 47.034847894951142 ], [ 9.50806554921845, 47.019252266336863 ], [ 9.511553027008935, 47.011492122630237 ], [ 9.521340464679003, 47.00049230727911 ], [ 9.546765302764474, 46.97788994696856 ], [ 9.542602829272605, 46.975629710937504 ], [ 9.525052941036616, 46.973821522112658 ], [ 9.518865480440596, 46.969677756055724 ], [ 9.519765474709107, 46.957095775482856 ], [ 9.506040562114297, 46.954986221853872 ], [ 9.499628102951148, 46.946095960131721 ], [ 9.494565635190767, 46.938938546033384 ], [ 9.488153176027618, 46.936602968801289 ], [ 9.486915683908414, 46.931705790734007 ], [ 9.479153233342496, 46.921836093398397 ], [ 9.480053227611007, 46.917014256532148 ], [ 9.488378174594745, 46.913021172877286 ], [ 9.47397826629855, 46.905487052773772 ], [ 9.468803299254606, 46.900891239510628 ], [ 9.469028297821733, 46.898178956273362 ], [ 9.471053284925887, 46.892829730999864 ], [ 9.468240802836785, 46.887405164525333 ], [ 9.457890868748896, 46.887857211731543 ], [ 9.456540877346127, 46.885446293298415 ], [ 9.455640883077615, 46.87836422040111 ], [ 9.450128418182977, 46.874145113143143 ], [ 9.439328486960832, 46.88092582123631 ], [ 9.434603517051142, 46.885898340504632 ], [ 9.415141140994567, 46.892453024994687 ], [ 9.401078730549063, 46.893281778206074 ], [ 9.383303843745948, 46.898781685881644 ], [ 9.366203952644216, 46.898329638675428 ], [ 9.348766563691793, 46.900815898309588 ], [ 9.344491590916359, 46.899610439093031 ], [ 9.339879120290234, 46.903226816742716 ], [ 9.322554230621375, 46.90194601632512 ], [ 9.311079303697845, 46.906993876794473 ], [ 9.294766907581062, 46.90835001841311 ], [ 9.287904451283657, 46.906617170789296 ], [ 9.277892015046458, 46.90872672441828 ], [ 9.267879578809261, 46.904658299562385 ], [ 9.258879636124139, 46.909630818830706 ], [ 9.255617156900781, 46.914452655696955 ], [ 9.250217191289709, 46.91761698614043 ], [ 9.252804674811681, 46.923644282223243 ], [ 9.251567182692478, 46.925603153450155 ], [ 9.254042166930885, 46.928315436687427 ], [ 9.251342184125349, 46.935849556790942 ], [ 9.240542252903204, 46.940746734858223 ], [ 9.237504772246975, 46.946321983734826 ], [ 9.237954769381231, 46.955890316266292 ], [ 9.245717219947148, 46.95777384629217 ], [ 9.247292209917044, 46.960034082323226 ], [ 9.243917231410123, 46.967191496421563 ], [ 9.247967205618428, 46.976759828953028 ], [ 9.2449297249622, 46.983389854644123 ], [ 9.247854706334865, 46.988588397515549 ], [ 9.246617214215661, 46.993259551979733 ], [ 9.250892186991093, 46.996574564825281 ], [ 9.249317197021197, 47.001773107696707 ], [ 9.244029730693688, 47.008704498191939 ], [ 9.242567240007356, 47.018800219130654 ], [ 9.237504772246975, 47.025204221218637 ], [ 9.231317311650953, 47.027087751244515 ], [ 9.22119237613019, 47.034471188945965 ], [ 9.216017409086245, 47.03424516534286 ], [ 9.209829948490224, 47.037108130982197 ], [ 9.202742493625692, 47.036354718971843 ], [ 9.181705127599219, 47.02738911604866 ], [ 9.176305161988147, 47.030026058084886 ], [ 9.16944270569074, 47.027916504455902 ], [ 9.157630280916518, 47.031532882105594 ], [ 9.139405396979146, 47.040498485028778 ], [ 9.15515529667811, 47.048786017142646 ], [ 9.169667704257868, 47.051121594374735 ], [ 9.18508010610614, 47.061217315313442 ], [ 9.187217592493855, 47.064833692963134 ], [ 9.192955055955622, 47.074176001891495 ], [ 9.190030074582957, 47.086305935258153 ], [ 9.191942562403545, 47.091881184134756 ], [ 9.187555090344548, 47.099038598233093 ], [ 9.191155067418597, 47.111394555202864 ], [ 9.190030074582957, 47.117346510084637 ], [ 9.18901758103088, 47.122695735358135 ], [ 9.182717621151294, 47.126010748203683 ], [ 9.120618016623954, 47.133620209508237 ], [ 9.109368088267551, 47.132640773894778 ], [ 9.100480644865995, 47.134072256714447 ], [ 9.087430727972567, 47.132490091492706 ], [ 9.072918320392809, 47.131209291075109 ], [ 9.068305849766684, 47.131661338281319 ], [ 9.051655955799209, 47.14303785963763 ], [ 9.009356225179136, 47.173475704855832 ], [ 9.005981246672215, 47.174530481670324 ], [ 8.998556293956989, 47.177544129711734 ], [ 8.995743811867889, 47.180708460155209 ], [ 8.982243897840206, 47.184701543810071 ], [ 8.975493940826365, 47.18319471978937 ], [ 8.971556465901624, 47.180256412948999 ], [ 8.963569016768577, 47.181687895768668 ], [ 8.963119019634322, 47.185153591016281 ], [ 8.960081538978093, 47.199091713207785 ], [ 8.965819002439858, 47.200975243233664 ], [ 8.970093975215292, 47.212502446992048 ], [ 8.975381441542801, 47.214159953414821 ], [ 8.972118962319444, 47.218002354667611 ], [ 8.967168993842627, 47.218831107878998 ], [ 8.956931559038301, 47.217700989863474 ], [ 8.94264415002567, 47.219509178688313 ], [ 8.841732292668741, 47.209413457749605 ], [ 8.823394909447806, 47.212879152997225 ], [ 8.81011999398725, 47.221166685111086 ], [ 8.809669996852994, 47.221468049915231 ], [ 8.796957577810261, 47.240378691375057 ], [ 8.803820034107666, 47.248063493880643 ], [ 8.810232493270815, 47.2492689530972 ], [ 8.827894880790367, 47.25280998954586 ], [ 8.829582370043827, 47.2518305539324 ], [ 8.835882329923411, 47.250700435916869 ], [ 8.838919810579641, 47.248364858684781 ], [ 8.843307282638637, 47.248289517483748 ], [ 8.85286972174158, 47.252508624741715 ], [ 8.856582198099193, 47.245652575447515 ], [ 8.861869664426701, 47.244597798633023 ], [ 8.871319604246079, 47.246632011060974 ], [ 8.874807082036565, 47.248967588293063 ], [ 8.874694582752999, 47.253262036752069 ], [ 8.886394508243658, 47.254090789963456 ], [ 8.909344362090719, 47.258008532417286 ], [ 8.911706847045563, 47.256049661190367 ], [ 8.936906686563905, 47.261850933670075 ], [ 8.941631656473593, 47.268556300562203 ], [ 8.945344132831206, 47.270665854191186 ], [ 8.942306652174977, 47.273378137428452 ], [ 8.948381613487435, 47.276391785469862 ], [ 8.94961910560664, 47.282268399150603 ], [ 8.94736911993536, 47.283323175965094 ], [ 8.94264415002567, 47.281213622336111 ], [ 8.942306652174977, 47.284905341186835 ], [ 8.934994198743317, 47.289651836852052 ], [ 8.949844104173767, 47.293494238104842 ], [ 8.958281550441068, 47.305850195074612 ], [ 8.976393935094876, 47.308411795909805 ], [ 8.986293872048511, 47.320692411678536 ], [ 8.978643920766157, 47.328301872983083 ], [ 8.980443909303181, 47.33900032353008 ], [ 8.974706445841417, 47.341335900762168 ], [ 8.975381441542801, 47.348719338463617 ], [ 8.973018956587957, 47.353767198932971 ], [ 8.968743983812523, 47.355500046556777 ], [ 8.961431530380862, 47.3551233405516 ], [ 8.95243158769574, 47.373129887599006 ], [ 8.949506606323075, 47.375992853238344 ], [ 8.94489413569695, 47.377198312454908 ], [ 8.946131627816154, 47.379609230888029 ], [ 8.955806566202661, 47.382698220130472 ], [ 8.958844046858889, 47.387670739398793 ], [ 8.966831495991935, 47.386465280182229 ], [ 8.969081481663215, 47.392341893862969 ], [ 8.972681458737263, 47.392567917466074 ], [ 8.976843932229134, 47.400554084775806 ], [ 8.973581453005776, 47.405752627647232 ], [ 8.977743926497645, 47.411704582529005 ], [ 8.983143892108718, 47.413588112554883 ], [ 8.989893849122559, 47.412684018142464 ], [ 8.993493826196609, 47.424361904302913 ], [ 8.990906342674636, 47.426546799132936 ], [ 8.991131341241765, 47.430615223988831 ], [ 8.98854385771979, 47.43069056518987 ], [ 9.001031278195398, 47.433478189628168 ], [ 9.000468781777577, 47.436491837669578 ], [ 9.004631255269446, 47.435512402056119 ], [ 9.011268712999724, 47.436567178870611 ], [ 9.013293700103876, 47.434909672447837 ], [ 9.019931157834154, 47.438224685293385 ], [ 9.023306136341073, 47.442895839757561 ], [ 9.02904359980284, 47.438224685293385 ], [ 9.039281034607166, 47.442820498556529 ], [ 9.04389350523329, 47.441690380541004 ], [ 9.047043485173084, 47.444176640175158 ], [ 9.053568443619797, 47.445156075788617 ], [ 9.059643404932254, 47.444553346180335 ], [ 9.05896840923087, 47.447039605814496 ], [ 9.06403087699125, 47.447642335422778 ], [ 9.055818429291078, 47.449902571453833 ], [ 9.051318457948517, 47.454272361113873 ], [ 9.044793499501804, 47.455101114325259 ], [ 9.028368604101455, 47.459169539181161 ], [ 9.027693608400071, 47.46142977521221 ], [ 9.028931100519276, 47.462183187222564 ], [ 9.031518584041248, 47.463237964037056 ], [ 9.030281091922044, 47.46828582450641 ], [ 9.009806222313392, 47.473635049779908 ], [ 9.009806222313392, 47.47717608622856 ], [ 9.009806222313392, 47.480867805079285 ], [ 9.004743754553012, 47.482299287898954 ], [ 9.011943708701107, 47.486819759961065 ], [ 9.013518698671005, 47.490737502414888 ], [ 9.018581166431385, 47.491415573224209 ], [ 9.021393648520487, 47.489682725600396 ], [ 9.027468609832944, 47.49134023202317 ], [ 9.029718595504225, 47.490134772806606 ], [ 9.043331008815471, 47.497216845703917 ], [ 9.051205958664951, 47.491038867219032 ], [ 9.055143433589693, 47.491038867219032 ], [ 9.057168420693845, 47.488853972389009 ], [ 9.063805878424123, 47.493751150456298 ], [ 9.065830865528275, 47.492168985234557 ], [ 9.07629329889973, 47.49382649165733 ], [ 9.081805763794367, 47.496463433693563 ], [ 9.085968237286234, 47.493374444451121 ], [ 9.087543227256131, 47.489682725600396 ], [ 9.09226819716582, 47.484107476723793 ], [ 9.09868065632897, 47.485237594739324 ], [ 9.100030647731739, 47.486819759961065 ], [ 9.114093058177241, 47.485689641945534 ], [ 9.117243038117033, 47.481018487481357 ], [ 9.125342986533642, 47.482675993904131 ], [ 9.125455485817207, 47.48493622993518 ], [ 9.130180455726897, 47.485840324347606 ], [ 9.137380409874993, 47.486895101162098 ], [ 9.143342871903887, 47.485915665548639 ], [ 9.15909277160285, 47.490360796409718 ], [ 9.163930240796104, 47.498045598915297 ], [ 9.162017752975515, 47.500908564554635 ], [ 9.167192720019459, 47.505353695415714 ], [ 9.172592685630534, 47.50460028340536 ], [ 9.170455199242816, 47.499627764137038 ], [ 9.174955170585378, 47.496162068889419 ], [ 9.178892645510118, 47.498422304920474 ], [ 9.182155124733475, 47.498422304920474 ], [ 9.184180111837627, 47.492847056043871 ], [ 9.190592571000776, 47.494203197662507 ], [ 9.194417546641954, 47.492470350038701 ], [ 9.194305047358389, 47.490360796409718 ], [ 9.198017523716002, 47.491641596827314 ], [ 9.202742493625692, 47.490210114007645 ], [ 9.21106744060943, 47.490586820012822 ], [ 9.207692462102507, 47.487799195574517 ], [ 9.210279945624482, 47.481395193486527 ], [ 9.214329919832785, 47.480340416672036 ], [ 9.218604892608219, 47.484408841527937 ], [ 9.225579848189188, 47.485614300744501 ], [ 9.23345479803867, 47.48455952393001 ], [ 9.238292267231923, 47.482223946697914 ], [ 9.245942218514276, 47.481395193486527 ], [ 9.24830470346912, 47.477326768630633 ], [ 9.252129679110297, 47.475970627011996 ], [ 9.26450460030234, 47.475819944609931 ], [ 9.275192032240922, 47.480114393068931 ], [ 9.279804502867048, 47.480717122677213 ], [ 9.282391986389019, 47.484333500326905 ], [ 9.28801695056722, 47.483429405914478 ], [ 9.289254442686424, 47.481244511084462 ], [ 9.301404365311338, 47.479059616254439 ], [ 9.322329232054248, 47.492018302832491 ], [ 9.318954253547327, 47.501360611760845 ], [ 9.316141771458227, 47.501888000168094 ], [ 9.309954310862205, 47.498874352126684 ], [ 9.309616813011512, 47.502641412178448 ], [ 9.311529300832101, 47.508593367060222 ], [ 9.316254270741791, 47.508518025859189 ], [ 9.318279257845942, 47.51002484987989 ], [ 9.304666844534696, 47.516805557973058 ], [ 9.303991848833313, 47.51394259233372 ], [ 9.292629421193345, 47.508216661055044 ], [ 9.288129449850786, 47.508819390663326 ], [ 9.284754471343863, 47.507237225441592 ], [ 9.275867027942306, 47.508216661055044 ], [ 9.270017065196978, 47.512887815519228 ], [ 9.276879521494383, 47.514469980740962 ], [ 9.281491992120507, 47.511380991498527 ], [ 9.281041994986252, 47.515223392751317 ], [ 9.283741977791788, 47.516052145962703 ], [ 9.285879464179505, 47.519593182411356 ], [ 9.283629478508225, 47.521928759643444 ], [ 9.288916944835734, 47.522983536457936 ], [ 9.296341897550958, 47.5241889956745 ], [ 9.29780438823729, 47.525695819695201 ], [ 9.302304359579852, 47.525620478494169 ], [ 9.304441845967567, 47.52757934972108 ], [ 9.309504313727949, 47.526750596509693 ], [ 9.314229283637637, 47.523661607267258 ], [ 9.313891785786947, 47.528935491339716 ], [ 9.317829260711687, 47.530291632958352 ], [ 9.316704267876046, 47.531647774576982 ], [ 9.319854247815838, 47.532928574994578 ], [ 9.329191688351653, 47.529914926953175 ], [ 9.33132917473937, 47.5310450449687 ], [ 9.338191631036775, 47.53014095055628 ], [ 9.340666615275182, 47.532853233793546 ], [ 9.340441616708056, 47.526373890504523 ], [ 9.345166586617744, 47.521552053638274 ], [ 9.357654007093352, 47.520949324029992 ], [ 9.355629019989198, 47.516805557973058 ], [ 9.351466546497329, 47.516805557973058 ], [ 9.347304073005461, 47.513264521524405 ], [ 9.347529071572588, 47.509572802673681 ], [ 9.344041593782105, 47.507839955049874 ], [ 9.340554115991619, 47.508292002256084 ], [ 9.337741633902519, 47.503922212596045 ], [ 9.343029100230028, 47.505052330611569 ], [ 9.35652901425771, 47.502340047374304 ], [ 9.358104004227606, 47.504826307008464 ], [ 9.365978954077089, 47.503168800585691 ], [ 9.375428893896466, 47.501435952961884 ], [ 9.375091396045775, 47.496463433693563 ], [ 9.370028928285393, 47.494203197662507 ], [ 9.373741404643006, 47.491566255626275 ], [ 9.369128934016882, 47.488853972389009 ], [ 9.367778942614112, 47.486819759961065 ], [ 9.374416400344391, 47.486744418760026 ], [ 9.376666386015671, 47.488401925182799 ], [ 9.381728853776051, 47.488552607584872 ], [ 9.380941358791103, 47.486895101162098 ], [ 9.390053800759789, 47.482751335105164 ], [ 9.392528784998198, 47.478607569048229 ], [ 9.398266248459963, 47.476498015419246 ], [ 9.400628733414807, 47.479436322259616 ], [ 9.403328716220344, 47.485991006749678 ], [ 9.40209122410114, 47.48749783077038 ], [ 9.405016205473805, 47.488853972389009 ], [ 9.407491189712212, 47.495182633275967 ], [ 9.411091166786262, 47.494956609672862 ], [ 9.414916142427439, 47.498874352126684 ], [ 9.418966116635744, 47.498422304920474 ], [ 9.422678592993357, 47.49774423411116 ], [ 9.426616067918097, 47.502792094580514 ], [ 9.437078501289552, 47.507915296250907 ], [ 9.504015575010145, 47.548599544809896 ] ], [ [ 9.323566724173451, 47.247536105473394 ], [ 9.333354161843522, 47.250851118318941 ], [ 9.343816595214976, 47.250775777117909 ], [ 9.350791550795945, 47.246255305055797 ], [ 9.365528956942832, 47.244823822236128 ], [ 9.38364134159664, 47.235556854508808 ], [ 9.403328716220344, 47.238871867354355 ], [ 9.416266133830206, 47.247837470277538 ], [ 9.427628561470172, 47.248666223488925 ], [ 9.448553428213081, 47.257255120406931 ], [ 9.452603402421387, 47.261474227664898 ], [ 9.474090765582115, 47.272549384217065 ], [ 9.482303213282288, 47.282871128758885 ], [ 9.486353187490593, 47.285056023588908 ], [ 9.491865652385229, 47.300953017007323 ], [ 9.490515660982462, 47.303213253038379 ], [ 9.497378117279867, 47.307281677894274 ], [ 9.494003138772946, 47.314439091992618 ], [ 9.499628102951148, 47.319938999668182 ], [ 9.504128074293709, 47.338623617524902 ], [ 9.504240573577272, 47.34879467966465 ], [ 9.503678077159453, 47.355726070159882 ], [ 9.50221558647312, 47.362280754649944 ], [ 9.500303098652532, 47.363109507861331 ], [ 9.501990587905992, 47.369212145145177 ], [ 9.500303098652532, 47.370718969165878 ], [ 9.506603058532118, 47.375842170836272 ], [ 9.504465572144401, 47.376595582846626 ], [ 9.504015575010145, 47.385335162166704 ], [ 9.509190542054089, 47.394300765089888 ], [ 9.510315534889731, 47.395958271512661 ], [ 9.543840321391809, 47.401382837987192 ], [ 9.546540304197345, 47.399800672765451 ], [ 9.54474031566032, 47.396410318718871 ], [ 9.548002794883677, 47.39490349469817 ], [ 9.55452775333039, 47.395506224306452 ], [ 9.556777739001671, 47.39784180153854 ], [ 9.568477664492329, 47.401834885193402 ], [ 9.575115122222607, 47.405451262843087 ], [ 9.576127615774684, 47.405903310049304 ], [ 9.57657761290894, 47.406204674853441 ], [ 9.584227564191293, 47.410273099709343 ], [ 9.584340063474857, 47.41102651171969 ], [ 9.592327512607902, 47.412684018142464 ], [ 9.599639966039565, 47.414190842163165 ], [ 9.604702433799945, 47.415245618977657 ], [ 9.60481493308351, 47.415320960178697 ], [ 9.606052425202714, 47.415546983781802 ], [ 9.606052425202714, 47.415622324982834 ], [ 9.599864964606692, 47.41840994942114 ], [ 9.597727478218976, 47.419464726235631 ], [ 9.595927489681952, 47.420293479447018 ], [ 9.591990014757211, 47.422101668271857 ], [ 9.591540017622954, 47.422327691874962 ], [ 9.591202519772263, 47.422478374277034 ], [ 9.590640023354442, 47.422779739081179 ], [ 9.589965027653058, 47.425793387122582 ], [ 9.589740029085931, 47.426772822736041 ], [ 9.60256494741223, 47.431067271195047 ], [ 9.603352442397178, 47.431368635999185 ], [ 9.608302410873995, 47.433026142421959 ], [ 9.619327340663268, 47.438526050097522 ], [ 9.627427289079877, 47.44048492132444 ], [ 9.63113976543749, 47.441313674535827 ], [ 9.632377257556694, 47.443573910566883 ], [ 9.630577269019671, 47.445834146597932 ], [ 9.613364878634375, 47.450580642263148 ], [ 9.598289974636796, 47.457888738763558 ], [ 9.597277481084721, 47.459998292392548 ], [ 9.59030252550375, 47.459244880382194 ], [ 9.590527524070879, 47.460601022000823 ], [ 9.581302582818628, 47.46399137604741 ], [ 9.56319019816482, 47.464292740851548 ], [ 9.558915225389388, 47.466176270877426 ], [ 9.5541902554797, 47.465573541269144 ], [ 9.548002794883677, 47.46444342325362 ], [ 9.54834029273437, 47.468511848109515 ], [ 9.544290318526064, 47.470320036934361 ], [ 9.533827885154611, 47.469189918918836 ], [ 9.530790404498383, 47.466251612078466 ], [ 9.52707792814077, 47.462861258031879 ], [ 9.527527925275026, 47.461354434011177 ], [ 9.53214039590115, 47.455553161531469 ], [ 9.527302926707897, 47.454799749521122 ], [ 9.525390438887309, 47.452916219495243 ], [ 9.520552969694055, 47.453217584299381 ], [ 9.515378002650111, 47.450882007067293 ], [ 9.50975303847191, 47.450655983464188 ], [ 9.504578071427964, 47.446738241010358 ], [ 9.495915626593534, 47.443649251767916 ], [ 9.469253296388862, 47.439430144509949 ], [ 9.465090822896993, 47.436793202473716 ], [ 9.454178392391283, 47.43408091923645 ], [ 9.453278398122769, 47.432574095215749 ], [ 9.445290948989724, 47.435512402056119 ], [ 9.436066007737475, 47.435889108061296 ], [ 9.433703522782631, 47.430841247591935 ], [ 9.436066007737475, 47.422327691874962 ], [ 9.43145353711135, 47.419163361431487 ], [ 9.434153519916887, 47.415019595374552 ], [ 9.429878547141453, 47.4140401597611 ], [ 9.42920355144007, 47.411930606132117 ], [ 9.427066065052353, 47.40854025208553 ], [ 9.414353646009619, 47.406807404461723 ], [ 9.409966173950622, 47.403869097621353 ], [ 9.398941244161348, 47.401985567595474 ], [ 9.393541278550273, 47.402588297203756 ], [ 9.389153806491278, 47.406581380858619 ], [ 9.379591367388336, 47.408690934487602 ], [ 9.372841410374495, 47.408992299291739 ], [ 9.359791493481067, 47.403492391616176 ], [ 9.355629019989198, 47.404773192033772 ], [ 9.341004113125875, 47.400855449579943 ], [ 9.334029157544906, 47.400930790780983 ], [ 9.330541679754422, 47.402738979605822 ], [ 9.32660420482968, 47.40175954399237 ], [ 9.319516749965146, 47.398670554749927 ], [ 9.304441845967567, 47.396711683523009 ], [ 9.295441903282446, 47.39829384874475 ], [ 9.280816996419123, 47.399649990363379 ], [ 9.27316704513677, 47.402286932399612 ], [ 9.26956706806272, 47.40078010837891 ], [ 9.266304588839365, 47.402512956002717 ], [ 9.259329633258394, 47.400102037569596 ], [ 9.257304646154243, 47.40213624999754 ], [ 9.253367171229502, 47.402060908796507 ], [ 9.237729770814102, 47.397540436734396 ], [ 9.233792295889362, 47.399273284358209 ], [ 9.233342298755105, 47.389328245821567 ], [ 9.224229856786419, 47.388951539816389 ], [ 9.22006738329455, 47.385937891774986 ], [ 9.223104863950779, 47.379533889686996 ], [ 9.221079876846627, 47.377424336058013 ], [ 9.222092370398704, 47.374561370418675 ], [ 9.214329919832785, 47.369588851150354 ], [ 9.214217420549222, 47.366424520706879 ], [ 9.211179939892993, 47.364540990681 ], [ 9.200155010103718, 47.362883484258226 ], [ 9.192505058821364, 47.363938261072718 ], [ 9.197230028731054, 47.354821975747463 ], [ 9.206117472132611, 47.358815059402325 ], [ 9.208479957087457, 47.357383576582656 ], [ 9.199930011536591, 47.349171385669827 ], [ 9.206904967117559, 47.343596136793224 ], [ 9.207804961386072, 47.340582488751821 ], [ 9.223104863950779, 47.344575572406683 ], [ 9.22591734603988, 47.343822160396329 ], [ 9.234692290157874, 47.333425074653476 ], [ 9.21106744060943, 47.32227457690027 ], [ 9.214217420549222, 47.321069117683713 ], [ 9.219054889742473, 47.309240549121192 ], [ 9.218042396190398, 47.300953017007323 ], [ 9.225467348905624, 47.294096967713124 ], [ 9.218267394757525, 47.285809435599255 ], [ 9.209492450639532, 47.281514987140255 ], [ 9.20746746353538, 47.277747927088491 ], [ 9.218267394757525, 47.27232336061396 ], [ 9.23457979087431, 47.266898794139429 ], [ 9.242567240007356, 47.266145382129082 ], [ 9.248867199886941, 47.267501523747711 ], [ 9.258429638989883, 47.264713899309413 ], [ 9.268217076659953, 47.269912442180839 ], [ 9.275192032240922, 47.271494607402573 ], [ 9.276767022210818, 47.266974135340469 ], [ 9.285541966328811, 47.266974135340469 ], [ 9.298704382505804, 47.258761944427633 ], [ 9.306016835937465, 47.260946839257656 ], [ 9.309841811578641, 47.260193427247302 ], [ 9.309729312295076, 47.25620034359244 ], [ 9.323566724173451, 47.247536105473394 ] ], [ [ 9.477690742656163, 47.490737502414888 ], [ 9.467565807135401, 47.497518210508055 ], [ 9.452940900272079, 47.500456517348425 ], [ 9.450690914600798, 47.502716753379481 ], [ 9.450803413884362, 47.493600468054225 ], [ 9.454740888809102, 47.491415573224209 ], [ 9.466328315016197, 47.489607384399363 ], [ 9.465540820031249, 47.485689641945534 ], [ 9.477690742656163, 47.490737502414888 ] ] ] } },
{ "type": "Feature", "properties": { "kt_id": 18 }, "geometry": { "type": "Polygon", "coordinates": [ [ [ 9.608302410873995, 47.062121409725869 ], [ 9.61853984567832, 47.054963995627524 ], [ 9.63395224752659, 47.052553077194403 ], [ 9.637777223167769, 47.053005124400613 ], [ 9.642614692361022, 47.055265360431669 ], [ 9.646327168718633, 47.061066632911377 ], [ 9.659489584895624, 47.059484467689636 ], [ 9.668264529013619, 47.061217315313442 ], [ 9.670514514684898, 47.060539244504128 ], [ 9.68311443444407, 47.063402210143465 ], [ 9.683339433011197, 47.06023787969999 ], [ 9.689526893607219, 47.056546160849265 ], [ 9.698864334143032, 47.053683195209928 ], [ 9.702914308351337, 47.053532512807863 ], [ 9.706964282559642, 47.051648982781977 ], [ 9.708314273962412, 47.049388746750928 ], [ 9.718214210916045, 47.046149075106413 ], [ 9.719564202318812, 47.044717592286744 ], [ 9.726314159332654, 47.045320321895026 ], [ 9.733401614197188, 47.044717592286744 ], [ 9.739476575509645, 47.043210768266043 ], [ 9.742626555449437, 47.043888839075358 ], [ 9.746564030374177, 47.042382015054656 ], [ 9.749376512463279, 47.038238248997722 ], [ 9.758263955864837, 47.039142343410141 ], [ 9.764451416460858, 47.038690296203931 ], [ 9.768613889952727, 47.0401217790236 ], [ 9.783688793950306, 47.039745073018423 ], [ 9.784701287502383, 47.039745073018423 ], [ 9.791001247381967, 47.036053354167706 ], [ 9.793251233053248, 47.032964364925263 ], [ 9.802701172872625, 47.030402764090063 ], [ 9.809001132752211, 47.025204221218637 ], [ 9.813613603378336, 47.023019326388621 ], [ 9.816763583318128, 47.023848079600008 ], [ 9.825426028152558, 47.020909772759637 ], [ 9.832063485882836, 47.015635888687171 ], [ 9.837463451493909, 47.013827699862333 ], [ 9.842300920687162, 47.016464641898558 ], [ 9.854113345461384, 47.017745442316155 ], [ 9.861988295310866, 47.024601491610355 ], [ 9.868513253757579, 47.022642620383444 ], [ 9.877625695726266, 47.022567279182411 ], [ 9.88167566993457, 47.019327607537896 ], [ 9.87245072868232, 47.014355088269575 ], [ 9.872000731548063, 47.010964734222995 ], [ 9.874250717219343, 47.00780040377952 ], [ 9.890113116201871, 47.002074472500844 ], [ 9.893600593992357, 46.991677386757992 ], [ 9.884375652740106, 46.984595313860687 ], [ 9.885950642710004, 46.982184395427566 ], [ 9.877063199308445, 46.974951640128189 ], [ 9.876950700024882, 46.968773661643304 ], [ 9.872563227965884, 46.964403871983265 ], [ 9.880100679964674, 46.958376575900452 ], [ 9.876275704323497, 46.951671209008325 ], [ 9.877963193576957, 46.94202753527582 ], [ 9.881225672800314, 46.940445370054086 ], [ 9.877513196442701, 46.935924897991974 ], [ 9.881225672800314, 46.936376945198184 ], [ 9.885725644142875, 46.93434273277024 ], [ 9.895850579663637, 46.932911249950571 ], [ 9.901363044558273, 46.928616801491565 ], [ 9.909350493691321, 46.926205883058437 ], [ 9.913625466466753, 46.927336001073968 ], [ 9.917900439242185, 46.922966211413929 ], [ 9.924087899838206, 46.919575857367349 ], [ 9.929712864016407, 46.91814437454768 ], [ 9.938937805268658, 46.914527996897988 ], [ 9.947487750819523, 46.913623902485568 ], [ 9.95581269780326, 46.916637550526971 ], [ 9.960425168429385, 46.917315621336293 ], [ 9.964475142637692, 46.913699243686601 ], [ 9.973025088188557, 46.914754020501093 ], [ 9.974487578874889, 46.916486868124906 ], [ 9.979212548784577, 46.917164938934221 ], [ 9.982137530157242, 46.91467867930006 ], [ 9.983825019410702, 46.907521265201723 ], [ 9.987312497201188, 46.906692511990336 ], [ 9.991474970693055, 46.903678863948926 ], [ 9.997212434154822, 46.903528181546854 ], [ 10.002049903348073, 46.901192604314765 ], [ 10.007224870392019, 46.900062486299241 ], [ 10.011162345316761, 46.901795333923047 ], [ 10.016337312360704, 46.90149396911891 ], [ 10.027812239284236, 46.897124179458871 ], [ 10.029949725671951, 46.893281778206074 ], [ 10.036024686984408, 46.887857211731543 ], [ 10.038724669789946, 46.888083235334648 ], [ 10.042662144714686, 46.88522026969531 ], [ 10.043787137550327, 46.881754574447697 ], [ 10.046824618206555, 46.881302527241488 ], [ 10.054024572354653, 46.877008078782481 ], [ 10.052899579519014, 46.874898525153498 ], [ 10.05222458381763, 46.865706898627209 ], [ 10.056274558025933, 46.862994615389944 ], [ 10.060887028652058, 46.862090520977517 ], [ 10.076299430500329, 46.863220638993049 ], [ 10.082486891096352, 46.861638473771308 ], [ 10.087099361722476, 46.86178915617338 ], [ 10.09306182375137, 46.860131649750606 ], [ 10.093624320169189, 46.852974235652262 ], [ 10.098236790795315, 46.850035928811891 ], [ 10.103411757839259, 46.846268868760134 ], [ 10.106674237062617, 46.84220044390424 ], [ 10.112074202673689, 46.842953855914587 ], [ 10.12051164894099, 46.845440115548747 ], [ 10.121299143925938, 46.848679787193262 ], [ 10.12444912386573, 46.849734564007754 ], [ 10.132886570133033, 46.848604445992223 ], [ 10.140761519982515, 46.848679787193262 ], [ 10.148636469831995, 46.852672870848124 ], [ 10.155948923263658, 46.851618094033633 ], [ 10.15876140535276, 46.849131834399472 ], [ 10.164048871680269, 46.852296164842947 ], [ 10.170461330843416, 46.85191945883777 ], [ 10.173161313648954, 46.85493310687918 ], [ 10.182386254901203, 46.856289248497809 ], [ 10.195098673943939, 46.867741111055153 ], [ 10.200386140271448, 46.867891793457225 ], [ 10.205223609464699, 46.865932922230314 ], [ 10.220636011312971, 46.86856986426654 ], [ 10.234023426057089, 46.867590428653088 ], [ 10.232223437520066, 46.870754759096563 ], [ 10.234248424624218, 46.872939653926579 ], [ 10.233910926773525, 46.877384784787658 ], [ 10.235935913877679, 46.88182991564873 ], [ 10.23571091531055, 46.886953117319123 ], [ 10.228960958296708, 46.891473589381228 ], [ 10.227273469043247, 46.897877591469218 ], [ 10.231773440385808, 46.899610439093031 ], [ 10.23571091531055, 46.9053363703717 ], [ 10.238410898116086, 46.917014256532148 ], [ 10.243585865160032, 46.92063063418184 ], [ 10.242010875190136, 46.925226447444985 ], [ 10.243135868025774, 46.932911249950571 ], [ 10.258885767724738, 46.931103061125725 ], [ 10.259223265575432, 46.931027719924693 ], [ 10.268223208260553, 46.930123625512266 ], [ 10.29499803774879, 46.923116893816001 ], [ 10.298260516972146, 46.921233363790122 ], [ 10.302197991896888, 46.925979859455332 ], [ 10.310972936014881, 46.927109977470863 ], [ 10.317497894461596, 46.926507247862581 ], [ 10.318622887297234, 46.932233179141249 ], [ 10.311647931716266, 46.936904333605433 ], [ 10.307597957507962, 46.941424805667545 ], [ 10.309960442462806, 46.944739818513085 ], [ 10.309172947477858, 46.948582219765882 ], [ 10.310747937447754, 46.951520526606252 ], [ 10.31513540950675, 46.952499962219711 ], [ 10.325935340728897, 46.953479397833171 ], [ 10.329197819952253, 46.95528758665801 ], [ 10.331110307772843, 46.960260105926331 ], [ 10.330435312071458, 46.963123071565668 ], [ 10.332685297742739, 46.968246273236062 ], [ 10.334485286279762, 46.969301050050554 ], [ 10.338197762637375, 46.975931075741642 ], [ 10.342135237562115, 46.979698135793406 ], [ 10.341347742577167, 46.982636442633776 ], [ 10.345960213203293, 46.983992584252405 ], [ 10.347872701023881, 46.990923974747645 ], [ 10.356422646574746, 46.99363625798491 ], [ 10.373410038392915, 46.991978751562137 ], [ 10.379822497556063, 46.996122517619071 ], [ 10.386122457435649, 47.001321060490497 ], [ 10.390734928061775, 47.001848448897739 ], [ 10.400072368597588, 46.998156730047015 ], [ 10.403559846388074, 46.992129433964202 ], [ 10.408172317014198, 46.989869197933146 ], [ 10.412109791938938, 46.985424067072074 ], [ 10.425047209548801, 46.979547453391334 ], [ 10.428534687339287, 46.976232440545786 ], [ 10.427522193787208, 46.970205144462973 ], [ 10.424372213847416, 46.966814790416393 ], [ 10.423809717429597, 46.96123954153979 ], [ 10.429997178025618, 46.957472481488033 ], [ 10.435172145069563, 46.957623163890098 ], [ 10.440009614262816, 46.955814975065259 ], [ 10.450584546917835, 46.953630080235236 ], [ 10.456884506797419, 46.954157468642485 ], [ 10.458346997483751, 46.952123256214534 ], [ 10.46532195306472, 46.949335631776236 ], [ 10.470271921541539, 46.948356196162777 ], [ 10.474546894316971, 46.944212430105843 ], [ 10.480171858495172, 46.941424805667545 ], [ 10.489509299030985, 46.940068664048908 ], [ 10.486696816941887, 46.932760567548499 ], [ 10.489734297598115, 46.927562024677073 ], [ 10.486696816941887, 46.919952563372519 ], [ 10.487596811210398, 46.916712891728011 ], [ 10.484784329121297, 46.913774584887641 ], [ 10.479946859928045, 46.911891054861762 ], [ 10.479159364943097, 46.904733640763418 ], [ 10.476571881421123, 46.902398063531329 ], [ 10.476459382137559, 46.89554201423713 ], [ 10.470609419392229, 46.890644836169841 ], [ 10.46610944804967, 46.885596975700487 ], [ 10.470609419392229, 46.882357304055979 ], [ 10.472634406496383, 46.874220454344183 ], [ 10.471734412227871, 46.867967134658258 ], [ 10.469371927273027, 46.863371321395114 ], [ 10.473196902914204, 46.850035928811891 ], [ 10.470271921541539, 46.849056493198432 ], [ 10.46532195306472, 46.842727832311482 ], [ 10.467909436586694, 46.840768961084571 ], [ 10.467909436586694, 46.837152583434879 ], [ 10.458121998916624, 46.831501993357243 ], [ 10.461721975990672, 46.825851403279607 ], [ 10.457334503931676, 46.823289802444414 ], [ 10.459246991752263, 46.817714553567811 ], [ 10.452159536887731, 46.805509279000113 ], [ 10.449009556947939, 46.80242028975767 ], [ 10.440347112113507, 46.798879253309018 ], [ 10.431009671577694, 46.798050500097631 ], [ 10.428084690205029, 46.790667062396189 ], [ 10.424147215280289, 46.789536944380657 ], [ 10.430447175159873, 46.786598637540287 ], [ 10.435172145069563, 46.783132942292674 ], [ 10.43652213647233, 46.7789138350347 ], [ 10.440684609964201, 46.776502916601579 ], [ 10.443047094919045, 46.773187903756032 ], [ 10.443047094919045, 46.768366066889783 ], [ 10.445297080590326, 46.764523665636986 ], [ 10.445184581306762, 46.758571710755206 ], [ 10.443159594202609, 46.753373167883787 ], [ 10.436859634323024, 46.753900556291029 ], [ 10.42448471313098, 46.746517118589587 ], [ 10.414359777610219, 46.742071987728508 ], [ 10.412447289789631, 46.739435045692275 ], [ 10.401647358567484, 46.734085820418784 ], [ 10.40907231128271, 46.730620125171164 ], [ 10.411097298386862, 46.726853065119407 ], [ 10.415822268296552, 46.721955887052118 ], [ 10.420097241071984, 46.720298380629352 ], [ 10.419422245370599, 46.71577790856724 ], [ 10.416834761848627, 46.713442331335152 ], [ 10.415597269729423, 46.70892185927304 ], [ 10.411434796237554, 46.706736964443017 ], [ 10.404684839223712, 46.706736964443017 ], [ 10.399622371463332, 46.699428867942608 ], [ 10.394672402986515, 46.690463265019424 ], [ 10.388822440241185, 46.688353711390441 ], [ 10.384997464600008, 46.688579734993546 ], [ 10.383197476062985, 46.685566086952143 ], [ 10.386684953853468, 46.683305850921087 ], [ 10.392759915165925, 46.673963541992727 ], [ 10.39287241444949, 46.67313478878134 ], [ 10.392422417315235, 46.669141705126478 ], [ 10.394109906568694, 46.662737703038488 ], [ 10.392422417315235, 46.660100761002255 ], [ 10.395459897971463, 46.655881653744288 ], [ 10.401647358567484, 46.647217415625242 ], [ 10.403672345671637, 46.638101130299987 ], [ 10.410534801969042, 46.636292941475148 ], [ 10.421559731758316, 46.639532613119655 ], [ 10.444847083456068, 46.640662731135187 ], [ 10.447434566978043, 46.642546261161066 ], [ 10.463971961661953, 46.634334070248229 ], [ 10.485684323389808, 46.618663100432919 ], [ 10.493446773955727, 46.616628888004968 ], [ 10.492546779687213, 46.612334439545961 ], [ 10.485909321956937, 46.606307143463155 ], [ 10.488834303329602, 46.599225070565844 ], [ 10.485346825539118, 46.593348456885103 ], [ 10.489284300463858, 46.590711514848877 ], [ 10.485009327688426, 46.582122617930864 ], [ 10.486246819807629, 46.578430899080146 ], [ 10.476121884286869, 46.56773244853315 ], [ 10.475446888585484, 46.56381470607932 ], [ 10.479159364943097, 46.558314798403757 ], [ 10.472521907212819, 46.549575219083678 ], [ 10.473646900048458, 46.544753382217429 ], [ 10.467121941601746, 46.542493146186374 ], [ 10.460484483871468, 46.542568487387406 ], [ 10.460034486737211, 46.53782199172219 ], [ 10.454184523991882, 46.531945378041449 ], [ 10.438097126442226, 46.538650744933577 ], [ 10.419534744654165, 46.552588867125081 ], [ 10.398722377194819, 46.545205429423639 ], [ 10.385672460301393, 46.551308066707485 ], [ 10.380609992541011, 46.551232725506452 ], [ 10.371835048423019, 46.555150467960281 ], [ 10.353497665202083, 46.55695865678512 ], [ 10.351585177381494, 46.550705337099203 ], [ 10.339885251890834, 46.543924629006042 ], [ 10.326160339296024, 46.552890231929226 ], [ 10.312097928850521, 46.547842371459865 ], [ 10.308722950343601, 46.550705337099203 ], [ 10.296798026285813, 46.551157384305412 ], [ 10.295110537032354, 46.552965573130258 ], [ 10.298035518405019, 46.556355927176838 ], [ 10.296573027718686, 46.55997230482653 ], [ 10.289935569988408, 46.565848918507271 ], [ 10.288023082167822, 46.571499508584907 ], [ 10.272498181035985, 46.575191227435631 ], [ 10.270135696081141, 46.578732263884284 ], [ 10.264398232619376, 46.578204875477034 ], [ 10.254948292799998, 46.572478944198366 ], [ 10.247298341517645, 46.575869298244946 ], [ 10.244935856562801, 46.579033628688421 ], [ 10.242910869458647, 46.592821068477861 ], [ 10.260235759127507, 46.611731709937686 ], [ 10.246173348682003, 46.623484937299168 ], [ 10.242573371607955, 46.628306774165416 ], [ 10.240548384503803, 46.636594306279285 ], [ 10.230535948266606, 46.632827246227528 ], [ 10.225360981222661, 46.630265645392335 ], [ 10.220973509163663, 46.625217784922974 ], [ 10.221311007014355, 46.622806866489853 ], [ 10.216698536388229, 46.618211053226709 ], [ 10.207698593703109, 46.622053454479499 ], [ 10.194761176093245, 46.624389031711587 ], [ 10.194086180391862, 46.627176656149892 ], [ 10.184411242005357, 46.625217784922974 ], [ 10.163598874546011, 46.616930252809112 ], [ 10.153698937592377, 46.616101499597725 ], [ 10.145036492757947, 46.612183757143896 ], [ 10.138736532878362, 46.612033074741824 ], [ 10.13783653860985, 46.609019426700421 ], [ 10.129849089476805, 46.606759190669365 ], [ 10.120624148224554, 46.607211237875575 ], [ 10.11466168619566, 46.608341355891099 ], [ 10.108136727748949, 46.611882392339751 ], [ 10.103749255689952, 46.611957733540791 ], [ 10.100261777899465, 46.606683849468325 ], [ 10.102736762137875, 46.602238718607254 ], [ 10.099586782198083, 46.599451094168955 ], [ 10.098461789362442, 46.594478574900634 ], [ 10.102511763570746, 46.59025946764266 ], [ 10.10284926142144, 46.585889677982621 ], [ 10.099586782198083, 46.583177394745356 ], [ 10.096661800825418, 46.578581581482212 ], [ 10.084286879633375, 46.576547369054261 ], [ 10.080011906857942, 46.576396686652195 ], [ 10.081024400410019, 46.572629626600438 ], [ 10.086649364588219, 46.568410519342464 ], [ 10.078999413305866, 46.561931176053442 ], [ 10.072474454859153, 46.559896963625491 ], [ 10.069099476352232, 46.551609431511629 ], [ 10.064937002860363, 46.550027266289888 ], [ 10.062912015756211, 46.547088959449518 ], [ 10.057962047279393, 46.545883500232954 ], [ 10.053349576653268, 46.546260206238131 ], [ 10.048062110325759, 46.545280770624672 ], [ 10.045249628236659, 46.541589051773947 ], [ 10.045362127520225, 46.538650744933577 ], [ 10.047049616773684, 46.536842556108738 ], [ 10.054587068772474, 46.533075496056973 ], [ 10.051887085966936, 46.529986506814538 ], [ 10.055262064473858, 46.523883869530685 ], [ 10.055037065906729, 46.519589421071686 ], [ 10.052787080235449, 46.514616901803365 ], [ 10.048399608176453, 46.511753936164027 ], [ 10.043674638266763, 46.511301888957817 ], [ 10.044124635401019, 46.507610170107093 ], [ 10.0463746210723, 46.503165039246021 ], [ 10.050424595280603, 46.501055485617037 ], [ 10.046937117490121, 46.49766513157045 ], [ 10.046487120355863, 46.491637835487637 ], [ 10.049862098862784, 46.489076234652444 ], [ 10.045249628236659, 46.484329738987228 ], [ 10.044462133251711, 46.48154211454893 ], [ 10.046487120355863, 46.478227101703382 ], [ 10.053124578086141, 46.473028558831956 ], [ 10.052899579519014, 46.469035475177094 ], [ 10.055149565190293, 46.465042391522225 ], [ 10.053799573787526, 46.461652037475645 ], [ 10.047949611042196, 46.458713730635274 ], [ 10.043337140416071, 46.453665870165921 ], [ 10.043674638266763, 46.450049492516229 ], [ 10.04277464399825, 46.449070056902777 ], [ 10.040637157610535, 46.448090621289317 ], [ 10.043449639699634, 46.443871514031351 ], [ 10.057624549428702, 46.442138666407537 ], [ 10.05953703724929, 46.439652406773376 ], [ 10.059424537965725, 46.433248404685393 ], [ 10.061562024353442, 46.429632027035701 ], [ 10.065724497845311, 46.427070426200508 ], [ 10.075624434798947, 46.429707368236741 ], [ 10.081474397544275, 46.427145767401541 ], [ 10.080686902559327, 46.424358142963243 ], [ 10.088111855274551, 46.422549954138397 ], [ 10.095649307273341, 46.423604730952889 ], [ 10.096099304407598, 46.423077342545646 ], [ 10.101836767869363, 46.422625295339429 ], [ 10.109486719151716, 46.429556685834669 ], [ 10.118599161120402, 46.427221108602581 ], [ 10.12051164894099, 46.430310097845016 ], [ 10.128386598790472, 46.43159089826262 ], [ 10.130636584461753, 46.432947039881249 ], [ 10.134349060819366, 46.430310097845016 ], [ 10.144586495623692, 46.429481344633629 ], [ 10.145598989175767, 46.425714284581872 ], [ 10.148411471264868, 46.424207460561171 ], [ 10.150773956219712, 46.414036398421423 ], [ 10.158423907502065, 46.417050046462833 ], [ 10.162923878844627, 46.41494049283385 ], [ 10.167986346605009, 46.408837855549997 ], [ 10.168098845888572, 46.408310467142755 ], [ 10.164048871680269, 46.406351595915837 ], [ 10.163711373829575, 46.400324299833024 ], [ 10.165061365232344, 46.397084628188516 ], [ 10.165173864515907, 46.39188608531709 ], [ 10.163373875978884, 46.38887243727568 ], [ 10.15741141394999, 46.386235495239454 ], [ 10.144023999205871, 46.387440954456011 ], [ 10.128724096641164, 46.378927398739037 ], [ 10.129849089476805, 46.375537044692457 ], [ 10.128161600223343, 46.373728855867611 ], [ 10.130524085178187, 46.362201652109235 ], [ 10.120736647508119, 46.35858527445955 ], [ 10.114999184046354, 46.353914119995366 ], [ 10.111399206972305, 46.354441508402616 ], [ 10.109374219868151, 46.352030589969488 ], [ 10.11072421127092, 46.347510117907376 ], [ 10.107461732047565, 46.343441693051481 ], [ 10.10566174351054, 46.334852796133475 ], [ 10.111174208405178, 46.329051523653767 ], [ 10.115224182613481, 46.322346156761633 ], [ 10.117699166851891, 46.315339425065368 ], [ 10.124786621716424, 46.313305212637417 ], [ 10.134911557237185, 46.307127234152532 ], [ 10.139749026430438, 46.305846433734935 ], [ 10.13896153144549, 46.30223005608525 ], [ 10.146948980578536, 46.296805489610719 ], [ 10.153811436875941, 46.29537400679105 ], [ 10.157973910367811, 46.290476828723762 ], [ 10.156173921830785, 46.28603169786269 ], [ 10.16382387311314, 46.283545438228529 ], [ 10.162586380993936, 46.278422236558136 ], [ 10.164723867381651, 46.275634612119838 ], [ 10.164723867381651, 46.272620964078428 ], [ 10.169223838724212, 46.271264822459798 ], [ 10.173273812932518, 46.267799127212179 ], [ 10.175523798603798, 46.262299219536615 ], [ 10.177886283558642, 46.25951159509831 ], [ 10.176311293588746, 46.255819876247593 ], [ 10.152236446906045, 46.240826977241589 ], [ 10.147286478429228, 46.231786033117373 ], [ 10.135474053655006, 46.227340902256302 ], [ 10.120399149657427, 46.226587490245947 ], [ 10.107011734913307, 46.228847726277003 ], [ 10.096324302974725, 46.229827161890462 ], [ 10.084736876767632, 46.227642267060439 ], [ 10.07213695700846, 46.218450640534151 ], [ 10.059874535099983, 46.22628612544181 ], [ 10.050537094564168, 46.228395679070793 ], [ 10.045249628236659, 46.231635350715301 ], [ 10.055037065906729, 46.237059917189832 ], [ 10.055149565190293, 46.24293653087058 ], [ 10.058187045846523, 46.245121425700596 ], [ 10.058524543697214, 46.247909050138901 ], [ 10.0620120214877, 46.249491215360635 ], [ 10.061787022920571, 46.250093944968917 ], [ 10.059762035816419, 46.254765099433101 ], [ 10.059424537965725, 46.259436253897277 ], [ 10.055037065906729, 46.268251174418388 ], [ 10.052112084534064, 46.268401856820461 ], [ 10.044912130385967, 46.271340163660831 ], [ 10.040187160476279, 46.274730517707411 ], [ 10.030399722806209, 46.278648260161241 ], [ 10.010599848898941, 46.281887931805755 ], [ 9.997324933438385, 46.28595635666165 ], [ 9.993049960662953, 46.297332878017961 ], [ 9.997437432721949, 46.298538337234525 ], [ 10.002274901915204, 46.304791656920443 ], [ 9.997662431289077, 46.308709399374273 ], [ 10.001037409795998, 46.311044976606361 ], [ 10.001487406930254, 46.314284648250876 ], [ 9.996199940602745, 46.315264083864328 ], [ 9.987087498634059, 46.321668085952318 ], [ 9.981575033739421, 46.324380369189583 ], [ 9.985850006514855, 46.330181641669292 ], [ 9.986974999350496, 46.33553086694279 ], [ 9.997437432721949, 46.343592375453554 ], [ 9.99631243988631, 46.34961967153636 ], [ 9.998112428423333, 46.35218127237156 ], [ 9.995074947767105, 46.353612755191229 ], [ 9.98652500221624, 46.353010025582947 ], [ 9.985512508664163, 46.354818214407786 ], [ 9.972575091054299, 46.362050969707163 ], [ 9.965937633324023, 46.365064617748573 ], [ 9.957387687773156, 46.37470829148107 ], [ 9.960087670578694, 46.379454787146287 ], [ 9.954462706400493, 46.380358881558706 ], [ 9.939725300253606, 46.377345233517303 ], [ 9.933312841090457, 46.374934315084175 ], [ 9.931062855419176, 46.372749420254159 ], [ 9.93230034753838, 46.369735772212749 ], [ 9.926112886942359, 46.367174171377556 ], [ 9.925550390524538, 46.370037137016894 ], [ 9.921275417749106, 46.372900102656224 ], [ 9.918012938525749, 46.3717699846407 ], [ 9.910925483661217, 46.380886269965956 ], [ 9.908562998706371, 46.38209172918252 ], [ 9.887638131963463, 46.374406926676933 ], [ 9.881900668501698, 46.369660431011717 ], [ 9.869525747309655, 46.363633134928904 ], [ 9.866488266653427, 46.365893370959959 ], [ 9.857600823251868, 46.364009840934081 ], [ 9.850850866238027, 46.36581802975892 ], [ 9.847475887731107, 46.363105746521654 ], [ 9.83330097800204, 46.361824946104058 ], [ 9.829251003793736, 46.357003109237809 ], [ 9.819013568989408, 46.351126495557068 ], [ 9.810688622005671, 46.349770353938432 ], [ 9.803713666424702, 46.345400564278393 ], [ 9.794376225888888, 46.344647152268045 ], [ 9.789426257412071, 46.34231157503595 ], [ 9.785826280338021, 46.342236233834917 ], [ 9.77986381830913, 46.336660984958314 ], [ 9.770976374907571, 46.337113032164524 ], [ 9.762988925774525, 46.341256798221458 ], [ 9.75893895156622, 46.345626587881497 ], [ 9.748701516761894, 46.349092283129117 ], [ 9.744876541120718, 46.353085366783979 ], [ 9.734976604167084, 46.349996377541537 ], [ 9.731826624227292, 46.346982729500134 ], [ 9.728001648586115, 46.345475905479432 ], [ 9.724401671512066, 46.34193486903078 ], [ 9.726876655750473, 46.339147244592475 ], [ 9.728339146436806, 46.333948701721049 ], [ 9.724626670079193, 46.33251721890138 ], [ 9.724514170795629, 46.330256982870324 ], [ 9.720464196587326, 46.328373452844446 ], [ 9.718664208050301, 46.32520912240097 ], [ 9.719564202318812, 46.322873545168882 ], [ 9.727326652884731, 46.320914673941971 ], [ 9.727101654317602, 46.314510671853981 ], [ 9.725751662914835, 46.311271000209466 ], [ 9.719451703035249, 46.306599845745289 ], [ 9.715626727394072, 46.298462996033493 ], [ 9.715739226677636, 46.294168547574486 ], [ 9.704039301186977, 46.292058993945503 ], [ 9.695376856352548, 46.295147983187945 ], [ 9.689976890741475, 46.295072641986906 ], [ 9.68311443444407, 46.298312313631421 ], [ 9.682551938026249, 46.301175279270758 ], [ 9.677826968116561, 46.304264268513194 ], [ 9.671302009669848, 46.301099938069719 ], [ 9.670514514684898, 46.297558901621066 ], [ 9.664777051223133, 46.298312313631421 ], [ 9.656677102806524, 46.294469912378624 ], [ 9.652289630747527, 46.293791841569309 ], [ 9.65093963934476, 46.291004217131011 ], [ 9.643964683763789, 46.288367275094778 ], [ 9.639689710988357, 46.287689204285464 ], [ 9.636427231764999, 46.287387839481319 ], [ 9.625739799826418, 46.289648075512375 ], [ 9.623602313438701, 46.289045345904093 ], [ 9.620114835648216, 46.288593298697883 ], [ 9.612914881500119, 46.294168547574486 ], [ 9.600539960308076, 46.296956172012784 ], [ 9.594015001861363, 46.294695935981728 ], [ 9.591202519772263, 46.296127418801397 ], [ 9.584452562758422, 46.295524689193115 ], [ 9.58051508783368, 46.296127418801397 ], [ 9.574327627237659, 46.300271184858332 ], [ 9.570840149447175, 46.300723232064541 ], [ 9.562402703179872, 46.304791656920443 ], [ 9.561052711777105, 46.307503940157709 ], [ 9.555652746166032, 46.307202575353571 ], [ 9.550815276972777, 46.303586197703879 ], [ 9.540352843601324, 46.309312128982555 ], [ 9.534502880855996, 46.313832601044659 ], [ 9.519877973992672, 46.328072088040308 ], [ 9.519090479007723, 46.332366536499315 ], [ 9.515490501933675, 46.333571995715872 ], [ 9.513240516262394, 46.337640420571773 ], [ 9.512003024143191, 46.343441693051481 ], [ 9.509415540621218, 46.349695012737399 ], [ 9.50975303847191, 46.352708660778802 ], [ 9.506490559248553, 46.353763437593294 ], [ 9.501765589338865, 46.357379815242986 ], [ 9.501203092921044, 46.360920851691638 ], [ 9.4960281258771, 46.366270076965137 ], [ 9.488603173161874, 46.367400194980661 ], [ 9.483315706834365, 46.369133042604467 ], [ 9.480615724028828, 46.372448055450015 ], [ 9.466215815732633, 46.375084997486248 ], [ 9.462053342240765, 46.377194551115231 ], [ 9.464078329344916, 46.380283540357674 ], [ 9.462953336509276, 46.384728671218745 ], [ 9.46644081429976, 46.3854820832291 ], [ 9.469928292090245, 46.390153237693276 ], [ 9.467678306418964, 46.393242226935719 ], [ 9.468015804269658, 46.399420205420604 ], [ 9.46531582146412, 46.406577619518941 ], [ 9.462840837225713, 46.410495361972771 ], [ 9.462840837225713, 46.413433668813141 ], [ 9.458340865883152, 46.416447316854551 ], [ 9.457553370898204, 46.417125387663866 ], [ 9.456990874480383, 46.417652776071115 ], [ 9.45552838379405, 46.422022565731154 ], [ 9.45744087161464, 46.430234756643983 ], [ 9.458903362300971, 46.433549769489531 ], [ 9.458340865883152, 46.43791955914957 ], [ 9.461940842957201, 46.443796172830311 ], [ 9.461265847255817, 46.452159046145212 ], [ 9.459915855853048, 46.459090436640452 ], [ 9.46025335370374, 46.464590344316015 ], [ 9.465428320747684, 46.467905357161563 ], [ 9.466665812866889, 46.470919005202973 ], [ 9.464078329344916, 46.481768138152034 ], [ 9.450915913167925, 46.481240749744785 ], [ 9.450353416750106, 46.485610539404824 ], [ 9.462278340807892, 46.486062586611034 ], [ 9.464078329344916, 46.498870590787014 ], [ 9.462278340807892, 46.506706075694673 ], [ 9.465540820031249, 46.509192335328834 ], [ 9.459803356569484, 46.509569041334004 ], [ 9.456315878778998, 46.506555393292601 ], [ 9.43539101203609, 46.499247296792191 ], [ 9.43201603352917, 46.49472682473008 ], [ 9.426053571500276, 46.489829646662798 ], [ 9.427628561470172, 46.487192704626565 ], [ 9.425828572933149, 46.48402837418309 ], [ 9.425716073649586, 46.477925736899238 ], [ 9.418966116635744, 46.473329923636093 ], [ 9.414916142427439, 46.468432745568812 ], [ 9.411991161054774, 46.468056039563635 ], [ 9.391066294311866, 46.474309359249553 ], [ 9.389378805058405, 46.480261314131333 ], [ 9.386453823685741, 46.483425644574808 ], [ 9.377116383149927, 46.486665316219316 ], [ 9.374641398911518, 46.490507717472113 ], [ 9.372503912523802, 46.490658399874185 ], [ 9.369578931151137, 46.495706260343539 ], [ 9.371153921121033, 46.498945931988047 ], [ 9.374528899627954, 46.501055485617037 ], [ 9.374641398911518, 46.504822545668794 ], [ 9.374528899627954, 46.504897886869827 ], [ 9.368903935449753, 46.506856758096738 ], [ 9.365528956942832, 46.510322453344358 ], [ 9.363616469122244, 46.510774500550568 ], [ 9.356304015690583, 46.505500616478109 ], [ 9.352366540765843, 46.506630734493633 ], [ 9.340329117424492, 46.505048569271899 ], [ 9.338754127454596, 46.507233464101915 ], [ 9.312316795817051, 46.505425275277076 ], [ 9.306354333788157, 46.502185603632562 ], [ 9.291954425491962, 46.498343202379765 ], [ 9.284304474209607, 46.498041837575627 ], [ 9.280366999284867, 46.492993977106273 ], [ 9.280816996419123, 46.49080908227625 ], [ 9.275642029375177, 46.48493246859551 ], [ 9.278792009314971, 46.480336655332366 ], [ 9.277554517195767, 46.473480606038166 ], [ 9.275192032240922, 46.470994346404005 ], [ 9.275529530091614, 46.464665685517055 ], [ 9.279017007882098, 46.462932837893241 ], [ 9.275192032240922, 46.45803565982596 ], [ 9.271479555883309, 46.45502201178455 ], [ 9.263492106750263, 46.451330292933825 ], [ 9.254042166930885, 46.45072756332555 ], [ 9.248192204185557, 46.448015280088285 ], [ 9.24999219272258, 46.439426383170272 ], [ 9.249429696304761, 46.43452920510299 ], [ 9.251117185558222, 46.432268969071934 ], [ 9.262029616063931, 46.426241672989121 ], [ 9.264729598869469, 46.421796542128043 ], [ 9.270917059465489, 46.419385623694922 ], [ 9.274517036539539, 46.420515741710446 ], [ 9.277217019345073, 46.419234941292849 ], [ 9.278117013613587, 46.416221293251446 ], [ 9.281716990687634, 46.414337763225568 ], [ 9.28329198065753, 46.406351595915837 ], [ 9.280929495702686, 46.399495546621637 ], [ 9.276654522927254, 46.396180533776089 ], [ 9.279692003583483, 46.390303920095349 ], [ 9.284754471343863, 46.387516295657051 ], [ 9.284754471343863, 46.384879353620818 ], [ 9.279129507165663, 46.380283540357674 ], [ 9.277329518628639, 46.369057701403435 ], [ 9.280029501434175, 46.367852242186871 ], [ 9.283741977791788, 46.359112662866792 ], [ 9.297691888953727, 46.356852426835736 ], [ 9.298929381072931, 46.349318306732222 ], [ 9.301179366744211, 46.34487317587115 ], [ 9.294316910446806, 46.339599291798685 ], [ 9.293641914745422, 46.33553086694279 ], [ 9.299941874625008, 46.327017311225816 ], [ 9.297016893252342, 46.323702298380269 ], [ 9.296341897550958, 46.319106485117125 ], [ 9.292404422626218, 46.316846249086069 ], [ 9.286554459880888, 46.315640789869505 ], [ 9.282841983523276, 46.310442246998079 ], [ 9.284866970627428, 46.307127234152532 ], [ 9.286329461313761, 46.298161631229348 ], [ 9.275304531524487, 46.292511041151712 ], [ 9.269004571644901, 46.283394755826457 ], [ 9.260454626094035, 46.279778378176772 ], [ 9.260117128243342, 46.279477013372627 ], [ 9.260454626094035, 46.274353811702241 ], [ 9.258317139706318, 46.270662092851516 ], [ 9.258204640422754, 46.270662092851516 ], [ 9.253367171229502, 46.268627880423566 ], [ 9.253254671945937, 46.268477198021493 ], [ 9.253142172662374, 46.267949809614251 ], [ 9.254379664781577, 46.263580019954212 ], [ 9.250329690573274, 46.257402041469327 ], [ 9.252579676244553, 46.25265554580411 ], [ 9.249542195588324, 46.248737803350288 ], [ 9.250892186991093, 46.246025520113015 ], [ 9.251004686274657, 46.240902318442629 ], [ 9.249767194155453, 46.235025704761888 ], [ 9.247629707767736, 46.233292857138075 ], [ 9.236717277262025, 46.234648998756711 ], [ 9.222429868249396, 46.230203867895632 ], [ 9.224229856786419, 46.225080666225246 ], [ 9.221417374697319, 46.221916335781771 ], [ 9.22006738329455, 46.215512333693781 ], [ 9.215567411951991, 46.211971297245128 ], [ 9.208142459236765, 46.211368567636846 ], [ 9.203867486461331, 46.209711061214072 ], [ 9.198917517984514, 46.200293411084679 ], [ 9.198692519417387, 46.197129080641197 ], [ 9.196105035895414, 46.194868844610149 ], [ 9.196667532313233, 46.190649737352174 ], [ 9.199255015835206, 46.188238818919054 ], [ 9.196105035895414, 46.185300512078683 ], [ 9.195205041626902, 46.17964992200104 ], [ 9.188792582463751, 46.176184226753428 ], [ 9.184967606822575, 46.171588413490284 ], [ 9.182267624017038, 46.17038295427372 ], [ 9.174055176316866, 46.172191143098566 ], [ 9.170005202108561, 46.172643190304775 ], [ 9.161230257990567, 46.170985683882002 ], [ 9.154255302409597, 46.171513072289244 ], [ 9.140417890531221, 46.179875945604145 ], [ 9.133330435666689, 46.184773123671434 ], [ 9.13198044426392, 46.189670301738722 ], [ 9.117580535967726, 46.203307059126082 ], [ 9.090243210061669, 46.213553462466862 ], [ 9.089005717942463, 46.214758921683426 ], [ 9.080905769525854, 46.234347633952567 ], [ 9.075730802481909, 46.232991492333937 ], [ 9.07269332182568, 46.23645718758155 ], [ 9.077080793884678, 46.239320153220888 ], [ 9.078768283138137, 46.261621148727293 ], [ 9.073255818243501, 46.26892924522771 ], [ 9.064818371976198, 46.274278470501201 ], [ 9.06369337914056, 46.277367459743644 ], [ 9.059193407797999, 46.282942708620247 ], [ 9.055480931440385, 46.296052077600365 ], [ 9.061443393469279, 46.298462996033493 ], [ 9.071118331855784, 46.308935422977378 ], [ 9.076180799616164, 46.31586681347261 ], [ 9.073593316094193, 46.320236603132649 ], [ 9.066955858363915, 46.32528446360201 ], [ 9.065605866961146, 46.328900841251695 ], [ 9.070893333288655, 46.333798019318976 ], [ 9.067743353348863, 46.337489738169701 ], [ 9.070443336154399, 46.344797834670111 ], [ 9.072805821109245, 46.34487317587115 ], [ 9.083043255913571, 46.350071718742576 ], [ 9.089230716509592, 46.350523765948786 ], [ 9.093280690717897, 46.357982544851268 ], [ 9.095305677822049, 46.373352149862441 ], [ 9.096655669224818, 46.37523567988832 ], [ 9.088443221524644, 46.390077896492244 ], [ 9.092605695016513, 46.397009286987476 ], [ 9.097443164209766, 46.400851688240273 ], [ 9.091480702180872, 46.405974889910659 ], [ 9.091818200031565, 46.40800910233861 ], [ 9.102955629104404, 46.411776162390368 ], [ 9.1045306190743, 46.414337763225568 ], [ 9.090355709345232, 46.433323745886426 ], [ 9.090805706479488, 46.438070241551642 ], [ 9.088218222957515, 46.444926290845842 ], [ 9.093505689285024, 46.450200174918301 ], [ 9.096205672090562, 46.461802719877717 ], [ 9.086418234420492, 46.472124464419529 ], [ 9.086755732271182, 46.476569595280608 ], [ 9.07966827740665, 46.479281878517874 ], [ 9.074493310362705, 46.48154211454893 ], [ 9.06178089131997, 46.477775054497172 ], [ 9.055143433589693, 46.478151760502342 ], [ 9.046930985889519, 46.482370867760316 ], [ 9.0491809715608, 46.484781786193437 ], [ 9.047605981590904, 46.48787077543588 ], [ 9.040181028875677, 46.492843294704201 ], [ 9.041418520994881, 46.494952848333185 ], [ 9.036356053234501, 46.501658215225312 ], [ 9.029943594071351, 46.50452118086465 ], [ 9.024656127743842, 46.510397794545391 ], [ 9.024431129176715, 46.520267491881 ], [ 9.02150614780405, 46.529233094804184 ], [ 9.018468667147822, 46.530438554020748 ], [ 9.017906170730001, 46.533376860861118 ], [ 9.022856139206819, 46.535335732088029 ], [ 9.023981132042458, 46.538952109737721 ], [ 9.020493654251974, 46.548595783470219 ], [ 9.025893619863048, 46.556506609578911 ], [ 9.024543628460279, 46.559444916419281 ], [ 9.027806107683634, 46.563061294068973 ], [ 9.0279186069672, 46.567129718924868 ], [ 9.031293585474121, 46.572629626600438 ], [ 9.03658105180163, 46.576472027853228 ], [ 9.03883103747291, 46.58340341834846 ], [ 9.045130997352494, 46.584608877565024 ], [ 9.043781005949727, 46.590184126441628 ], [ 9.034893562548168, 46.595307328112021 ], [ 9.035118561115297, 46.601183941792762 ], [ 9.028818601235711, 46.600656553385512 ], [ 9.022293642788998, 46.604272931035204 ], [ 9.01756867287931, 46.60442361343727 ], [ 9.006543743090035, 46.612409780747001 ], [ 8.993381326913045, 46.612108415942856 ], [ 8.984381384227923, 46.609622156308696 ], [ 8.974031450140032, 46.603820883828995 ], [ 8.967393992409756, 46.605026343045552 ], [ 8.963681516052143, 46.60397156623106 ], [ 8.96109403253017, 46.612183757143896 ], [ 8.964019013902835, 46.619868559649483 ], [ 8.959069045426016, 46.631169739804754 ], [ 8.95355658053138, 46.633580658237882 ], [ 8.951644092710792, 46.625443808526086 ], [ 8.942869148592798, 46.619868559649483 ], [ 8.92419426752117, 46.624238349309522 ], [ 8.908444367822208, 46.616930252809112 ], [ 8.906644379285183, 46.613238533958388 ], [ 8.908331868538642, 46.607512602679712 ], [ 8.918119306208713, 46.597868928947214 ], [ 8.917219311940201, 46.59372516289028 ], [ 8.904844390748158, 46.585362289575379 ], [ 8.895056953078088, 46.583328077147428 ], [ 8.88954448818345, 46.580088405502913 ], [ 8.880432046214764, 46.578732263884284 ], [ 8.877844562692793, 46.575869298244946 ], [ 8.86434464866511, 46.574211791822172 ], [ 8.844432275474277, 46.564718800491747 ], [ 8.832844849267182, 46.565020165295884 ], [ 8.830594863595902, 46.572629626600438 ], [ 8.802920039839153, 46.565020165295884 ], [ 8.786495144438806, 46.569088590151786 ], [ 8.751845365101087, 46.577451463466687 ], [ 8.744870409520118, 46.573533721012858 ], [ 8.739582943192609, 46.57368440341493 ], [ 8.729008010537591, 46.578280216678074 ], [ 8.718433077882572, 46.572403602997333 ], [ 8.706395654541222, 46.575040545033559 ], [ 8.705833158123401, 46.578430899080146 ], [ 8.699420698960253, 46.582197959131904 ], [ 8.693570736214923, 46.58099249991534 ], [ 8.686483281350389, 46.581670570724654 ], [ 8.682433307142084, 46.579561017095671 ], [ 8.679845823620113, 46.58046511150809 ], [ 8.682545806425649, 46.59078685604991 ], [ 8.678045835083088, 46.60058121218448 ], [ 8.680745817888624, 46.606759190669365 ], [ 8.6789458293516, 46.619115147639128 ], [ 8.677483338665269, 46.62107401886604 ], [ 8.670845880934991, 46.62107401886604 ], [ 8.665220916756789, 46.622957548891925 ], [ 8.659483453295024, 46.627251997350925 ], [ 8.657570965474436, 46.632601222624423 ], [ 8.652283499146927, 46.635614870665826 ], [ 8.653183493415439, 46.639306589516551 ], [ 8.658358460459384, 46.642847625965203 ], [ 8.657458466190871, 46.645183203197291 ], [ 8.659708451862151, 46.648724239645944 ], [ 8.656670971205923, 46.651813228888386 ], [ 8.662520933951253, 46.656710406955675 ], [ 8.672870868039142, 46.660402125806399 ], [ 8.679170827918728, 46.665751351079891 ], [ 8.674783355859731, 46.672456717972025 ], [ 8.675570850844679, 46.693552254261867 ], [ 8.679620825052984, 46.696264537499133 ], [ 8.687833272753158, 46.695887831493955 ], [ 8.693683235498487, 46.703120586793332 ], [ 8.70133318678084, 46.704853434417139 ], [ 8.710333129465962, 46.700558985958139 ], [ 8.718208079315444, 46.703949340004719 ], [ 8.719220572867521, 46.707490376453372 ], [ 8.728670512686898, 46.708771176870968 ], [ 8.736882960387071, 46.714572449350676 ], [ 8.746782897340706, 46.718490191804506 ], [ 8.750270375131191, 46.72263395786144 ], [ 8.745657904505066, 46.730168077964954 ], [ 8.748920383728422, 46.737024127259154 ], [ 8.766695270531539, 46.745914388981305 ], [ 8.770295247605587, 46.7456883653782 ], [ 8.770745244739842, 46.742071987728508 ], [ 8.774120223246763, 46.740866528511944 ], [ 8.783232665215449, 46.729640689557705 ], [ 8.793920097154032, 46.732654337599115 ], [ 8.801232550585693, 46.733031043604292 ], [ 8.814057468911992, 46.738681633681928 ], [ 8.811694983957146, 46.746291094986475 ], [ 8.815069962464069, 46.750359519842377 ], [ 8.815744958165451, 46.756612839528295 ], [ 8.820132430224449, 46.760530581982124 ], [ 8.819682433090193, 46.763468888822494 ], [ 8.826432390104035, 46.767235948874252 ], [ 8.832619850700056, 46.765578442451478 ], [ 8.835319833505592, 46.767763337281501 ], [ 8.829357371476698, 46.780119294251264 ], [ 8.830144866461648, 46.784790448715448 ], [ 8.827669882223239, 46.78923557957652 ], [ 8.829019873626006, 46.79307798082931 ], [ 8.83610732849054, 46.796468334875897 ], [ 8.849044746100404, 46.794886169654156 ], [ 8.84870724824971, 46.799406641716267 ], [ 8.853657216726528, 46.800988806938001 ], [ 8.860969670158189, 46.807016103020814 ], [ 8.874919581320128, 46.809803727459119 ], [ 8.878182060543484, 46.814173517119158 ], [ 8.899556924420649, 46.815454317536755 ], [ 8.907994370687952, 46.811461233881893 ], [ 8.916094319104561, 46.812440669495345 ], [ 8.915419323403176, 46.80196824255146 ], [ 8.919356798327918, 46.799557324118339 ], [ 8.92644425319245, 46.799406641716267 ], [ 8.929481733848679, 46.797749135293493 ], [ 8.941406657906466, 46.800762783334896 ], [ 8.946019128532591, 46.803399725371129 ], [ 8.951869091277921, 46.804002454979411 ], [ 8.95468157336702, 46.806262691010467 ], [ 8.958731547575326, 46.805659961402185 ], [ 8.966718996708371, 46.807769515031168 ], [ 9.010818715865469, 46.813043399103627 ], [ 9.020831152102666, 46.818467965578158 ], [ 9.031181086190557, 46.834214276594508 ], [ 9.035681057533116, 46.836323830223492 ], [ 9.035006061831734, 46.840392255079394 ], [ 9.039168535323601, 46.846720915966344 ], [ 9.047155984456648, 46.851618094033633 ], [ 9.045355995919623, 46.857118001709196 ], [ 9.046480988755263, 46.866384969436524 ], [ 9.055930928574641, 46.869775323483104 ], [ 9.05896840923087, 46.87248760672037 ], [ 9.066730859796788, 46.876103984370062 ], [ 9.077868288869626, 46.876480690375232 ], [ 9.095980673523433, 46.872110900715192 ], [ 9.095980673523433, 46.868946570271717 ], [ 9.104643118357863, 46.860885061760953 ], [ 9.105993109760632, 46.854029012466754 ], [ 9.111955571789524, 46.851844117636738 ], [ 9.135467922054406, 46.86171381497234 ], [ 9.141092886232606, 46.863220638993049 ], [ 9.147730343962884, 46.87248760672037 ], [ 9.15796777876721, 46.875275231158675 ], [ 9.154592800260289, 46.881001162437343 ], [ 9.17923014336081, 46.880398432829061 ], [ 9.189467578165136, 46.8779121731949 ], [ 9.205442476431227, 46.884542198885995 ], [ 9.214217420549222, 46.893281778206074 ], [ 9.219167389026039, 46.896144743845412 ], [ 9.228054832427595, 46.906918535593441 ], [ 9.235929782277077, 46.909555477629667 ], [ 9.241217248604586, 46.909480136428634 ], [ 9.245717219947148, 46.91558277371248 ], [ 9.250217191289709, 46.91761698614043 ], [ 9.255617156900781, 46.914452655696955 ], [ 9.258879636124139, 46.909630818830706 ], [ 9.267879578809261, 46.904658299562385 ], [ 9.277892015046458, 46.90872672441828 ], [ 9.287904451283657, 46.906617170789296 ], [ 9.294766907581062, 46.90835001841311 ], [ 9.311079303697845, 46.906993876794473 ], [ 9.322554230621375, 46.90194601632512 ], [ 9.339879120290234, 46.903226816742716 ], [ 9.344491590916359, 46.899610439093031 ], [ 9.348766563691793, 46.900815898309588 ], [ 9.366203952644216, 46.898329638675428 ], [ 9.383303843745948, 46.898781685881644 ], [ 9.401078730549063, 46.893281778206074 ], [ 9.415141140994567, 46.892453024994687 ], [ 9.434603517051142, 46.885898340504632 ], [ 9.439328486960832, 46.88092582123631 ], [ 9.450128418182977, 46.874145113143143 ], [ 9.455640883077615, 46.87836422040111 ], [ 9.456540877346127, 46.885446293298415 ], [ 9.457890868748896, 46.887857211731543 ], [ 9.468240802836785, 46.887405164525333 ], [ 9.471053284925887, 46.892829730999864 ], [ 9.469028297821733, 46.898178956273362 ], [ 9.468803299254606, 46.900891239510628 ], [ 9.47397826629855, 46.905487052773772 ], [ 9.488378174594745, 46.913021172877286 ], [ 9.480053227611007, 46.917014256532148 ], [ 9.479153233342496, 46.921836093398397 ], [ 9.486915683908414, 46.931705790734007 ], [ 9.488153176027618, 46.936602968801289 ], [ 9.494565635190767, 46.938938546033384 ], [ 9.499628102951148, 46.946095960131721 ], [ 9.506040562114297, 46.954986221853872 ], [ 9.519765474709107, 46.957095775482856 ], [ 9.518865480440596, 46.969677756055724 ], [ 9.525052941036616, 46.973821522112658 ], [ 9.542602829272605, 46.975629710937504 ], [ 9.546765302764474, 46.97788994696856 ], [ 9.521340464679003, 47.00049230727911 ], [ 9.511553027008935, 47.011492122630237 ], [ 9.50806554921845, 47.019252266336863 ], [ 9.492878145937306, 47.034847894951142 ], [ 9.478590736924676, 47.05036818236438 ], [ 9.477353244805471, 47.053080465601646 ], [ 9.477353244805471, 47.053457171606823 ], [ 9.4775782433726, 47.056320137246161 ], [ 9.483540705401492, 47.057751620065829 ], [ 9.485790691072772, 47.051046253173702 ], [ 9.486128188923466, 47.051046253173702 ], [ 9.487253181759105, 47.050970911972662 ], [ 9.48736568104267, 47.051347617977839 ], [ 9.48849067387831, 47.053457171606823 ], [ 9.493665640922254, 47.058580373277216 ], [ 9.498503110115507, 47.056018772442016 ], [ 9.498953107249763, 47.055868090039951 ], [ 9.500190599368967, 47.056320137246161 ], [ 9.500303098652532, 47.056546160849265 ], [ 9.500978094353917, 47.057826961266862 ], [ 9.501540590771736, 47.058957079282393 ], [ 9.504353072860837, 47.058203667272039 ], [ 9.505478065696476, 47.057977643668934 ], [ 9.50806554921845, 47.058128326071007 ], [ 9.508403047069141, 47.058203667272039 ], [ 9.513128016978831, 47.058505032076177 ], [ 9.515265503366546, 47.059107761684459 ], [ 9.518527982589903, 47.062046068524829 ], [ 9.525502938170874, 47.063251527741393 ], [ 9.52989041022987, 47.064004939751747 ], [ 9.531802898050458, 47.064381645756924 ], [ 9.531915397334021, 47.064381645756924 ], [ 9.541140338586272, 47.066415858184868 ], [ 9.545077813511014, 47.065511763772449 ], [ 9.545865308495962, 47.064607669360029 ], [ 9.549802783420702, 47.062347433328974 ], [ 9.553177761927623, 47.05978583249378 ], [ 9.55452775333039, 47.058279008473072 ], [ 9.554977750464648, 47.056018772442016 ], [ 9.555652746166032, 47.051799665184049 ], [ 9.55812773040444, 47.050669547168525 ], [ 9.559590221090772, 47.050292841163348 ], [ 9.560827713209976, 47.04999147635921 ], [ 9.560827713209976, 47.049916135158171 ], [ 9.560827713209976, 47.049916135158171 ], [ 9.56094021249354, 47.049916135158171 ], [ 9.561052711777105, 47.049916135158171 ], [ 9.565890180970356, 47.052176371189226 ], [ 9.570502651596483, 47.053833877612 ], [ 9.570502651596483, 47.053833877612 ], [ 9.572190140849942, 47.053833877612 ], [ 9.573877630103404, 47.053833877612 ], [ 9.579502594281603, 47.055340701632701 ], [ 9.582427575654268, 47.054135242416137 ], [ 9.584790060609112, 47.054963995627524 ], [ 9.588952534100983, 47.056470819648233 ], [ 9.593002508309286, 47.058505032076177 ], [ 9.595139994697004, 47.058731055679289 ], [ 9.595589991831259, 47.058806396880321 ], [ 9.595927489681952, 47.059107761684459 ], [ 9.597277481084721, 47.060388562102055 ], [ 9.598852471054617, 47.060614585705167 ], [ 9.601102456725897, 47.060313220901023 ], [ 9.603014944546485, 47.062121409725869 ], [ 9.603014944546485, 47.062196750926901 ], [ 9.603239943113612, 47.062347433328974 ], [ 9.604139937382126, 47.06317618654036 ], [ 9.604702433799945, 47.063025504138288 ], [ 9.608302410873995, 47.062121409725869 ] ] ] } },
{ "type": "Feature", "properties": { "kt_id": 19 }, "geometry": { "type": "Polygon", "coordinates": [ [ [ 7.714826969207923, 47.54083940110327 ], [ 7.715164467058615, 47.540990083505342 ], [ 7.720676931953252, 47.54340100193847 ], [ 7.744189282218133, 47.544983167160204 ], [ 7.753751721321075, 47.546489991180906 ], [ 7.753864220604639, 47.546489991180906 ], [ 7.758814189081455, 47.549805004026453 ], [ 7.773889093079035, 47.553722746480283 ], [ 7.783789030032669, 47.554551499691669 ], [ 7.789751492061562, 47.556058323712371 ], [ 7.797063945493224, 47.559071971753781 ], [ 7.800551423283709, 47.564044491022102 ], [ 7.810338860953778, 47.569318375094561 ], [ 7.813376341610007, 47.57278407034218 ], [ 7.81596382513198, 47.582126379270541 ], [ 7.819113805071773, 47.587776969348177 ], [ 7.824851268533537, 47.589359134569911 ], [ 7.834638706203608, 47.587626286946104 ], [ 7.838688680411912, 47.584009909296419 ], [ 7.847238625962778, 47.583633203291242 ], [ 7.856576066498592, 47.586194804126436 ], [ 7.862876026378177, 47.589133110966806 ], [ 7.869850981959146, 47.58988652297716 ], [ 7.88503838524029, 47.59033857018337 ], [ 7.893925828641848, 47.588530381358524 ], [ 7.898313300700845, 47.585968780523331 ], [ 7.898988296402228, 47.585441392116088 ], [ 7.900563286372125, 47.584160591698485 ], [ 7.904725759863994, 47.581674332064331 ], [ 7.912375711146347, 47.571126563919407 ], [ 7.912150712579219, 47.567208821465577 ], [ 7.908663234788735, 47.562914373006571 ], [ 7.909450729773683, 47.556962418124797 ], [ 7.911363217594271, 47.55364740527925 ], [ 7.917325679623165, 47.549428298021283 ], [ 7.927225616576798, 47.548072156402647 ], [ 7.932175585053615, 47.548448862407824 ], [ 7.94151302558943, 47.545887261572624 ], [ 7.941625524872993, 47.545811920371591 ], [ 7.941850523440121, 47.545736579170558 ], [ 7.945562999797734, 47.545284531964349 ], [ 7.949725473289603, 47.546942038387122 ], [ 7.949950471856731, 47.547168061990227 ], [ 7.95355044893078, 47.555982982511338 ], [ 7.956475430303445, 47.558469242145499 ], [ 7.961087900929569, 47.559674701362063 ], [ 7.965812870839258, 47.558544583346531 ], [ 7.975262810658636, 47.556811735722725 ], [ 7.98460025119445, 47.556736394521693 ], [ 7.99607517811798, 47.557866512537217 ], [ 8.002375137997566, 47.557640488934112 ], [ 8.009012595727842, 47.556058323712371 ], [ 8.014075063488225, 47.55319535807304 ], [ 8.019812526949989, 47.551839216454404 ], [ 8.040962392260026, 47.554928205696847 ], [ 8.047149852856046, 47.556736394521693 ], [ 8.061099764017985, 47.564948585434522 ], [ 8.069424711001723, 47.566003362249013 ], [ 8.072349692374388, 47.565475973841771 ], [ 8.079662145806049, 47.56050345457345 ], [ 8.084612114282866, 47.558845948150676 ], [ 8.092149566281655, 47.559524018959991 ], [ 8.098337026877678, 47.562462325800361 ], [ 8.102499500369547, 47.567736209872827 ], [ 8.103624493205187, 47.576249765589793 ], [ 8.105199483175083, 47.579263413631203 ], [ 8.110261950935463, 47.58355786209021 ], [ 8.116899408665741, 47.585290709714016 ], [ 8.126686846335812, 47.584687980105734 ], [ 8.137486777557957, 47.585441392116088 ], [ 8.139399265378547, 47.587550945745072 ], [ 8.140299259647058, 47.592749488616498 ], [ 8.148399208063667, 47.596365866266183 ], [ 8.154024172241868, 47.597043937075497 ], [ 8.161561624240658, 47.595235748250659 ], [ 8.16662409200104, 47.595687795456868 ], [ 8.170899064776473, 47.598550761096206 ], [ 8.17641152967111, 47.603673962766592 ], [ 8.185411472356231, 47.60608488119972 ], [ 8.185523971639796, 47.606160222400753 ], [ 8.185523971639796, 47.606235563601793 ], [ 8.187098961609692, 47.607365681617317 ], [ 8.194973911459172, 47.617687426159137 ], [ 8.199923879935991, 47.620851756602612 ], [ 8.208811323337548, 47.622433921824346 ], [ 8.216798772470593, 47.620851756602612 ], [ 8.222311237365231, 47.616934014148782 ], [ 8.225123719454331, 47.608194434828704 ], [ 8.23041118578184, 47.606762952009035 ], [ 8.237948637780629, 47.613468318901162 ], [ 8.247511076883573, 47.614146389710484 ], [ 8.259098503090666, 47.616632649344645 ], [ 8.262248483030458, 47.614824460519799 ], [ 8.262810979448279, 47.613769683705307 ], [ 8.2661859579552, 47.610831376864937 ], [ 8.280923364102087, 47.613016271694953 ], [ 8.289023312518697, 47.611886153679428 ], [ 8.296673263801051, 47.608797164436986 ], [ 8.298698250905202, 47.606838293210075 ], [ 8.298810750188766, 47.606762952009035 ], [ 8.296448265233922, 47.598249396292061 ], [ 8.296560764517485, 47.594180971436167 ], [ 8.30196073012856, 47.588153675353354 ], [ 8.30983567997804, 47.585742756920226 ], [ 8.315235645589114, 47.582503085275718 ], [ 8.324235588274234, 47.574667600368059 ], [ 8.32941055531818, 47.572633387940108 ], [ 8.33807300015261, 47.571804634728721 ], [ 8.348310434956936, 47.572105999532866 ], [ 8.362822842536696, 47.570975881517334 ], [ 8.378797740802787, 47.568790986687318 ], [ 8.3825102171604, 47.567208821465577 ], [ 8.387010188502961, 47.568188257079036 ], [ 8.388922676323549, 47.572482705538036 ], [ 8.393197649098981, 47.576400447991865 ], [ 8.400060105396387, 47.578585342821889 ], [ 8.406247565992409, 47.57670181279601 ], [ 8.417384995065246, 47.572105999532866 ], [ 8.426834934884624, 47.569243033893528 ], [ 8.41974748002009, 47.566530750656263 ], [ 8.419072484318708, 47.56050345457345 ], [ 8.415585006528222, 47.555304911702024 ], [ 8.41862248718445, 47.547092720789188 ], [ 8.41243502658843, 47.547544767995397 ], [ 8.406360065275972, 47.543174978335358 ], [ 8.405347571723896, 47.539633941886706 ], [ 8.402197591784104, 47.541442130711552 ], [ 8.405460071007461, 47.536168246639093 ], [ 8.403772581754, 47.534887446221497 ], [ 8.396347629038775, 47.533305280999755 ], [ 8.394435141218185, 47.527051961313838 ], [ 8.393085149815418, 47.526599914107628 ], [ 8.387797683487909, 47.530291632958352 ], [ 8.382735215727529, 47.526750596509693 ], [ 8.38138522432476, 47.517860334787549 ], [ 8.378235244384967, 47.513867251132687 ], [ 8.374860265878045, 47.512435768313019 ], [ 8.367322813879255, 47.513565886328543 ], [ 8.36237284540244, 47.511456332699559 ], [ 8.358997866895518, 47.50369618899294 ], [ 8.359560363313339, 47.498799010925651 ], [ 8.363722836805207, 47.491942961631452 ], [ 8.364285333223027, 47.482299287898954 ], [ 8.374410268743791, 47.482826676306196 ], [ 8.376435255847943, 47.472730955367489 ], [ 8.369010303132717, 47.471525496150925 ], [ 8.366985316028565, 47.468210483305377 ], [ 8.370472793819049, 47.46692968288778 ], [ 8.37497276516161, 47.460299657196686 ], [ 8.38003523292199, 47.459320221583226 ], [ 8.380710228623375, 47.45713532675321 ], [ 8.385997694950884, 47.456231232340784 ], [ 8.389485172741368, 47.45163541907764 ], [ 8.383522710712477, 47.449977912654866 ], [ 8.382172719309708, 47.447642335422778 ], [ 8.3853226992495, 47.43845070889649 ], [ 8.384985201398807, 47.435964449262329 ], [ 8.382622716443963, 47.434156260437483 ], [ 8.37778524725071, 47.435060354849909 ], [ 8.375760260146558, 47.433478189628168 ], [ 8.378572742235658, 47.43069056518987 ], [ 8.388585178472857, 47.429334423571234 ], [ 8.393197649098981, 47.422327691874962 ], [ 8.382060220026144, 47.411252535322795 ], [ 8.385435198533063, 47.407560816472071 ], [ 8.380597729339812, 47.403944438822386 ], [ 8.377222750832891, 47.406053992451369 ], [ 8.373172776624585, 47.405526604044127 ], [ 8.368447806714897, 47.402362273600644 ], [ 8.363497838238079, 47.403718415219281 ], [ 8.367435313162821, 47.400328061172701 ], [ 8.380485230056248, 47.40123215558512 ], [ 8.384310205697425, 47.396033612713694 ], [ 8.393085149815418, 47.397088389528186 ], [ 8.397697620441543, 47.395204859502307 ], [ 8.395222636203133, 47.392492576265042 ], [ 8.396010131188081, 47.38209549052219 ], [ 8.400735101097771, 47.376218876841449 ], [ 8.401522596082719, 47.371924428382442 ], [ 8.408385052380124, 47.371547722377265 ], [ 8.409397545932201, 47.368082027129653 ], [ 8.406247565992409, 47.365520426294452 ], [ 8.408610050947253, 47.357006870577479 ], [ 8.407935055245868, 47.353239810525722 ], [ 8.405122573156769, 47.348041267654295 ], [ 8.410972535902097, 47.34193863037045 ], [ 8.417609993632375, 47.33847293512283 ], [ 8.417947491483066, 47.335233263478322 ], [ 8.413672518707633, 47.329884038204824 ], [ 8.417384995065246, 47.325890954549962 ], [ 8.430547411242237, 47.328527896586195 ], [ 8.433809890465593, 47.327473119771696 ], [ 8.43594737685331, 47.326795048962381 ], [ 8.450797282283762, 47.331918250632775 ], [ 8.455184754342758, 47.336137357890742 ], [ 8.456084748611271, 47.334781216272113 ], [ 8.449897288015249, 47.327473119771696 ], [ 8.450122286582378, 47.324760836534431 ], [ 8.441684840315077, 47.319110246456795 ], [ 8.442359836016459, 47.317226716430916 ], [ 8.437409867539643, 47.316548645621602 ], [ 8.43313489476421, 47.312856926770877 ], [ 8.429647416973726, 47.302459841028025 ], [ 8.430097414107982, 47.302083135022848 ], [ 8.41581000509535, 47.294775038522438 ], [ 8.405122573156769, 47.293192873300704 ], [ 8.398260116859362, 47.289425813248947 ], [ 8.393085149815418, 47.29243946129035 ], [ 8.389710171308497, 47.291460025676891 ], [ 8.392747651964726, 47.287843648027206 ], [ 8.396122630471647, 47.279556115913337 ], [ 8.40321008533618, 47.274432914242944 ], [ 8.402535089634796, 47.269611077376695 ], [ 8.401747594649848, 47.266070040928042 ], [ 8.405572570291024, 47.261624910066971 ], [ 8.403772581754, 47.256351025994512 ], [ 8.411197534469226, 47.24979634150445 ], [ 8.411872530170609, 47.246707352262007 ], [ 8.409285046648638, 47.243844386622669 ], [ 8.406697563126665, 47.237892431740896 ], [ 8.397247623307287, 47.230508994039447 ], [ 8.395897631904518, 47.227269322394939 ], [ 8.397585121157979, 47.221392708714191 ], [ 8.401860093933411, 47.216570871847942 ], [ 8.401635095366284, 47.209714822553742 ], [ 8.406472564559536, 47.196982159578802 ], [ 8.401410096799156, 47.184852226212143 ], [ 8.403547583186871, 47.178222200521049 ], [ 8.412885023722685, 47.174681164072396 ], [ 8.41637250151317, 47.165564878747141 ], [ 8.415472507244658, 47.158633488251908 ], [ 8.415360007961095, 47.158407464648803 ], [ 8.412997523006251, 47.155167793004289 ], [ 8.416035003662479, 47.146729578488355 ], [ 8.413335020856941, 47.141907741622099 ], [ 8.406472564559536, 47.138818752379663 ], [ 8.39117266199483, 47.141078988410712 ], [ 8.377560248683583, 47.140626941204502 ], [ 8.375872759430122, 47.144394001256259 ], [ 8.363272839670952, 47.14733230809663 ], [ 8.361922848268183, 47.153886992586692 ], [ 8.359335364746212, 47.154565063396007 ], [ 8.359335364746212, 47.158106099844659 ], [ 8.348872931374757, 47.165866243551285 ], [ 8.349885424926832, 47.167373067571987 ], [ 8.347410440688424, 47.171290810025816 ], [ 8.342122974360915, 47.175208552479639 ], [ 8.339872988689635, 47.17980436574279 ], [ 8.340435485107456, 47.18568097942353 ], [ 8.33919799298825, 47.190201451485642 ], [ 8.331548041705897, 47.198865689604681 ], [ 8.331210543855205, 47.203762867671969 ], [ 8.328510561049669, 47.21212574098687 ], [ 8.326823071796209, 47.214988706626208 ], [ 8.320523111916623, 47.217248942657264 ], [ 8.321985602602956, 47.2228995327349 ], [ 8.31962311764811, 47.224783062760778 ], [ 8.316585636991881, 47.232091159261188 ], [ 8.315910641290497, 47.241056762184371 ], [ 8.307473195023196, 47.252357942339643 ], [ 8.30229822797925, 47.253789425159312 ], [ 8.300273240875098, 47.256803073200722 ], [ 8.295660770248974, 47.266823452938397 ], [ 8.300835737292919, 47.272097337010855 ], [ 8.298923249472331, 47.273378137428452 ], [ 8.287785820399492, 47.280686233928868 ], [ 8.279573372699318, 47.283398517166134 ], [ 8.274060907804682, 47.281967034346465 ], [ 8.271135926432017, 47.284528635181658 ], [ 8.262810979448279, 47.283850564372344 ], [ 8.25977349879205, 47.288446377635488 ], [ 8.252236046793261, 47.287542283223061 ], [ 8.249648563271288, 47.282720446356812 ], [ 8.243573601958831, 47.280083504320586 ], [ 8.243348603391702, 47.273754843433629 ], [ 8.233898663572326, 47.27533700865537 ], [ 8.229398692229765, 47.274282231840878 ], [ 8.220961245962462, 47.253563401556207 ], [ 8.209036321904676, 47.24881690589099 ], [ 8.205773842681319, 47.244070410225774 ], [ 8.205098846979935, 47.227344663595971 ], [ 8.194861412175609, 47.227570687199076 ], [ 8.186761463759, 47.223878968348352 ], [ 8.177199024656058, 47.223276238740077 ], [ 8.17416154399983, 47.226666592786657 ], [ 8.16471160418045, 47.231262406049801 ], [ 8.160999127822837, 47.234351395292244 ], [ 8.163024114926991, 47.237440384534686 ], [ 8.157286651465226, 47.239248573359525 ], [ 8.157061652898097, 47.240755397380234 ], [ 8.17056156692578, 47.24294029221025 ], [ 8.176299030387545, 47.241584150591621 ], [ 8.181024000297235, 47.246858034664079 ], [ 8.180574003162977, 47.251755212731361 ], [ 8.175736533969726, 47.254618178370698 ], [ 8.160886628539274, 47.250323729911699 ], [ 8.143899236721106, 47.248666223488925 ], [ 8.135011793319549, 47.247912811478571 ], [ 8.130961819111244, 47.244823822236128 ], [ 8.125449354216606, 47.242789609808177 ], [ 8.120386886456226, 47.245200528241305 ], [ 8.1101494516519, 47.24595394025166 ], [ 8.107224470279235, 47.250248388710659 ], [ 8.106661973861415, 47.254015448762416 ], [ 8.10036201398183, 47.261323545262826 ], [ 8.089337084192556, 47.264261852103203 ], [ 8.079549646522485, 47.261398886463866 ], [ 8.073812183060721, 47.256426367195544 ], [ 8.067287224614006, 47.255974319989335 ], [ 8.063574748256395, 47.258008532417286 ], [ 8.05783728479463, 47.256878414401754 ], [ 8.058624779779578, 47.253563401556207 ], [ 8.064249743957777, 47.247988152679604 ], [ 8.032749944559852, 47.243693704220604 ], [ 8.030162461037879, 47.241960856596791 ], [ 8.016887545577324, 47.245577234246483 ], [ 8.018687534114349, 47.257405802809004 ], [ 8.014975057756736, 47.263433098891817 ], [ 8.005975115071614, 47.272474043016032 ], [ 8.005975115071614, 47.275713714660547 ], [ 7.998775160923516, 47.281062939934039 ], [ 7.995175183849469, 47.281590328341288 ], [ 7.986850236865731, 47.277295879882281 ], [ 7.975825307076456, 47.276015079464685 ], [ 7.972225330002408, 47.277446562284354 ], [ 7.958162919556905, 47.278124633093668 ], [ 7.951525461826627, 47.276090420665717 ], [ 7.950512968274551, 47.273076772624314 ], [ 7.952762953945832, 47.267049476541501 ], [ 7.962437892332337, 47.255823637587262 ], [ 7.934650569292024, 47.237440384534686 ], [ 7.923288141652058, 47.23909789095746 ], [ 7.911025719743579, 47.245275869442338 ], [ 7.895725817178872, 47.243995069024741 ], [ 7.868388491272814, 47.238495161349178 ], [ 7.854326080827311, 47.234125371689139 ], [ 7.843076152470909, 47.236988337328469 ], [ 7.839813673247552, 47.236008901715017 ], [ 7.827101254204818, 47.248214176282708 ], [ 7.829013742025406, 47.251378506726191 ], [ 7.828901242741843, 47.255070225576908 ], [ 7.83137622698025, 47.260570133252479 ], [ 7.826088760652742, 47.266898794139429 ], [ 7.829351239876098, 47.267878229752888 ], [ 7.834301208352915, 47.269309712572557 ], [ 7.842851153903781, 47.275864397062612 ], [ 7.850613604469698, 47.289802519254117 ], [ 7.852526092290287, 47.291309343274825 ], [ 7.861976032109665, 47.307206336693241 ], [ 7.874800950435963, 47.313082950373982 ], [ 7.881775906016934, 47.312932267971917 ], [ 7.889425857299287, 47.312329538363635 ], [ 7.893025834373335, 47.317226716430916 ], [ 7.899213294969357, 47.321219800085778 ], [ 7.897863303566588, 47.328904602591365 ], [ 7.909000732639427, 47.34103453595803 ], [ 7.916875682488908, 47.337945546715588 ], [ 7.919238167443753, 47.336740087499024 ], [ 7.93228808433718, 47.334479851467968 ], [ 7.94376301126071, 47.334178486663831 ], [ 7.943875510544274, 47.334178486663831 ], [ 7.948937978304655, 47.334027804261758 ], [ 7.949500474722475, 47.318733540451618 ], [ 7.964800377287182, 47.322500600503382 ], [ 7.976950299912096, 47.324911518936503 ], [ 7.979875281284761, 47.327623802173768 ], [ 7.988425226835627, 47.330034720606896 ], [ 7.992925198178188, 47.333952463060726 ], [ 8.002037640146874, 47.336137357890742 ], [ 8.008112601459331, 47.340431806349748 ], [ 8.005075120803102, 47.346534443633594 ], [ 8.012950070652584, 47.351205598097778 ], [ 8.013962564204661, 47.355500046556777 ], [ 8.01171257853338, 47.358212329794043 ], [ 8.020262524084245, 47.36491769668617 ], [ 8.024199999008985, 47.366198497103774 ], [ 8.026224986113139, 47.369136803944144 ], [ 8.028587471067983, 47.372451816789692 ], [ 8.032187448142032, 47.384958456161527 ], [ 8.028474971784419, 47.394526788692993 ], [ 8.027687476799471, 47.397013048327153 ], [ 8.022175011904833, 47.396937707126114 ], [ 8.020600021934937, 47.39528020070334 ], [ 8.011487579966252, 47.396485659919904 ], [ 8.008225100742894, 47.408012863678287 ], [ 8.003162632982514, 47.410649805714513 ], [ 7.992700199611059, 47.412684018142464 ], [ 7.990675212506908, 47.415471642580769 ], [ 7.983025261224554, 47.415094936575592 ], [ 7.975150311375073, 47.420519503050123 ], [ 7.964125381585798, 47.423683833493598 ], [ 7.984262753343758, 47.429711129576411 ], [ 7.98628774044791, 47.424211221900848 ], [ 7.988312727552063, 47.430012494380549 ], [ 7.982912761940989, 47.447717676623817 ], [ 7.976162804927148, 47.453443607902486 ], [ 7.97762529561348, 47.455402479129397 ], [ 7.975712807792892, 47.460450339598758 ], [ 7.968512853644794, 47.463840693645338 ], [ 7.957825421706213, 47.456683279547001 ], [ 7.959175413108981, 47.460676363201863 ], [ 7.950512968274551, 47.464292740851548 ], [ 7.941175527738737, 47.463463987640161 ], [ 7.946912991200502, 47.486895101162098 ], [ 7.934763068575588, 47.483278723512413 ], [ 7.905850752699634, 47.486292371553816 ], [ 7.90573825341607, 47.493525126853193 ], [ 7.90067578565569, 47.497593551709087 ], [ 7.899213294969357, 47.502566070977409 ], [ 7.896400812880256, 47.5036208477919 ], [ 7.895163320761052, 47.50708654303952 ], [ 7.885263383807418, 47.509874167477818 ], [ 7.879413421062089, 47.514846686746139 ], [ 7.876825937540116, 47.514846686746139 ], [ 7.877725931808628, 47.524113654473467 ], [ 7.8746884511524, 47.5241889956745 ], [ 7.870638476944094, 47.521024665231025 ], [ 7.865238511333022, 47.521326030035162 ], [ 7.864451016348074, 47.524942407684854 ], [ 7.858713552886308, 47.534209375412175 ], [ 7.853538585842363, 47.536620293845303 ], [ 7.847013627395651, 47.53405869301011 ], [ 7.83441370763648, 47.535264152226667 ], [ 7.836438694740632, 47.533229939798723 ], [ 7.834526206920043, 47.531421750973877 ], [ 7.833063716233712, 47.516202828364776 ], [ 7.829801237010354, 47.515524757555454 ], [ 7.815851325848415, 47.505805742621924 ], [ 7.80842637313319, 47.498572987322547 ], [ 7.803363905372809, 47.498346963719442 ], [ 7.799088932597376, 47.500833223353602 ], [ 7.799538929731632, 47.496990822100805 ], [ 7.795038958389071, 47.497518210508055 ], [ 7.788963997076614, 47.494579903667685 ], [ 7.792901472001355, 47.500004470142215 ], [ 7.792676473434227, 47.503319482987763 ], [ 7.793351469135611, 47.505127671812609 ], [ 7.790876484897202, 47.506483813431238 ], [ 7.788738998509486, 47.515223392751317 ], [ 7.791213982747895, 47.51740828758134 ], [ 7.790876484897202, 47.52034659442171 ], [ 7.772764100243394, 47.524716384081749 ], [ 7.758701689797892, 47.527504008520047 ], [ 7.750489242097718, 47.526599914107628 ], [ 7.750039244963462, 47.526373890504523 ], [ 7.738789316607059, 47.528860150138684 ], [ 7.734964340965883, 47.532627210190441 ], [ 7.734064346697371, 47.534134034211142 ], [ 7.726976891832837, 47.534887446221497 ], [ 7.724501907594429, 47.538127117866004 ], [ 7.721914424072456, 47.536695635046335 ], [ 7.717076954879204, 47.537223023453585 ], [ 7.714826969207923, 47.54083940110327 ] ] ] } },
{ "type": "Feature", "properties": { "kt_id": 20 }, "geometry": { "type": "MultiPolygon", "coordinates": [ [ [ [ 9.452940900272079, 47.500456517348425 ], [ 9.467565807135401, 47.497518210508055 ], [ 9.477690742656163, 47.490737502414888 ], [ 9.465540820031249, 47.485689641945534 ], [ 9.466328315016197, 47.489607384399363 ], [ 9.454740888809102, 47.491415573224209 ], [ 9.450803413884362, 47.493600468054225 ], [ 9.450690914600798, 47.502716753379481 ], [ 9.452940900272079, 47.500456517348425 ] ] ], [ [ [ 8.729008010537591, 47.694309427611891 ], [ 8.734407976148663, 47.694158745209819 ], [ 8.744870409520118, 47.69235055638498 ], [ 8.750045376564064, 47.69227521518394 ], [ 8.759045319249184, 47.690693049962206 ], [ 8.767145267665795, 47.687830084322869 ], [ 8.774120223246763, 47.683083588657652 ], [ 8.790770117214239, 47.67660424536863 ], [ 8.796057583541748, 47.676830268971734 ], [ 8.799882559182924, 47.677583680982089 ], [ 8.806520016913202, 47.679693234611072 ], [ 8.810344992554379, 47.678186410590371 ], [ 8.819232435955936, 47.679015163801751 ], [ 8.838019816311128, 47.6726865029148 ], [ 8.842969784787945, 47.6658304536206 ], [ 8.855457205263551, 47.662063393568843 ], [ 8.847582255414071, 47.654905979470506 ], [ 8.85286972174158, 47.65264574343945 ], [ 8.859057182337601, 47.651666307825991 ], [ 8.864119650097981, 47.656337462290168 ], [ 8.867382129321339, 47.657467580305699 ], [ 8.876044574155769, 47.656262121089135 ], [ 8.883244528303866, 47.656186779888102 ], [ 8.894156958809576, 47.65008414260425 ], [ 8.897981934450753, 47.649255389392863 ], [ 8.916994313373072, 47.653323814248765 ], [ 8.932181716654217, 47.657015533099489 ], [ 8.942419151458541, 47.657919627511909 ], [ 8.964919008171346, 47.666207159625777 ], [ 8.980218910736053, 47.674645374141711 ], [ 8.996643806136401, 47.680898693827636 ], [ 9.011156213716159, 47.685419165889741 ], [ 9.020718652819102, 47.687830084322869 ], [ 9.029381097653532, 47.687604060719764 ], [ 9.038268541055089, 47.686172577900095 ], [ 9.050980960097824, 47.6863986015032 ], [ 9.059418406365126, 47.68549450709078 ], [ 9.066168363378967, 47.683686318265934 ], [ 9.073368317527065, 47.680446646621419 ], [ 9.08720572940544, 47.680748011425564 ], [ 9.096093172806997, 47.680295964219354 ], [ 9.105205614775683, 47.677508339781049 ], [ 9.11431805674437, 47.672008432105486 ], [ 9.122980501578798, 47.668618078058898 ], [ 9.134680427069457, 47.667261936440269 ], [ 9.139630395546273, 47.665679771218528 ], [ 9.143792869038144, 47.666056477223705 ], [ 9.15099282318624, 47.668994784064076 ], [ 9.158642774468595, 47.667487960043374 ], [ 9.158755273752158, 47.667487960043374 ], [ 9.161342757274131, 47.663720899991617 ], [ 9.164717735781052, 47.661536005161594 ], [ 9.173267681331918, 47.656789509496384 ], [ 9.17416767560043, 47.656864850697417 ], [ 9.179455141927939, 47.65603609748603 ], [ 9.183055119001986, 47.657166215501555 ], [ 9.188342585329496, 47.658823721924328 ], [ 9.204317483595588, 47.656714168295345 ], [ 9.216017409086245, 47.65648814469224 ], [ 9.257754643288498, 47.660104522341932 ], [ 9.276204525792998, 47.654981320671538 ], [ 9.446415941825364, 47.596215183864111 ], [ 9.454178392391283, 47.591544029399934 ], [ 9.504015575010145, 47.548599544809896 ], [ 9.437078501289552, 47.507915296250907 ], [ 9.426616067918097, 47.502792094580514 ], [ 9.422678592993357, 47.49774423411116 ], [ 9.418966116635744, 47.498422304920474 ], [ 9.414916142427439, 47.498874352126684 ], [ 9.411091166786262, 47.494956609672862 ], [ 9.407491189712212, 47.495182633275967 ], [ 9.405016205473805, 47.488853972389009 ], [ 9.40209122410114, 47.48749783077038 ], [ 9.403328716220344, 47.485991006749678 ], [ 9.400628733414807, 47.479436322259616 ], [ 9.398266248459963, 47.476498015419246 ], [ 9.392528784998198, 47.478607569048229 ], [ 9.390053800759789, 47.482751335105164 ], [ 9.380941358791103, 47.486895101162098 ], [ 9.381728853776051, 47.488552607584872 ], [ 9.376666386015671, 47.488401925182799 ], [ 9.374416400344391, 47.486744418760026 ], [ 9.367778942614112, 47.486819759961065 ], [ 9.369128934016882, 47.488853972389009 ], [ 9.373741404643006, 47.491566255626275 ], [ 9.370028928285393, 47.494203197662507 ], [ 9.375091396045775, 47.496463433693563 ], [ 9.375428893896466, 47.501435952961884 ], [ 9.365978954077089, 47.503168800585691 ], [ 9.358104004227606, 47.504826307008464 ], [ 9.35652901425771, 47.502340047374304 ], [ 9.343029100230028, 47.505052330611569 ], [ 9.337741633902519, 47.503922212596045 ], [ 9.340554115991619, 47.508292002256084 ], [ 9.344041593782105, 47.507839955049874 ], [ 9.347529071572588, 47.509572802673681 ], [ 9.347304073005461, 47.513264521524405 ], [ 9.351466546497329, 47.516805557973058 ], [ 9.355629019989198, 47.516805557973058 ], [ 9.357654007093352, 47.520949324029992 ], [ 9.345166586617744, 47.521552053638274 ], [ 9.340441616708056, 47.526373890504523 ], [ 9.340666615275182, 47.532853233793546 ], [ 9.338191631036775, 47.53014095055628 ], [ 9.33132917473937, 47.5310450449687 ], [ 9.329191688351653, 47.529914926953175 ], [ 9.319854247815838, 47.532928574994578 ], [ 9.316704267876046, 47.531647774576982 ], [ 9.317829260711687, 47.530291632958352 ], [ 9.313891785786947, 47.528935491339716 ], [ 9.314229283637637, 47.523661607267258 ], [ 9.309504313727949, 47.526750596509693 ], [ 9.304441845967567, 47.52757934972108 ], [ 9.302304359579852, 47.525620478494169 ], [ 9.29780438823729, 47.525695819695201 ], [ 9.296341897550958, 47.5241889956745 ], [ 9.288916944835734, 47.522983536457936 ], [ 9.283629478508225, 47.521928759643444 ], [ 9.285879464179505, 47.519593182411356 ], [ 9.283741977791788, 47.516052145962703 ], [ 9.281041994986252, 47.515223392751317 ], [ 9.281491992120507, 47.511380991498527 ], [ 9.276879521494383, 47.514469980740962 ], [ 9.270017065196978, 47.512887815519228 ], [ 9.275867027942306, 47.508216661055044 ], [ 9.284754471343863, 47.507237225441592 ], [ 9.288129449850786, 47.508819390663326 ], [ 9.292629421193345, 47.508216661055044 ], [ 9.303991848833313, 47.51394259233372 ], [ 9.304666844534696, 47.516805557973058 ], [ 9.318279257845942, 47.51002484987989 ], [ 9.316254270741791, 47.508518025859189 ], [ 9.311529300832101, 47.508593367060222 ], [ 9.309616813011512, 47.502641412178448 ], [ 9.309954310862205, 47.498874352126684 ], [ 9.316141771458227, 47.501888000168094 ], [ 9.318954253547327, 47.501360611760845 ], [ 9.322329232054248, 47.492018302832491 ], [ 9.301404365311338, 47.479059616254439 ], [ 9.289254442686424, 47.481244511084462 ], [ 9.28801695056722, 47.483429405914478 ], [ 9.282391986389019, 47.484333500326905 ], [ 9.279804502867048, 47.480717122677213 ], [ 9.275192032240922, 47.480114393068931 ], [ 9.26450460030234, 47.475819944609931 ], [ 9.252129679110297, 47.475970627011996 ], [ 9.24830470346912, 47.477326768630633 ], [ 9.245942218514276, 47.481395193486527 ], [ 9.238292267231923, 47.482223946697914 ], [ 9.23345479803867, 47.48455952393001 ], [ 9.225579848189188, 47.485614300744501 ], [ 9.218604892608219, 47.484408841527937 ], [ 9.214329919832785, 47.480340416672036 ], [ 9.210279945624482, 47.481395193486527 ], [ 9.207692462102507, 47.487799195574517 ], [ 9.21106744060943, 47.490586820012822 ], [ 9.202742493625692, 47.490210114007645 ], [ 9.198017523716002, 47.491641596827314 ], [ 9.194305047358389, 47.490360796409718 ], [ 9.194417546641954, 47.492470350038701 ], [ 9.190592571000776, 47.494203197662507 ], [ 9.184180111837627, 47.492847056043871 ], [ 9.182155124733475, 47.498422304920474 ], [ 9.178892645510118, 47.498422304920474 ], [ 9.174955170585378, 47.496162068889419 ], [ 9.170455199242816, 47.499627764137038 ], [ 9.172592685630534, 47.50460028340536 ], [ 9.167192720019459, 47.505353695415714 ], [ 9.162017752975515, 47.500908564554635 ], [ 9.163930240796104, 47.498045598915297 ], [ 9.15909277160285, 47.490360796409718 ], [ 9.143342871903887, 47.485915665548639 ], [ 9.137380409874993, 47.486895101162098 ], [ 9.130180455726897, 47.485840324347606 ], [ 9.125455485817207, 47.48493622993518 ], [ 9.125342986533642, 47.482675993904131 ], [ 9.117243038117033, 47.481018487481357 ], [ 9.114093058177241, 47.485689641945534 ], [ 9.100030647731739, 47.486819759961065 ], [ 9.09868065632897, 47.485237594739324 ], [ 9.09226819716582, 47.484107476723793 ], [ 9.087543227256131, 47.489682725600396 ], [ 9.085968237286234, 47.493374444451121 ], [ 9.081805763794367, 47.496463433693563 ], [ 9.07629329889973, 47.49382649165733 ], [ 9.065830865528275, 47.492168985234557 ], [ 9.063805878424123, 47.493751150456298 ], [ 9.057168420693845, 47.488853972389009 ], [ 9.055143433589693, 47.491038867219032 ], [ 9.051205958664951, 47.491038867219032 ], [ 9.043331008815471, 47.497216845703917 ], [ 9.029718595504225, 47.490134772806606 ], [ 9.027468609832944, 47.49134023202317 ], [ 9.021393648520487, 47.489682725600396 ], [ 9.018581166431385, 47.491415573224209 ], [ 9.013518698671005, 47.490737502414888 ], [ 9.011943708701107, 47.486819759961065 ], [ 9.004743754553012, 47.482299287898954 ], [ 9.009806222313392, 47.480867805079285 ], [ 9.009806222313392, 47.47717608622856 ], [ 9.009806222313392, 47.473635049779908 ], [ 9.030281091922044, 47.46828582450641 ], [ 9.031518584041248, 47.463237964037056 ], [ 9.028931100519276, 47.462183187222564 ], [ 9.027693608400071, 47.46142977521221 ], [ 9.028368604101455, 47.459169539181161 ], [ 9.044793499501804, 47.455101114325259 ], [ 9.051318457948517, 47.454272361113873 ], [ 9.055818429291078, 47.449902571453833 ], [ 9.06403087699125, 47.447642335422778 ], [ 9.05896840923087, 47.447039605814496 ], [ 9.059643404932254, 47.444553346180335 ], [ 9.053568443619797, 47.445156075788617 ], [ 9.047043485173084, 47.444176640175158 ], [ 9.04389350523329, 47.441690380541004 ], [ 9.039281034607166, 47.442820498556529 ], [ 9.02904359980284, 47.438224685293385 ], [ 9.023306136341073, 47.442895839757561 ], [ 9.019931157834154, 47.438224685293385 ], [ 9.013293700103876, 47.434909672447837 ], [ 9.011268712999724, 47.436567178870611 ], [ 9.004631255269446, 47.435512402056119 ], [ 9.000468781777577, 47.436491837669578 ], [ 9.001031278195398, 47.433478189628168 ], [ 8.98854385771979, 47.43069056518987 ], [ 8.991131341241765, 47.430615223988831 ], [ 8.990906342674636, 47.426546799132936 ], [ 8.993493826196609, 47.424361904302913 ], [ 8.989893849122559, 47.412684018142464 ], [ 8.983143892108718, 47.413588112554883 ], [ 8.977743926497645, 47.411704582529005 ], [ 8.973581453005776, 47.405752627647232 ], [ 8.976843932229134, 47.400554084775806 ], [ 8.972681458737263, 47.392567917466074 ], [ 8.969081481663215, 47.392341893862969 ], [ 8.966831495991935, 47.386465280182229 ], [ 8.958844046858889, 47.387670739398793 ], [ 8.955806566202661, 47.382698220130472 ], [ 8.946131627816154, 47.379609230888029 ], [ 8.94489413569695, 47.377198312454908 ], [ 8.941406657906466, 47.381040713707698 ], [ 8.944781636413387, 47.38548584456877 ], [ 8.942756649309235, 47.388574833811212 ], [ 8.932744213072036, 47.392869282270219 ], [ 8.921944281849889, 47.400704767177878 ], [ 8.914519329134665, 47.402588297203756 ], [ 8.908106869971515, 47.402286932399612 ], [ 8.904731891464595, 47.403793756420313 ], [ 8.913956832716844, 47.414190842163165 ], [ 8.914181831283972, 47.429560447174339 ], [ 8.909906858508538, 47.430765906390903 ], [ 8.911144350627744, 47.434457625241627 ], [ 8.919919294745737, 47.434306942839555 ], [ 8.932069217370652, 47.433176824824031 ], [ 8.933869205907676, 47.436868543674748 ], [ 8.922844276118402, 47.436190472865434 ], [ 8.908331868538642, 47.440108215319263 ], [ 8.903831897196081, 47.445683464195866 ], [ 8.910131857075667, 47.449601206649696 ], [ 8.901581911524801, 47.455703843933541 ], [ 8.89539445092878, 47.464669446856725 ], [ 8.894381957376705, 47.466552976882603 ], [ 8.891569475287604, 47.470546060537465 ], [ 8.890556981735527, 47.470696742939538 ], [ 8.887182003228606, 47.47129947254782 ], [ 8.884819518273762, 47.471676178552997 ], [ 8.885269515408018, 47.475141873800609 ], [ 8.882232034751789, 47.476045968213036 ], [ 8.885944511109402, 47.478456886646157 ], [ 8.886619506810787, 47.483128041110341 ], [ 8.88920699033276, 47.483881453120688 ], [ 8.893706961675321, 47.485086912337252 ], [ 8.898656930152137, 47.486443053955888 ], [ 8.897644436600061, 47.489230678394186 ], [ 8.897531937316497, 47.489306019595219 ], [ 8.895281951645217, 47.489833408002468 ], [ 8.894044459526011, 47.490059431605573 ], [ 8.894044459526011, 47.501511294162917 ], [ 8.896181945913728, 47.50407289499811 ], [ 8.897531937316497, 47.505504377817779 ], [ 8.898881928719264, 47.512511109514051 ], [ 8.89651944376442, 47.520421935622743 ], [ 8.899444425137085, 47.525469796092096 ], [ 8.888756993198502, 47.529613562149031 ], [ 8.88448202042307, 47.530517656561457 ], [ 8.881107041916149, 47.528634126535579 ], [ 8.875257079170821, 47.530819021365595 ], [ 8.868957119291235, 47.531798456979054 ], [ 8.842294789086562, 47.53405869301011 ], [ 8.840607299833101, 47.538579165072214 ], [ 8.839932304131716, 47.541517471912584 ], [ 8.835544832072721, 47.544455778752962 ], [ 8.830932361446596, 47.554702182093742 ], [ 8.831157360013723, 47.558845948150676 ], [ 8.84116979625092, 47.558996630552741 ], [ 8.84308228407151, 47.561407548985869 ], [ 8.851182232488119, 47.562085619795184 ], [ 8.851857228189504, 47.564948585434522 ], [ 8.846232264011302, 47.565249950238666 ], [ 8.84476977332497, 47.567434845068682 ], [ 8.840719799116666, 47.567208821465577 ], [ 8.839819804848153, 47.572482705538036 ], [ 8.832057354282234, 47.574441576764954 ], [ 8.830482364312338, 47.572934752744246 ], [ 8.821369922343653, 47.573838847156672 ], [ 8.817319948135349, 47.571427928723544 ], [ 8.811469985390019, 47.572181340733898 ], [ 8.806520016913202, 47.576852495198075 ], [ 8.807082513331022, 47.580920920053977 ], [ 8.803707534824103, 47.584085250497452 ], [ 8.799095064197976, 47.58642082772954 ], [ 8.763207792741053, 47.594256312637199 ], [ 8.749370380862679, 47.59372892422995 ], [ 8.746782897340706, 47.598023372688957 ], [ 8.749820377996935, 47.601413726735537 ], [ 8.745882903072193, 47.603673962766592 ], [ 8.743182920266657, 47.608646482034914 ], [ 8.741382931729632, 47.612790248091848 ], [ 8.74689539662427, 47.614673778117726 ], [ 8.747120395191399, 47.622659945427458 ], [ 8.749032883011987, 47.624242110649192 ], [ 8.750607872981883, 47.622810627829523 ], [ 8.757245330712159, 47.618214814566379 ], [ 8.762757795606797, 47.619570956185015 ], [ 8.791220114348494, 47.610077964854582 ], [ 8.789420125811471, 47.606310904802825 ], [ 8.790770117214239, 47.604578057179019 ], [ 8.803932533391229, 47.602769868354173 ], [ 8.805282524793999, 47.6094752352463 ], [ 8.805957520495383, 47.615050484122904 ], [ 8.814957463180503, 47.618591520571556 ], [ 8.813044975359915, 47.620399709396402 ], [ 8.815519959598324, 47.622659945427458 ], [ 8.813044975359915, 47.624392793051264 ], [ 8.814282467479121, 47.628687241510271 ], [ 8.821594920910782, 47.631022818742359 ], [ 8.826544889387598, 47.638556938845873 ], [ 8.828794875058879, 47.641947292892453 ], [ 8.827669882223239, 47.648200612578371 ], [ 8.806295018346074, 47.653700520253942 ], [ 8.804270031241922, 47.666583865630955 ], [ 8.799657560615797, 47.66635784202785 ], [ 8.789757623662162, 47.66635784202785 ], [ 8.786945141573062, 47.656714168295345 ], [ 8.777607701037248, 47.650536189810467 ], [ 8.769845250471331, 47.651666307825991 ], [ 8.766245273397281, 47.650310166207362 ], [ 8.759157818532749, 47.644433552526614 ], [ 8.750045376564064, 47.642550022500735 ], [ 8.748470386594166, 47.640139104067615 ], [ 8.744645410952989, 47.641419904485211 ], [ 8.744870409520118, 47.644433552526614 ], [ 8.733057984745894, 47.643378775712122 ], [ 8.725970529881362, 47.644433552526614 ], [ 8.721020561404545, 47.642474681299703 ], [ 8.718770575733265, 47.643755481717299 ], [ 8.71337061012219, 47.645412988140073 ], [ 8.709770633048143, 47.643454116913162 ], [ 8.70133318678084, 47.648426636181476 ], [ 8.689408262723054, 47.651289601820814 ], [ 8.680633318605061, 47.660782593151247 ], [ 8.678720830784473, 47.667261936440269 ], [ 8.680183321470803, 47.668693419259938 ], [ 8.678045835083088, 47.673364573724115 ], [ 8.670508383084298, 47.676001515760348 ], [ 8.669833387382914, 47.677734363384154 ], [ 8.670508383084298, 47.686021895498023 ], [ 8.678720830784473, 47.688658837534255 ], [ 8.685133289947622, 47.69235055638498 ], [ 8.691095751976516, 47.696871028447084 ], [ 8.692445743379283, 47.69664500484398 ], [ 8.702683178183609, 47.693329991998432 ], [ 8.710445628749527, 47.690919073565311 ], [ 8.718883075016828, 47.692124532781875 ], [ 8.729008010537591, 47.694309427611891 ] ] ] ] } },
{ "type": "Feature", "properties": { "kt_id": 21 }, "geometry": { "type": "Polygon", "coordinates": [ [ [ 9.161230257990567, 46.170985683882002 ], [ 9.159767767304235, 46.166088505814713 ], [ 9.156617787364443, 46.162698151768133 ], [ 9.150542826051984, 46.161643374953641 ], [ 9.148067841813576, 46.160211892133972 ], [ 9.142105379784683, 46.156294149680143 ], [ 9.135692920621533, 46.154561302056337 ], [ 9.133555434233816, 46.150643559602507 ], [ 9.130292955010461, 46.148609347174556 ], [ 9.122643003728108, 46.136027366601688 ], [ 9.113418062475857, 46.135952025400648 ], [ 9.105880610477067, 46.13316440096235 ], [ 9.101718136985198, 46.129924729317835 ], [ 9.096205672090562, 46.12728778728161 ], [ 9.090355709345232, 46.126986422477465 ], [ 9.086418234420492, 46.124048115637095 ], [ 9.079893275973777, 46.122465950415354 ], [ 9.073705815377757, 46.119226278770846 ], [ 9.075055806780526, 46.115308536317016 ], [ 9.079218280272393, 46.1105620406518 ], [ 9.081693264510802, 46.105514180182446 ], [ 9.090355709345232, 46.091274693186804 ], [ 9.090580707912361, 46.086904903526765 ], [ 9.085405740868415, 46.079973513031526 ], [ 9.079780776690214, 46.076131111778736 ], [ 9.079555778123087, 46.066412096845198 ], [ 9.075055806780526, 46.063699813607933 ], [ 9.07156832899004, 46.063850496010005 ], [ 9.061555892752843, 46.061891624783087 ], [ 9.056605924276026, 46.063323107602756 ], [ 9.05143095723208, 46.06354913120586 ], [ 9.051205958664951, 46.063398448803795 ], [ 9.045918492337442, 46.06015877715928 ], [ 9.04051852672637, 46.06015877715928 ], [ 9.029943594071351, 46.0542068222775 ], [ 9.023868632758894, 46.053905457473363 ], [ 9.018356167864258, 46.050967150632992 ], [ 9.017231175028616, 46.04787816139055 ], [ 9.01813116929713, 46.04441246614293 ], [ 9.010706216581903, 46.038460511261157 ], [ 9.008793728761315, 46.031001732358675 ], [ 9.008906228044879, 46.03077570875557 ], [ 9.010256219447648, 46.028063425518305 ], [ 9.01531868720803, 46.025351142281039 ], [ 9.023756133475331, 46.018043045780622 ], [ 9.023756133475331, 46.01796770457959 ], [ 9.025781120579483, 46.001995369960134 ], [ 9.029606096220659, 45.994837955861797 ], [ 9.024093631326023, 45.993933861449378 ], [ 9.023643634191767, 45.990769531005895 ], [ 9.01925616213277, 45.988810659778984 ], [ 9.012506205118928, 45.989112024583122 ], [ 9.012281206551801, 45.984365528917913 ], [ 9.009918721596955, 45.983235410902381 ], [ 9.0094687244627, 45.981954610484784 ], [ 9.003506262433806, 45.980673810067188 ], [ 8.996531306852837, 45.98172858688168 ], [ 8.996981303987093, 45.97396844317506 ], [ 8.992481332644532, 45.972989007561601 ], [ 8.990118847689688, 45.971557524741932 ], [ 8.995181315450068, 45.967715123489143 ], [ 9.010256219447648, 45.963646698633241 ], [ 9.015093688640901, 45.961763168607362 ], [ 9.016443680043668, 45.951968812472792 ], [ 9.018468667147822, 45.950386647251051 ], [ 9.01340619938744, 45.94503742197756 ], [ 9.014756190790209, 45.942701844745464 ], [ 9.02319363705751, 45.939311490698884 ], [ 9.020493654251974, 45.929667816966386 ], [ 9.027356110549379, 45.929969181770524 ], [ 9.030956087623428, 45.927633604538435 ], [ 9.037931043204397, 45.927558263337396 ], [ 9.04389350523329, 45.928688381352927 ], [ 9.050643462247132, 45.923263814878396 ], [ 9.05649342499246, 45.921380284852518 ], [ 9.061105895618587, 45.922133696862865 ], [ 9.060205901350074, 45.917688566001793 ], [ 9.067405855498171, 45.915277647568665 ], [ 9.070780834005092, 45.912942070336577 ], [ 9.07381831466132, 45.913996847151068 ], [ 9.077755789586062, 45.9125653643314 ], [ 9.076630796750422, 45.907291480258941 ], [ 9.078093287436754, 45.900510772165774 ], [ 9.087993224390388, 45.903373737805111 ], [ 9.09001821149454, 45.898099853732653 ], [ 9.086305735136927, 45.897120418119194 ], [ 9.082818257346442, 45.892976652062259 ], [ 9.078993281705266, 45.886271285170132 ], [ 9.07269332182568, 45.882956272324584 ], [ 9.066843359080352, 45.877230341045916 ], [ 9.055930928574641, 45.874744081411755 ], [ 9.05030596439644, 45.863819607261654 ], [ 9.050530962963569, 45.859600500003687 ], [ 9.05255595006772, 45.856662193163316 ], [ 9.046593488038827, 45.850785579482569 ], [ 9.045018498068931, 45.847771931441166 ], [ 9.041756018845575, 45.847696590240133 ], [ 9.039843531024985, 45.843176118178022 ], [ 9.03658105180163, 45.840991223347999 ], [ 9.03658105180163, 45.840840540945933 ], [ 9.036468552518066, 45.840237811337651 ], [ 9.039056036040037, 45.836696774888999 ], [ 9.035568558249553, 45.833457103244484 ], [ 9.035906056100245, 45.831121526012396 ], [ 9.032081080459069, 45.825847641939937 ], [ 9.035681057533116, 45.824190135517163 ], [ 9.032531077593324, 45.82200524068714 ], [ 9.023531134908202, 45.823060017501632 ], [ 9.017681172162874, 45.819142275047803 ], [ 9.005418750254394, 45.821402511078858 ], [ 8.999568787509066, 45.824114794316124 ], [ 8.994056322614428, 45.824340817919229 ], [ 8.99799379753917, 45.834737903662081 ], [ 8.998668793240554, 45.836018704079677 ], [ 8.998668793240554, 45.836094045280717 ], [ 8.9910188419582, 45.836546092486927 ], [ 8.987868862018408, 45.839785764131442 ], [ 8.982581395690898, 45.836922798492104 ], [ 8.977293929363389, 45.837826892904523 ], [ 8.97448144727429, 45.833607785646556 ], [ 8.971106468767367, 45.833532444445517 ], [ 8.968068988111138, 45.835943362878645 ], [ 8.962331524649374, 45.837826892904523 ], [ 8.962106526082247, 45.840765199744894 ], [ 8.957381556172557, 45.842799412172845 ], [ 8.949956603457331, 45.844607600997691 ], [ 8.947819117069615, 45.843929530188369 ], [ 8.940506663637954, 45.84257338856974 ], [ 8.93398170519124, 45.840087128935579 ], [ 8.930156729550063, 45.834587221260016 ], [ 8.921606783999199, 45.835340633270363 ], [ 8.913281837015461, 45.831648914419638 ], [ 8.91384433343328, 45.83918303452316 ], [ 8.915419323403176, 45.843402141781127 ], [ 8.921831782566326, 45.850559555879464 ], [ 8.933644207340548, 45.86216210083888 ], [ 8.940619162921518, 45.864949725277178 ], [ 8.946469125666846, 45.868189396921693 ], [ 8.945569131398335, 45.868942808932047 ], [ 8.943206646443489, 45.87150440976724 ], [ 8.938144178683109, 45.868490761725838 ], [ 8.935331696594009, 45.871730433370345 ], [ 8.934656700892624, 45.879867283082142 ], [ 8.933081710922728, 45.886271285170132 ], [ 8.928469240296604, 45.892901310861227 ], [ 8.925431759640375, 45.893278016866404 ], [ 8.923069274685529, 45.896367006108846 ], [ 8.922956775401966, 45.896517688510912 ], [ 8.926106755341758, 45.902017596186482 ], [ 8.925994256058194, 45.904880561825813 ], [ 8.92138178543207, 45.910154445898279 ], [ 8.917894307641586, 45.914900941563495 ], [ 8.915419323403176, 45.91896936641939 ], [ 8.908331868538642, 45.918894025218357 ], [ 8.903156901494699, 45.924318591692888 ], [ 8.89933192585352, 45.926880192528081 ], [ 8.893931960242448, 45.934188289028491 ], [ 8.894156958809576, 45.937051254667828 ], [ 8.899444425137085, 45.945263445580665 ], [ 8.899894422271341, 45.948955164431382 ], [ 8.898206933017882, 45.95181813007072 ], [ 8.898319432301445, 45.955585190122477 ], [ 8.894944453794524, 45.960181003385621 ], [ 8.88279453116961, 45.958071449756638 ], [ 8.871207104962515, 45.962365898215644 ], [ 8.870757107828259, 45.962591921818749 ], [ 8.86603213791857, 45.966585005473611 ], [ 8.860294674456805, 45.968167170695352 ], [ 8.860182175173241, 45.968242511896385 ], [ 8.860182175173241, 45.968317853097417 ], [ 8.8506197360703, 45.974194466778165 ], [ 8.847919753264762, 45.97735879722164 ], [ 8.844657274041406, 45.978564256438204 ], [ 8.843869779056458, 45.982632681294099 ], [ 8.841282295534485, 45.982858704897204 ], [ 8.840494800549537, 45.985344964531365 ], [ 8.835319833505592, 45.986399741345856 ], [ 8.832732349983619, 45.989187365784161 ], [ 8.828007380073931, 45.988433953773807 ], [ 8.820694926642268, 45.988659977376912 ], [ 8.815069962464069, 45.991598284217282 ], [ 8.79358259930334, 45.993105108237991 ], [ 8.792007609333442, 45.989790095392443 ], [ 8.787057640856627, 45.990242142598653 ], [ 8.789532625095035, 45.995892732676289 ], [ 8.794257595004723, 46.009303466460544 ], [ 8.798532567780157, 46.013673256120583 ], [ 8.805395024077562, 46.020152599409613 ], [ 8.807082513331022, 46.023166247451016 ], [ 8.820807425925834, 46.026707283899668 ], [ 8.828344877924623, 46.033487991992835 ], [ 8.829244872193135, 46.035371522018714 ], [ 8.829357371476698, 46.035446863219747 ], [ 8.831157360013723, 46.042830300921196 ], [ 8.833857342819259, 46.041775524106704 ], [ 8.836557325624796, 46.044939854550179 ], [ 8.831607357147979, 46.048556232199864 ], [ 8.835657331356284, 46.052549315854726 ], [ 8.845332269742791, 46.049686350215396 ], [ 8.855794703114244, 46.062795719195513 ], [ 8.855344705979988, 46.069802450891778 ], [ 8.853319718875836, 46.076733841387018 ], [ 8.84870724824971, 46.076959864990123 ], [ 8.842632286937253, 46.081706360655339 ], [ 8.834869836371336, 46.084041937887427 ], [ 8.827557382939673, 46.090596622377483 ], [ 8.82238241589573, 46.094288341228207 ], [ 8.81878243882168, 46.095569141645804 ], [ 8.816532453150401, 46.098507448486174 ], [ 8.807195012614587, 46.102500532141036 ], [ 8.800895052735001, 46.095945847650981 ], [ 8.792907603601956, 46.096021188852013 ], [ 8.784132659483962, 46.095418459243731 ], [ 8.769395253337075, 46.101897802532761 ], [ 8.766582771247974, 46.101596437728617 ], [ 8.76140780420403, 46.102651214543108 ], [ 8.757020332145032, 46.106041568589696 ], [ 8.743520418117349, 46.123445386028813 ], [ 8.725520532747105, 46.111541476265259 ], [ 8.719220572867521, 46.102952579347253 ], [ 8.715058099375652, 46.098507448486174 ], [ 8.697958208273921, 46.103178602950358 ], [ 8.697845708990355, 46.103178602950358 ], [ 8.697733209706792, 46.10325394415139 ], [ 8.697620710423228, 46.103178602950358 ], [ 8.686933278484645, 46.103329285352423 ], [ 8.682545806425649, 46.107021004203148 ], [ 8.681533312873572, 46.110938746656977 ], [ 8.676245846546063, 46.111692158667331 ], [ 8.671183378785683, 46.110034652244558 ], [ 8.668708394547274, 46.111541476265259 ], [ 8.65880845759364, 46.113877053497347 ], [ 8.657458466190871, 46.117192066342895 ], [ 8.648683522072877, 46.124575504044344 ], [ 8.620896199032565, 46.122767315219498 ], [ 8.613471246317339, 46.123897433235022 ], [ 8.610883762795366, 46.127965858090924 ], [ 8.610883762795366, 46.13406849537477 ], [ 8.605821295034985, 46.136479413807898 ], [ 8.603458810080141, 46.139643744251373 ], [ 8.594008870260762, 46.144164216313484 ], [ 8.595358861663531, 46.148534005973524 ], [ 8.601096325125296, 46.151246289210789 ], [ 8.600983825841732, 46.154335278453232 ], [ 8.604133805781524, 46.156595514484287 ], [ 8.589058901783947, 46.157876314901884 ], [ 8.590071395336022, 46.160211892133972 ], [ 8.585458924709897, 46.164054293386762 ], [ 8.57938396339744, 46.16299951657227 ], [ 8.574771492771315, 46.165711799809536 ], [ 8.573196502801419, 46.168122718242664 ], [ 8.570834017846574, 46.178293780382411 ], [ 8.564871555817682, 46.184999147274539 ], [ 8.556321610266815, 46.188389501321119 ], [ 8.554746620296918, 46.193286679388407 ], [ 8.546646671880309, 46.197505786646374 ], [ 8.541471704836365, 46.199012610667076 ], [ 8.537534229911623, 46.205491953956106 ], [ 8.53382175355401, 46.216793134111377 ], [ 8.530896772181347, 46.220409511761062 ], [ 8.529096783644322, 46.221012241369344 ], [ 8.522796823764736, 46.223046453797295 ], [ 8.518634350272867, 46.221464288575554 ], [ 8.511996892542591, 46.22236838298798 ], [ 8.502996949857469, 46.227265561055262 ], [ 8.487922045859889, 46.231484668313236 ], [ 8.478584605324075, 46.231560009514268 ], [ 8.469809661206082, 46.234121610349462 ], [ 8.467222177684109, 46.238265376406396 ], [ 8.466884679833417, 46.243237895674717 ], [ 8.465534688430647, 46.245347449303701 ], [ 8.465309689863521, 46.245573472906806 ], [ 8.465197190579957, 46.245724155308878 ], [ 8.451247279418018, 46.249415874159602 ], [ 8.448209798761789, 46.249189850556498 ], [ 8.445622315239817, 46.250093944968917 ], [ 8.443147331001407, 46.255593852644481 ], [ 8.448884794463172, 46.259285571495205 ], [ 8.449559790164557, 46.26252524313972 ], [ 8.456872243596219, 46.265312867578018 ], [ 8.450572283716633, 46.275935976923975 ], [ 8.435384880435491, 46.289120687105132 ], [ 8.434934883301235, 46.293113770759994 ], [ 8.428972421272341, 46.299894478853155 ], [ 8.434147388316287, 46.303435515301807 ], [ 8.441572341031511, 46.305394386528725 ], [ 8.440109850345179, 46.307955987363918 ], [ 8.439997351061615, 46.308332693369096 ], [ 8.44292233243428, 46.311346341410498 ], [ 8.442472335300025, 46.316846249086069 ], [ 8.444834820254869, 46.320763991539899 ], [ 8.454959755775629, 46.322496839163705 ], [ 8.456759744312654, 46.328524135246518 ], [ 8.461484714222344, 46.329654253262049 ], [ 8.466434682699161, 46.33500347853554 ], [ 8.464409695595009, 46.33801712657695 ], [ 8.465422189147084, 46.345400564278393 ], [ 8.462609707057984, 46.354516849603648 ], [ 8.465759686997776, 46.359564710073002 ], [ 8.470484656907466, 46.362126310908202 ], [ 8.467897173385493, 46.369585089810677 ], [ 8.468572169086876, 46.373502832264506 ], [ 8.466547181982724, 46.383447870801149 ], [ 8.4619347113566, 46.387893001662221 ], [ 8.46812217195262, 46.394523027353316 ], [ 8.472284645444489, 46.397159969389548 ], [ 8.464747193445699, 46.403865336281676 ], [ 8.464634694162136, 46.407331031529296 ], [ 8.469359664071826, 46.412981621606932 ], [ 8.464072197744317, 46.419159600091817 ], [ 8.459909724252448, 46.420741765313551 ], [ 8.457997236431858, 46.424433484164275 ], [ 8.461822212073036, 46.429632027035701 ], [ 8.458672232133242, 46.436036029123692 ], [ 8.460359721386704, 46.438296265154747 ], [ 8.465084691296392, 46.440481159984763 ], [ 8.46699717911698, 46.445604361655157 ], [ 8.462609707057984, 46.447487891681035 ], [ 8.462834705625113, 46.451028928129688 ], [ 8.46305970419224, 46.451933022542107 ], [ 8.453947262223554, 46.456604177006291 ], [ 8.454284760074247, 46.459391801444589 ], [ 8.451134780134453, 46.463083520295314 ], [ 8.44685980735902, 46.464967050321192 ], [ 8.439659853210923, 46.465569779929474 ], [ 8.432684897629954, 46.464741026718087 ], [ 8.42840992485452, 46.462857496692209 ], [ 8.4222224642585, 46.462179425882894 ], [ 8.418172490050194, 46.459994531052871 ], [ 8.414122515841889, 46.460597260661153 ], [ 8.405685069574588, 46.45848770703217 ], [ 8.403322584619744, 46.456001447398009 ], [ 8.397022624740158, 46.455850764995937 ], [ 8.394210142651058, 46.452912458155566 ], [ 8.394097643367495, 46.452837116954534 ], [ 8.390272667726316, 46.454042576171098 ], [ 8.385772696383757, 46.453439846562816 ], [ 8.383185212861783, 46.46097396666633 ], [ 8.386897689219396, 46.463384885099451 ], [ 8.386672690652269, 46.466925921548103 ], [ 8.39342264766611, 46.469487522383304 ], [ 8.387235187070088, 46.476946301285786 ], [ 8.395560134053826, 46.485610539404824 ], [ 8.39342264766611, 46.496007625147676 ], [ 8.39983510682926, 46.495480236740434 ], [ 8.402197591784104, 46.493672047915588 ], [ 8.411535032319918, 46.493973412719726 ], [ 8.415472507244658, 46.495932283946644 ], [ 8.42053497500504, 46.493898071518693 ], [ 8.432909896197081, 46.4981925199777 ], [ 8.444272323837048, 46.496911719560103 ], [ 8.452934768671478, 46.508890970524689 ], [ 8.461484714222344, 46.512582689375414 ], [ 8.473859635414385, 46.524411257937935 ], [ 8.479372100309023, 46.526445470365886 ], [ 8.478697104607638, 46.528856388799007 ], [ 8.484097070218713, 46.533452202062151 ], [ 8.506596926931516, 46.536465850103561 ], [ 8.520659337377019, 46.540232910155318 ], [ 8.514359377497435, 46.559821622424458 ], [ 8.522121828063352, 46.568335178141432 ], [ 8.52234682663048, 46.578506240281179 ], [ 8.525834304420965, 46.579184311090494 ], [ 8.527634292957989, 46.582951371142251 ], [ 8.532359262867677, 46.585738995580556 ], [ 8.537309231344494, 46.586115701585726 ], [ 8.540346712000723, 46.588074572812644 ], [ 8.549684152536537, 46.583328077147428 ], [ 8.565884049369757, 46.582650006338113 ], [ 8.574771492771315, 46.584910242369169 ], [ 8.582646442620796, 46.578581581482212 ], [ 8.591646385305918, 46.574814521430454 ], [ 8.61212125491457, 46.576246004250123 ], [ 8.615946230555746, 46.579485675894638 ], [ 8.627308658195714, 46.577677487069792 ], [ 8.63057113741907, 46.574965203832527 ], [ 8.632033628105402, 46.567054377723835 ], [ 8.641821065775472, 46.565396871301061 ], [ 8.657345966907307, 46.569842002162133 ], [ 8.66105844326492, 46.574814521430454 ], [ 8.667920899562326, 46.577828169471864 ], [ 8.679845823620113, 46.58046511150809 ], [ 8.682433307142084, 46.579561017095671 ], [ 8.686483281350389, 46.581670570724654 ], [ 8.693570736214923, 46.58099249991534 ], [ 8.699420698960253, 46.582197959131904 ], [ 8.705833158123401, 46.578430899080146 ], [ 8.706395654541222, 46.575040545033559 ], [ 8.718433077882572, 46.572403602997333 ], [ 8.729008010537591, 46.578280216678074 ], [ 8.739582943192609, 46.57368440341493 ], [ 8.744870409520118, 46.573533721012858 ], [ 8.751845365101087, 46.577451463466687 ], [ 8.786495144438806, 46.569088590151786 ], [ 8.802920039839153, 46.565020165295884 ], [ 8.830594863595902, 46.572629626600438 ], [ 8.832844849267182, 46.565020165295884 ], [ 8.844432275474277, 46.564718800491747 ], [ 8.86434464866511, 46.574211791822172 ], [ 8.877844562692793, 46.575869298244946 ], [ 8.880432046214764, 46.578732263884284 ], [ 8.88954448818345, 46.580088405502913 ], [ 8.895056953078088, 46.583328077147428 ], [ 8.904844390748158, 46.585362289575379 ], [ 8.917219311940201, 46.59372516289028 ], [ 8.918119306208713, 46.597868928947214 ], [ 8.908331868538642, 46.607512602679712 ], [ 8.906644379285183, 46.613238533958388 ], [ 8.908444367822208, 46.616930252809112 ], [ 8.92419426752117, 46.624238349309522 ], [ 8.942869148592798, 46.619868559649483 ], [ 8.951644092710792, 46.625443808526086 ], [ 8.95355658053138, 46.633580658237882 ], [ 8.959069045426016, 46.631169739804754 ], [ 8.964019013902835, 46.619868559649483 ], [ 8.96109403253017, 46.612183757143896 ], [ 8.963681516052143, 46.60397156623106 ], [ 8.967393992409756, 46.605026343045552 ], [ 8.974031450140032, 46.603820883828995 ], [ 8.984381384227923, 46.609622156308696 ], [ 8.993381326913045, 46.612108415942856 ], [ 9.006543743090035, 46.612409780747001 ], [ 9.01756867287931, 46.60442361343727 ], [ 9.022293642788998, 46.604272931035204 ], [ 9.028818601235711, 46.600656553385512 ], [ 9.035118561115297, 46.601183941792762 ], [ 9.034893562548168, 46.595307328112021 ], [ 9.043781005949727, 46.590184126441628 ], [ 9.045130997352494, 46.584608877565024 ], [ 9.03883103747291, 46.58340341834846 ], [ 9.03658105180163, 46.576472027853228 ], [ 9.031293585474121, 46.572629626600438 ], [ 9.0279186069672, 46.567129718924868 ], [ 9.027806107683634, 46.563061294068973 ], [ 9.024543628460279, 46.559444916419281 ], [ 9.025893619863048, 46.556506609578911 ], [ 9.020493654251974, 46.548595783470219 ], [ 9.023981132042458, 46.538952109737721 ], [ 9.022856139206819, 46.535335732088029 ], [ 9.017906170730001, 46.533376860861118 ], [ 9.018468667147822, 46.530438554020748 ], [ 9.02150614780405, 46.529233094804184 ], [ 9.024431129176715, 46.520267491881 ], [ 9.024656127743842, 46.510397794545391 ], [ 9.029943594071351, 46.50452118086465 ], [ 9.036356053234501, 46.501658215225312 ], [ 9.041418520994881, 46.494952848333185 ], [ 9.040181028875677, 46.492843294704201 ], [ 9.047605981590904, 46.48787077543588 ], [ 9.0491809715608, 46.484781786193437 ], [ 9.046930985889519, 46.482370867760316 ], [ 9.055143433589693, 46.478151760502342 ], [ 9.06178089131997, 46.477775054497172 ], [ 9.074493310362705, 46.48154211454893 ], [ 9.07966827740665, 46.479281878517874 ], [ 9.086755732271182, 46.476569595280608 ], [ 9.086418234420492, 46.472124464419529 ], [ 9.096205672090562, 46.461802719877717 ], [ 9.093505689285024, 46.450200174918301 ], [ 9.088218222957515, 46.444926290845842 ], [ 9.090805706479488, 46.438070241551642 ], [ 9.090355709345232, 46.433323745886426 ], [ 9.1045306190743, 46.414337763225568 ], [ 9.102955629104404, 46.411776162390368 ], [ 9.091818200031565, 46.40800910233861 ], [ 9.091480702180872, 46.405974889910659 ], [ 9.097443164209766, 46.400851688240273 ], [ 9.092605695016513, 46.397009286987476 ], [ 9.088443221524644, 46.390077896492244 ], [ 9.096655669224818, 46.37523567988832 ], [ 9.095305677822049, 46.373352149862441 ], [ 9.093280690717897, 46.357982544851268 ], [ 9.089230716509592, 46.350523765948786 ], [ 9.083043255913571, 46.350071718742576 ], [ 9.072805821109245, 46.34487317587115 ], [ 9.070443336154399, 46.344797834670111 ], [ 9.067743353348863, 46.337489738169701 ], [ 9.070893333288655, 46.333798019318976 ], [ 9.065605866961146, 46.328900841251695 ], [ 9.066955858363915, 46.32528446360201 ], [ 9.073593316094193, 46.320236603132649 ], [ 9.076180799616164, 46.31586681347261 ], [ 9.071118331855784, 46.308935422977378 ], [ 9.061443393469279, 46.298462996033493 ], [ 9.055480931440385, 46.296052077600365 ], [ 9.059193407797999, 46.282942708620247 ], [ 9.06369337914056, 46.277367459743644 ], [ 9.064818371976198, 46.274278470501201 ], [ 9.073255818243501, 46.26892924522771 ], [ 9.078768283138137, 46.261621148727293 ], [ 9.077080793884678, 46.239320153220888 ], [ 9.07269332182568, 46.23645718758155 ], [ 9.075730802481909, 46.232991492333937 ], [ 9.080905769525854, 46.234347633952567 ], [ 9.089005717942463, 46.214758921683426 ], [ 9.090243210061669, 46.213553462466862 ], [ 9.117580535967726, 46.203307059126082 ], [ 9.13198044426392, 46.189670301738722 ], [ 9.133330435666689, 46.184773123671434 ], [ 9.140417890531221, 46.179875945604145 ], [ 9.154255302409597, 46.171513072289244 ], [ 9.161230257990567, 46.170985683882002 ] ], [ [ 8.969306480230344, 45.964098745839451 ], [ 8.97088147020024, 45.962893286622887 ], [ 8.977068930796261, 45.963194651427031 ], [ 8.978531421482593, 45.969297288710877 ], [ 8.977631427214082, 45.98082449246926 ], [ 8.978643920766157, 45.983461434505486 ], [ 8.97841892219903, 45.984139505314801 ], [ 8.97841892219903, 45.98421484651584 ], [ 8.968068988111138, 45.985344964531365 ], [ 8.965144006738475, 45.977132773618536 ], [ 8.962444023932939, 45.973064348762634 ], [ 8.959744041127401, 45.965982275865329 ], [ 8.961206531813733, 45.965680911061192 ], [ 8.969306480230344, 45.964098745839451 ] ] ] } },
{ "type": "Feature", "properties": { "kt_id": 22 }, "geometry": { "type": "MultiPolygon", "coordinates": [ [ [ [ 6.821920155560273, 46.428426567819137 ], [ 6.757908063212343, 46.440933207190973 ], [ 6.682646042508012, 46.455624741392832 ], [ 6.538196962411806, 46.457432930217678 ], [ 6.519972078474435, 46.45750827141871 ], [ 6.426260175265604, 46.417050046462833 ], [ 6.335923250563694, 46.404995454297207 ], [ 6.253686274278392, 46.361674263701985 ], [ 6.242098848071298, 46.34487317587115 ], [ 6.213411530762472, 46.354516849603648 ], [ 6.20272409882389, 46.356174356026422 ], [ 6.198336626764893, 46.361674263701985 ], [ 6.188099191960567, 46.361900287305097 ], [ 6.181124236379597, 46.365893370959959 ], [ 6.175161774350705, 46.363708476129936 ], [ 6.176399266469908, 46.361222216495776 ], [ 6.17223679297804, 46.359338686469897 ], [ 6.173586784380808, 46.35602367362435 ], [ 6.186411702707106, 46.350975813154996 ], [ 6.195074147541536, 46.349996377541537 ], [ 6.193836655422333, 46.345099199474255 ], [ 6.207674067300707, 46.340202021406967 ], [ 6.233098905386176, 46.331839148092065 ], [ 6.220273987059878, 46.313154530235344 ], [ 6.199461619600533, 46.285654991857513 ], [ 6.171111800142399, 46.296052077600365 ], [ 6.154911903309181, 46.300195843657299 ], [ 6.141299489997934, 46.306147798539079 ], [ 6.126562083851047, 46.318729779111948 ], [ 6.126449584567482, 46.318729779111948 ], [ 6.125999587433227, 46.320085920730584 ], [ 6.132412046596375, 46.326188558014429 ], [ 6.134662032267656, 46.329277547256872 ], [ 6.139949498595165, 46.335907572947967 ], [ 6.138037010774577, 46.336811667360386 ], [ 6.139387002177345, 46.340578727412144 ], [ 6.149849435548799, 46.343969081458724 ], [ 6.152324419787208, 46.346982729500134 ], [ 6.158736878950357, 46.352256613572592 ], [ 6.158736878950357, 46.352557978376737 ], [ 6.158511880383229, 46.355496285217107 ], [ 6.162111857457278, 46.361146875294743 ], [ 6.170661803008143, 46.367475536181693 ], [ 6.171111800142399, 46.368530312996185 ], [ 6.166049332382018, 46.373728855867611 ], [ 6.162336856024406, 46.375537044692457 ], [ 6.159299375368177, 46.380810928764916 ], [ 6.157386887547589, 46.378852057538005 ], [ 6.150636930533747, 46.3786260339349 ], [ 6.136574520088244, 46.389098460878785 ], [ 6.114299661942568, 46.40122839424545 ], [ 6.106199713525958, 46.401002370642345 ], [ 6.101024746482013, 46.406050231111699 ], [ 6.098999759377861, 46.409892632364489 ], [ 6.068174955681318, 46.416221293251446 ], [ 6.064799977174398, 46.417502093669043 ], [ 6.070987437770419, 46.426166331788082 ], [ 6.074699914128032, 46.429632027035701 ], [ 6.075824906963672, 46.433248404685393 ], [ 6.085387346066614, 46.441234571995118 ], [ 6.08696233603651, 46.444398902438593 ], [ 6.085162347499486, 46.44861800969656 ], [ 6.075599908396544, 46.45456996457834 ], [ 6.077624895500696, 46.458563048233202 ], [ 6.074249916993776, 46.461199990269435 ], [ 6.073574921292392, 46.467001262749143 ], [ 6.077962393351388, 46.468809451573989 ], [ 6.097762267258656, 46.482747573765494 ], [ 6.113737165524748, 46.511151206555745 ], [ 6.121612115374229, 46.51823327945305 ], [ 6.138262009341704, 46.531870036840417 ], [ 6.144899467071983, 46.529308436005216 ], [ 6.154124408324232, 46.537897332923229 ], [ 6.149286939130979, 46.540609616160495 ], [ 6.157274388264025, 46.546561571042268 ], [ 6.138824505759525, 46.558917528012039 ], [ 6.111712178420595, 46.57797885187393 ], [ 6.122512109642742, 46.585286948374339 ], [ 6.126899581701738, 46.59078685604991 ], [ 6.139612000744473, 46.598396317354457 ], [ 6.149849435548799, 46.603670201426922 ], [ 6.154574405458488, 46.605026343045552 ], [ 6.161999358173714, 46.611204321530437 ], [ 6.166836827366967, 46.611731709937686 ], [ 6.179886744260394, 46.617457641216355 ], [ 6.181124236379597, 46.621526066072256 ], [ 6.189674181930464, 46.626498585340578 ], [ 6.196761636794997, 46.62951223338198 ], [ 6.196649137511432, 46.630868375000617 ], [ 6.204749085928042, 46.637347718289639 ], [ 6.208799060136347, 46.637347718289639 ], [ 6.213524030046036, 46.641943531552783 ], [ 6.217911502105033, 46.64322433197038 ], [ 6.220161487776314, 46.64616263881075 ], [ 6.220611484910569, 46.646539344815928 ], [ 6.228486434760051, 46.649402310455265 ], [ 6.23433639750538, 46.656258359749465 ], [ 6.25807374633739, 46.671100576353389 ], [ 6.268311181141716, 46.677805943245517 ], [ 6.270223668962304, 46.683983921730402 ], [ 6.278661115229605, 46.687977005385264 ], [ 6.283836082273551, 46.691744065437021 ], [ 6.296548501316285, 46.695661807890851 ], [ 6.299023485554693, 46.695812490292923 ], [ 6.308473425374071, 46.70003159755089 ], [ 6.324898320774419, 46.707339694051299 ], [ 6.328610797132032, 46.707490376453372 ], [ 6.342785706861099, 46.711709483711338 ], [ 6.349873161725632, 46.715551884964135 ], [ 6.353248140232552, 46.716455979376555 ], [ 6.355048128769577, 46.71969565102107 ], [ 6.36101059079847, 46.724366805485246 ], [ 6.365285563573903, 46.723236687469722 ], [ 6.372598017005565, 46.725647605902843 ], [ 6.372260519154873, 46.730092736763922 ], [ 6.375860496228921, 46.73242831399601 ], [ 6.379685471870098, 46.731825584387728 ], [ 6.385985431749684, 46.733181726006357 ], [ 6.392397890912832, 46.739435045692275 ], [ 6.392172892345704, 46.742071987728508 ], [ 6.38924791097304, 46.744482906161636 ], [ 6.395322872285497, 46.749154060625813 ], [ 6.401510332881519, 46.75201702626515 ], [ 6.405110309955568, 46.751338955455836 ], [ 6.417935228281866, 46.754051238693101 ], [ 6.425022683146399, 46.755558062713803 ], [ 6.431660140876676, 46.758421028353141 ], [ 6.440210086427543, 46.763845594827671 ], [ 6.439985087860414, 46.768366066889783 ], [ 6.449435027679792, 46.774393362972596 ], [ 6.453035004753841, 46.775448139787088 ], [ 6.455284990425121, 46.768893455297025 ], [ 6.453035004753841, 46.775448139787088 ], [ 6.452585007619585, 46.779893270648159 ], [ 6.459222465349862, 46.789612285581697 ], [ 6.435597615801417, 46.802872336963887 ], [ 6.431772640160241, 46.813646128711909 ], [ 6.441447578546747, 46.817563871165738 ], [ 6.440435084994671, 46.82547469727443 ], [ 6.443247567083771, 46.833159499780017 ], [ 6.460797455319758, 46.852898894451229 ], [ 6.465409925945884, 46.852070141239842 ], [ 6.470134895855573, 46.84852910479119 ], [ 6.482959814181871, 46.848227739987053 ], [ 6.528072026891045, 46.860056308549566 ], [ 6.528409524741736, 46.860056308549566 ], [ 6.538309461695371, 46.86811781706033 ], [ 6.546184411544852, 46.870152029488281 ], [ 6.552596870708001, 46.874295795545216 ], [ 6.563621800497276, 46.876932737581448 ], [ 6.571271751779629, 46.880172409225956 ], [ 6.587584147896413, 46.885446293298415 ], [ 6.598496578402123, 46.88484356369014 ], [ 6.607046523952989, 46.888083235334648 ], [ 6.622233927234132, 46.890042106561566 ], [ 6.627633892845205, 46.890192788963631 ], [ 6.631008871352125, 46.892980413401936 ], [ 6.646308773916832, 46.907521265201723 ], [ 6.648108762453857, 46.912041737263827 ], [ 6.663183666451436, 46.918973127759067 ], [ 6.684671029612164, 46.926808612666719 ], [ 6.721683293904728, 46.937507063213715 ], [ 6.721345796054036, 46.934418073971273 ], [ 6.724383276710265, 46.932383861543322 ], [ 6.718758312532064, 46.91814437454768 ], [ 6.718083316830679, 46.90835001841311 ], [ 6.740808172110611, 46.896220085046444 ], [ 6.73878318500646, 46.885822999303592 ], [ 6.74103317067774, 46.885672316901527 ], [ 6.740245675692792, 46.880549115231133 ], [ 6.733495718678951, 46.869624641081032 ], [ 6.741258169244868, 46.873241018730724 ], [ 6.755883076108191, 46.871809535911055 ], [ 6.780857917059404, 46.853953671265721 ], [ 6.743170657065456, 46.828789710119977 ], [ 6.753745589720475, 46.821180248815423 ], [ 6.768145498016669, 46.810255774665329 ], [ 6.777707937119612, 46.803851772577339 ], [ 6.779957922790892, 46.802194266154565 ], [ 6.784795391984145, 46.804303819783549 ], [ 6.78772037335681, 46.800762783334896 ], [ 6.778045434970304, 46.793153322030349 ], [ 6.776807942851099, 46.790968427200326 ], [ 6.783445400581376, 46.794132757643801 ], [ 6.798857802429648, 46.784112377906126 ], [ 6.80560775944349, 46.786824661143392 ], [ 6.814270204277919, 46.781626118271966 ], [ 6.815282697829995, 46.780194635452297 ], [ 6.819220172754736, 46.779064517436773 ], [ 6.826195128335705, 46.774544045374661 ], [ 6.828332614723422, 46.778085081823313 ], [ 6.833845079618059, 46.77597552819433 ], [ 6.836995059557852, 46.777407011013999 ], [ 6.840707535915464, 46.782002824277143 ], [ 6.843970015138821, 46.779968611849192 ], [ 6.854094950659583, 46.786900002344431 ], [ 6.860057412688477, 46.78923557957652 ], [ 6.864782382598166, 46.785694543127867 ], [ 6.863882388329653, 46.782982259890602 ], [ 6.872319834596955, 46.779742588246087 ], [ 6.875582313820312, 46.781249412266796 ], [ 6.879294790177925, 46.777859058220209 ], [ 6.889757223549378, 46.779516564642982 ], [ 6.898644666950936, 46.777783717019176 ], [ 6.897744672682424, 46.780269976653337 ], [ 6.908319605337442, 46.784338401509231 ], [ 6.911807083127927, 46.781023388663684 ], [ 6.91776954515682, 46.787427390751674 ], [ 6.917544546589692, 46.790441038793084 ], [ 6.922044517932253, 46.79812584129867 ], [ 6.927106985692634, 46.800009371324549 ], [ 6.932394452020143, 46.807166785422886 ], [ 6.928231978528274, 46.810255774665329 ], [ 6.924182004319969, 46.809803727459119 ], [ 6.924294503603534, 46.808522927041523 ], [ 6.920694526529485, 46.81176259868603 ], [ 6.915969556619796, 46.808974974247732 ], [ 6.913382073097823, 46.804755866989765 ], [ 6.905957120382598, 46.807694173830136 ], [ 6.911694583844363, 46.813796811113981 ], [ 6.906294618233289, 46.825248673671325 ], [ 6.90854460390457, 46.835947124218322 ], [ 6.920244529395228, 46.848453763590157 ], [ 6.930931961333811, 46.855234471683318 ], [ 6.913607071664951, 46.866987699044806 ], [ 6.898082170533116, 46.862994615389944 ], [ 6.892907203489171, 46.866158945833419 ], [ 6.909894595307339, 46.870604076694491 ], [ 6.913607071664951, 46.868419181864475 ], [ 6.921369522230869, 46.87248760672037 ], [ 6.911694583844363, 46.88182991564873 ], [ 6.906294618233289, 46.880172409225956 ], [ 6.892119708504223, 46.88868596494293 ], [ 6.866694870418754, 46.91083627804727 ], [ 6.89706967698104, 46.926657930264653 ], [ 6.922269516499381, 46.906843194392401 ], [ 6.924632001454226, 46.904959664366523 ], [ 6.925419496439174, 46.904356934758241 ], [ 6.925531995722737, 46.904281593557208 ], [ 6.928231978528274, 46.902624087134434 ], [ 6.928906974229658, 46.902247381129257 ], [ 6.931269459184503, 46.900815898309588 ], [ 6.924294503603534, 46.896295426247484 ], [ 6.926881987125506, 46.893959849015388 ], [ 6.93396944199004, 46.893809166613323 ], [ 6.936669424795576, 46.890644836169841 ], [ 6.939481906884676, 46.890946200973985 ], [ 6.942744386108033, 46.885446293298415 ], [ 6.94656936174921, 46.884316175282891 ], [ 6.952306825210975, 46.879042291210432 ], [ 6.951969327360283, 46.876330007973166 ], [ 6.954894308732948, 46.876556031576271 ], [ 6.965469241387966, 46.867967134658258 ], [ 6.969631714879835, 46.869323276276894 ], [ 6.963444254283814, 46.878213537999045 ], [ 6.959956776493328, 46.880097068024924 ], [ 6.958944282941252, 46.882809351262189 ], [ 6.962994257149557, 46.885446293298415 ], [ 6.967606727775682, 46.884918904891173 ], [ 6.974694182640215, 46.888309258937753 ], [ 6.988081597384334, 46.876330007973166 ], [ 6.989881585921359, 46.874747842751425 ], [ 6.982456633206134, 46.86856986426654 ], [ 6.977506664729316, 46.855008448080213 ], [ 6.974131686222396, 46.855083789281252 ], [ 6.978744156848521, 46.846946939569449 ], [ 6.983806624608902, 46.847549669177731 ], [ 6.989431588787102, 46.851166046827423 ], [ 6.993031565861152, 46.848679787193262 ], [ 6.987856598817206, 46.845816821553925 ], [ 6.985944110996618, 46.841974420301128 ], [ 6.984481620310286, 46.840618278682498 ], [ 6.987744099533643, 46.838508725053515 ], [ 6.986956604548694, 46.836248489022459 ], [ 6.99325656442828, 46.834364958996581 ], [ 6.99325656442828, 46.831803358161388 ], [ 6.989319089503539, 46.827358227300309 ], [ 6.98571911242949, 46.823289802444414 ], [ 6.979869149684161, 46.824269238057866 ], [ 6.971881700551116, 46.825399356073397 ], [ 6.96614423708935, 46.829543122130332 ], [ 6.959056782224817, 46.820652860408181 ], [ 6.960969270045405, 46.81907069518644 ], [ 6.95748179225492, 46.816358411949174 ], [ 6.958831783657688, 46.812440669495345 ], [ 6.96558174067153, 46.806790079417709 ], [ 6.96670673350717, 46.802344948556637 ], [ 6.957031795120664, 46.794810828453123 ], [ 6.959281780791945, 46.791495815607576 ], [ 6.950844334524643, 46.784187719107166 ], [ 6.946344363182082, 46.7857698843289 ], [ 6.939706905451804, 46.78283157748853 ], [ 6.932506951303707, 46.776728940204684 ], [ 6.932394452020143, 46.773865974565346 ], [ 6.935994429094192, 46.772886538951887 ], [ 6.929806968498171, 46.768742772894953 ], [ 6.921144523663741, 46.761510017595583 ], [ 6.915182061634848, 46.764146959631809 ], [ 6.90910710032239, 46.758797734358318 ], [ 6.911357085993671, 46.754578627100344 ], [ 6.91776954515682, 46.75593476871898 ], [ 6.922494515066509, 46.75299646187861 ], [ 6.931381958468067, 46.75540738031173 ], [ 6.938806911183292, 46.750660884646514 ], [ 6.941956891123085, 46.745989730182337 ], [ 6.937006922646268, 46.73920902208917 ], [ 6.936444426228448, 46.734462526423961 ], [ 6.922832012917201, 46.724818852691456 ], [ 6.921819519365125, 46.723462711072827 ], [ 6.919119536559588, 46.720825769036594 ], [ 6.905282124681213, 46.715250520159991 ], [ 6.898869665518064, 46.709599930082355 ], [ 6.893132202056299, 46.703798657602647 ], [ 6.894369694175503, 46.701161715566421 ], [ 6.892119708504223, 46.696942608308447 ], [ 6.885482250773945, 46.692422136246336 ], [ 6.881994772983461, 46.691367359431844 ], [ 6.874232322417543, 46.684963357343861 ], [ 6.869507352507854, 46.686922228570772 ], [ 6.863769889046089, 46.682025050503491 ], [ 6.865457378299549, 46.677881284446556 ], [ 6.872657332447647, 46.674716954003074 ], [ 6.865569877583114, 46.666354080688173 ], [ 6.869282353940726, 46.664319868260222 ], [ 6.867932362537958, 46.661155537816747 ], [ 6.863994887613217, 46.659724054997078 ], [ 6.860394910539169, 46.661155537816747 ], [ 6.854432448510275, 46.656785748156707 ], [ 6.850719972152662, 46.658141889775344 ], [ 6.843970015138821, 46.659648713796045 ], [ 6.844870009407333, 46.662134973430206 ], [ 6.83947004379626, 46.66379247985298 ], [ 6.828220115439858, 46.661155537816747 ], [ 6.815957693531379, 46.648724239645944 ], [ 6.811907719323075, 46.651737887687354 ], [ 6.799870295981724, 46.650457087269757 ], [ 6.804370267324285, 46.645936615207646 ], [ 6.799870295981724, 46.640964095939324 ], [ 6.797732809594008, 46.634484752650302 ], [ 6.802907776637952, 46.628909503773698 ], [ 6.804032769473593, 46.624163008108482 ], [ 6.80313277520508, 46.602992130617608 ], [ 6.79919530028034, 46.60103325939069 ], [ 6.801895283085877, 46.594026527694417 ], [ 6.799982795265288, 46.584759559967097 ], [ 6.795707822489855, 46.576547369054261 ], [ 6.800207793832416, 46.575341909837704 ], [ 6.805945257294181, 46.579108969889461 ], [ 6.814045205710791, 46.579561017095671 ], [ 6.81235771645733, 46.582197959131904 ], [ 6.814945199979303, 46.58686911359608 ], [ 6.821695156993145, 46.584910242369169 ], [ 6.824845136932937, 46.578958287487389 ], [ 6.829570106842626, 46.578581581482212 ], [ 6.835645068155083, 46.5766227102553 ], [ 6.843182520153873, 46.58340341834846 ], [ 6.847457492929306, 46.585136265972274 ], [ 6.853532454241763, 46.583328077147428 ], [ 6.864669883314601, 46.579485675894638 ], [ 6.872544833164083, 46.570896778976625 ], [ 6.875244815969619, 46.566602330517625 ], [ 6.880419783013565, 46.568335178141432 ], [ 6.884807255072562, 46.56389004728036 ], [ 6.887169740027406, 46.564191412084497 ], [ 6.888857229280866, 46.568937907749714 ], [ 6.898869665518064, 46.571876214590084 ], [ 6.902357143308549, 46.571047461378697 ], [ 6.89988215907014, 46.56637630691452 ], [ 6.903257137577061, 46.562684588063796 ], [ 6.89425719489194, 46.560499693233773 ], [ 6.889194727131558, 46.559520257620321 ], [ 6.869169854657162, 46.542945193392583 ], [ 6.867819863254394, 46.541890416578092 ], [ 6.8618574012255, 46.532020719242482 ], [ 6.859719914837784, 46.532472766448699 ], [ 6.860957406956988, 46.537294603314947 ], [ 6.857244930599376, 46.538424721330472 ], [ 6.8562324370473, 46.542568487387406 ], [ 6.851732465704739, 46.542493146186374 ], [ 6.842057527318232, 46.539630180547036 ], [ 6.833057584633111, 46.538952109737721 ], [ 6.826082629052141, 46.539554839346003 ], [ 6.824732637649373, 46.542417804985334 ], [ 6.819220172754736, 46.53782199172219 ], [ 6.81820767920266, 46.533150837258013 ], [ 6.813257710725843, 46.527274223577272 ], [ 6.811907719323075, 46.526370129164846 ], [ 6.818882674904044, 46.518007255849945 ], [ 6.825295134067193, 46.513411442586801 ], [ 6.831032597528958, 46.513788148591978 ], [ 6.833620081050931, 46.506329369689496 ], [ 6.83890754737844, 46.50067877961186 ], [ 6.842845022303181, 46.497966496374595 ], [ 6.84644499937723, 46.497815813972522 ], [ 6.848919983615638, 46.494952848333185 ], [ 6.8590449191364, 46.494500801126975 ], [ 6.863657389762525, 46.495254213137329 ], [ 6.867032368269446, 46.501808897627384 ], [ 6.882557269401281, 46.51386348979301 ], [ 6.884132259371177, 46.51476758420543 ], [ 6.898307169100244, 46.521397609896525 ], [ 6.896619679846784, 46.509041652926761 ], [ 6.901907146174293, 46.514541560602325 ], [ 6.912594578112875, 46.51439087820026 ], [ 6.913944569515643, 46.512432006973341 ], [ 6.926094492140558, 46.508740288122617 ], [ 6.928231978528274, 46.505877322483286 ], [ 6.931719456318759, 46.506028004885351 ], [ 6.934756936974988, 46.502788333240844 ], [ 6.948594348853362, 46.502637650838771 ], [ 6.951631829509591, 46.50406913365844 ], [ 6.963106756433121, 46.498267861178732 ], [ 6.966594234223606, 46.494576142328008 ], [ 6.973119192670319, 46.492541929900064 ], [ 6.97480668192378, 46.482521550162382 ], [ 6.982231634639005, 46.476644936481641 ], [ 6.978744156848521, 46.474460041651625 ], [ 6.980994142519801, 46.460220554655976 ], [ 6.983581626041774, 46.460145213454943 ], [ 6.993031565861152, 46.450124833717268 ], [ 6.984819118160978, 46.439275700768206 ], [ 6.993594062278971, 46.440179795180626 ], [ 7.003493999232606, 46.444700267242737 ], [ 7.018568903230185, 46.44861800969656 ], [ 7.021493884602849, 46.461049307867363 ], [ 7.040281264958042, 46.476117548074399 ], [ 7.066381098744895, 46.490055670265903 ], [ 7.072793557908044, 46.48787077543588 ], [ 7.078643520653372, 46.489980329064863 ], [ 7.090118447576903, 46.488398163843129 ], [ 7.098668393127769, 46.489754305461759 ], [ 7.101255876649741, 46.488247481441057 ], [ 7.106093345842995, 46.490432376271073 ], [ 7.111268312886939, 46.496082966348716 ], [ 7.123643234078982, 46.500000708802538 ], [ 7.127355710436595, 46.504445839663617 ], [ 7.136693150972409, 46.509041652926761 ], [ 7.141530620165662, 46.52162363349963 ], [ 7.144680600105454, 46.52373318712862 ], [ 7.145468095090402, 46.527801611984515 ], [ 7.149293070731579, 46.529760483211433 ], [ 7.159530505535906, 46.528178317989692 ], [ 7.172017926011512, 46.534054931670433 ], [ 7.183717851502171, 46.540006886552213 ], [ 7.193280290605112, 46.5476916890578 ], [ 7.195530276276393, 46.546410888640203 ], [ 7.20104274117103, 46.543246558196721 ], [ 7.207230201767051, 46.536842556108738 ], [ 7.209817685289024, 46.534205614072505 ], [ 7.224217593585219, 46.548972489475396 ], [ 7.23794250618003, 46.555075126759242 ], [ 7.238280004030722, 46.547767030258832 ], [ 7.246829949581588, 46.539102792139786 ], [ 7.245592457462383, 46.534506978876642 ], [ 7.250092428804944, 46.522301704308951 ], [ 7.246154953880203, 46.503466404050158 ], [ 7.240529989702003, 46.49721308436424 ], [ 7.233555034121032, 46.496082966348716 ], [ 7.236592514777261, 46.493973412719726 ], [ 7.236930012627953, 46.489452940657621 ], [ 7.225117587853731, 46.488096799038985 ], [ 7.226130081405807, 46.478302442904415 ], [ 7.231755045584008, 46.467603992357425 ], [ 7.229955057046984, 46.460446578259081 ], [ 7.227705071375704, 46.458864413037347 ], [ 7.233217536270341, 46.455172694186622 ], [ 7.227142574957883, 46.452837116954534 ], [ 7.226355079972935, 46.446282432464471 ], [ 7.223430098600271, 46.443344125624101 ], [ 7.206555206065667, 46.440405818783731 ], [ 7.202842729708054, 46.442063325206504 ], [ 7.195867774127085, 46.441912642804432 ], [ 7.193730287739369, 46.435131934711272 ], [ 7.200142746902518, 46.430234756643983 ], [ 7.203405226125875, 46.424282801762203 ], [ 7.210717679557536, 46.417426752468003 ], [ 7.208130196035563, 46.411324115184158 ], [ 7.208692692453384, 46.404317383487886 ], [ 7.195642775559957, 46.385708106832205 ], [ 7.19463028200788, 46.380208199156641 ], [ 7.209142689587639, 46.380057516754569 ], [ 7.208355194602691, 46.374858973883143 ], [ 7.216905140153557, 46.363407111325799 ], [ 7.227030075674319, 46.366119394563064 ], [ 7.230742552031932, 46.363181087722694 ], [ 7.227142574957883, 46.360393463284389 ], [ 7.219830121526222, 46.358660615660582 ], [ 7.223205100033143, 46.350147059943609 ], [ 7.222417605048195, 46.330483006473429 ], [ 7.201492738305286, 46.314058624647771 ], [ 7.190017811381756, 46.305093021724581 ], [ 7.190467808516011, 46.296428783605542 ], [ 7.196992766962725, 46.290627511125834 ], [ 7.194967779858572, 46.289949440316519 ], [ 7.194855280575009, 46.286559086269932 ], [ 7.187430327859783, 46.284449532640949 ], [ 7.190355309232448, 46.274278470501201 ], [ 7.189342815680371, 46.272018234470146 ], [ 7.185180342188502, 46.269908680841162 ], [ 7.178992881592482, 46.26983333964013 ], [ 7.172580422429332, 46.26244990193868 ], [ 7.162567986192134, 46.255066464237238 ], [ 7.155930528461857, 46.253861005020674 ], [ 7.152105552820681, 46.245724155308878 ], [ 7.14175561873279, 46.239169470818823 ], [ 7.1314056846449, 46.238114694004324 ], [ 7.125330723332443, 46.237285940792937 ], [ 7.12218074339265, 46.230655915101849 ], [ 7.12330573622829, 46.224703960220069 ], [ 7.115993282796628, 46.21988212335382 ], [ 7.116330780647321, 46.218601322936223 ], [ 7.106880840827943, 46.211971297245128 ], [ 7.09675590530718, 46.208505601997508 ], [ 7.089330952591955, 46.20277967071884 ], [ 7.076506034265656, 46.200670117089849 ], [ 7.072231061490224, 46.202252282311591 ], [ 7.064918608058562, 46.200670117089849 ], [ 7.060081138865309, 46.197355104244309 ], [ 7.033981305078456, 46.188238818919054 ], [ 7.026331353796103, 46.198635904661906 ], [ 7.012831439768419, 46.20662207197163 ], [ 7.009006464127243, 46.221388947374521 ], [ 7.003381499949041, 46.226813513849052 ], [ 7.002706504247658, 46.234498316354639 ], [ 6.996969040785892, 46.237662646798114 ], [ 6.990444082339179, 46.245272108102668 ], [ 6.988194096667899, 46.253936346221714 ], [ 6.980319146818417, 46.258456818283818 ], [ 6.971319204133295, 46.265162185175946 ], [ 6.96558174067153, 46.271038798856694 ], [ 6.962544260015301, 46.281209860996441 ], [ 6.960294274344021, 46.285654991857513 ], [ 6.95050683667395, 46.292511041151712 ], [ 6.940719399003881, 46.296579466007614 ], [ 6.93734442049696, 46.299743796451089 ], [ 6.932844449154399, 46.317675002297456 ], [ 6.933181947005091, 46.325811852009252 ], [ 6.932956948437964, 46.326941970024777 ], [ 6.931044460617374, 46.331462442086888 ], [ 6.920132030111665, 46.340352703809039 ], [ 6.90348213614419, 46.339900656602829 ], [ 6.896844678413911, 46.341784186628708 ], [ 6.883794761520485, 46.353989461196406 ], [ 6.882669768684845, 46.357229132840914 ], [ 6.887619737161662, 46.366646782970307 ], [ 6.88559475005751, 46.377345233517303 ], [ 6.875807312387439, 46.382920482393907 ], [ 6.86016991197204, 46.395427121765742 ], [ 6.821920155560273, 46.428426567819137 ] ], [ [ 6.773882961478435, 46.752695097074465 ], [ 6.769382990135874, 46.74606507138337 ], [ 6.759933050316496, 46.738907657285033 ], [ 6.753408091869782, 46.737702198068469 ], [ 6.749470616945041, 46.733106384805325 ], [ 6.751833101899886, 46.730092736763922 ], [ 6.759595552465804, 46.726777723918374 ], [ 6.759483053182239, 46.723312028670755 ], [ 6.763533027390545, 46.718866897809683 ], [ 6.771632975807155, 46.721955887052118 ], [ 6.785245389118401, 46.736798103656049 ], [ 6.785020390551272, 46.747195189398902 ], [ 6.787045377655425, 46.749003378223748 ], [ 6.78018292135802, 46.752243049868255 ], [ 6.777482938552484, 46.751263614254796 ], [ 6.773882961478435, 46.752695097074465 ] ], [ [ 6.812132717890202, 46.729188642351495 ], [ 6.81820767920266, 46.734613208826026 ], [ 6.82912010970837, 46.736798103656049 ], [ 6.839695042363388, 46.733784455614639 ], [ 6.846894996511486, 46.72903795994943 ], [ 6.863094893344705, 46.725722947103883 ], [ 6.868719857522906, 46.72949000715564 ], [ 6.866469871851626, 46.730544783970132 ], [ 6.867482365403702, 46.734161161619816 ], [ 6.882894767251973, 46.751112931852731 ], [ 6.878394795909412, 46.756688180729327 ], [ 6.873332328149031, 46.758948416760383 ], [ 6.863882388329653, 46.764523665636986 ], [ 6.855332442778788, 46.773187903756032 ], [ 6.849482480033458, 46.772208468142573 ], [ 6.845207507258025, 46.766407195662865 ], [ 6.838007553109928, 46.762564794410075 ], [ 6.830020103976882, 46.757215569136577 ], [ 6.830020103976882, 46.754352603497239 ], [ 6.815957693531379, 46.741845964125403 ], [ 6.816632689232764, 46.739359704491243 ], [ 6.806957750846258, 46.73672276245501 ], [ 6.804707765174977, 46.738003562872613 ], [ 6.799082800996776, 46.735441962037413 ], [ 6.79447033037065, 46.737099468460187 ], [ 6.78884536619245, 46.730620125171164 ], [ 6.794020333236395, 46.72692840632044 ], [ 6.807070250129821, 46.728284547939076 ], [ 6.812132717890202, 46.729188642351495 ] ], [ [ 6.169311811605375, 46.343592375453554 ], [ 6.173024287962988, 46.342537598639055 ], [ 6.175161774350705, 46.348112847515658 ], [ 6.182249229215238, 46.345174540675288 ], [ 6.185174210587903, 46.347284094304271 ], [ 6.176399266469908, 46.352482637175697 ], [ 6.170211805873888, 46.348112847515658 ], [ 6.169311811605375, 46.343592375453554 ] ] ], [ [ [ 7.036343790033301, 46.981657007020317 ], [ 7.039268771405965, 46.981129618613068 ], [ 7.054231176119981, 46.97781460576752 ], [ 7.064131113073614, 46.972239356890924 ], [ 7.059293643880361, 46.966212060808111 ], [ 7.060306137432438, 46.957698505091138 ], [ 7.057381156059773, 46.956568387075606 ], [ 7.060531135999565, 46.953102691827993 ], [ 7.062443623820154, 46.94504118331723 ], [ 7.058843646746105, 46.940068664048908 ], [ 7.060756134566693, 46.937959110419925 ], [ 7.085280978383651, 46.91422663209385 ], [ 7.086630969786419, 46.912945831676254 ], [ 7.088880955457699, 46.910986960449335 ], [ 7.091018441845415, 46.909028089222424 ], [ 7.09394342321808, 46.907973312407933 ], [ 7.091580938263236, 46.904733640763418 ], [ 7.087418464771367, 46.902398063531329 ], [ 7.088205959756315, 46.898857027082677 ], [ 7.08415598554801, 46.897425544263008 ], [ 7.075268542146453, 46.896596791051621 ], [ 7.079768513489013, 46.89508996703092 ], [ 7.065593603759947, 46.887329823324293 ], [ 7.063006120237974, 46.884918904891173 ], [ 7.062781121670846, 46.881001162437343 ], [ 7.067056094446278, 46.881679233246658 ], [ 7.066043600894202, 46.879268314813537 ], [ 7.069756077251816, 46.878062855596973 ], [ 7.071781064355967, 46.875124548756602 ], [ 7.067731090147663, 46.870001347086209 ], [ 7.063343618088666, 46.868343840663435 ], [ 7.054906171821364, 46.857570048915406 ], [ 7.051081196180188, 46.855912542492632 ], [ 7.040281264958042, 46.847474327976698 ], [ 7.036006292182608, 46.848152398786013 ], [ 7.030156329437279, 46.852296164842947 ], [ 7.034881299346968, 46.858926190534042 ], [ 7.040056266390913, 46.862090520977517 ], [ 7.030943824422227, 46.867364405049983 ], [ 7.036568788600428, 46.874295795545216 ], [ 7.033643807227763, 46.876782055179376 ], [ 7.026893850213923, 46.877761490792835 ], [ 7.025768857378282, 46.879192973612497 ], [ 7.022731376722054, 46.877686149591796 ], [ 7.017106412543852, 46.881905256849763 ], [ 7.014856426872572, 46.878816267607327 ], [ 7.007768972008039, 46.874446477947288 ], [ 7.000344019292813, 46.875802619565917 ], [ 6.994719055114611, 46.880323091628028 ], [ 7.008218969142295, 46.888384600138792 ], [ 7.010356455530011, 46.890343471365703 ], [ 6.985044116728106, 46.909178771624497 ], [ 6.983131628907517, 46.910986960449335 ], [ 6.983581626041774, 46.91513072650627 ], [ 6.988306595951462, 46.919575857367349 ], [ 6.978856656132084, 46.924699059037735 ], [ 6.9753691783416, 46.922589505408752 ], [ 6.972219198401807, 46.922890870212889 ], [ 6.962656759298866, 46.928842825094669 ], [ 6.929356971363914, 46.954006786240413 ], [ 7.003156501381913, 46.988061009108307 ], [ 7.036343790033301, 46.981657007020317 ] ] ] ] } },
{ "type": "Feature", "properties": { "kt_id": 23 }, "geometry": { "type": "Polygon", "coordinates": [ [ [ 8.385772696383757, 46.453439846562816 ], [ 8.380597729339812, 46.452083704944179 ], [ 8.38003523292199, 46.452083704944179 ], [ 8.378122745101402, 46.453289164160743 ], [ 8.377335250116454, 46.453138481758671 ], [ 8.376435255847943, 46.454343940975235 ], [ 8.36799780958064, 46.453213822959711 ], [ 8.356860380507802, 46.44824130369139 ], [ 8.353597901284445, 46.442892078417891 ], [ 8.34392296289794, 46.43791955914957 ], [ 8.337848001585481, 46.432947039881249 ], [ 8.332560535257974, 46.430912827453298 ], [ 8.326485573945515, 46.426995084999469 ], [ 8.316023140574062, 46.424885531370485 ], [ 8.308710687142401, 46.426995084999469 ], [ 8.304885711501225, 46.424584166566348 ], [ 8.30004824230797, 46.415467881241092 ], [ 8.290373303921465, 46.409515926359312 ], [ 8.295435771681845, 46.406276254714804 ], [ 8.300160741591535, 46.406125572312732 ], [ 8.304660712934096, 46.403714653879611 ], [ 8.311298170664372, 46.403639312678571 ], [ 8.31681063555901, 46.400248958631991 ], [ 8.318385625528906, 46.39527643936367 ], [ 8.315235645589114, 46.391057332105703 ], [ 8.319735616931675, 46.387666978059116 ], [ 8.316023140574062, 46.385180718424955 ], [ 8.31399815346991, 46.378324669130762 ], [ 8.301060735860046, 46.375311021089352 ], [ 8.296223266666793, 46.371694643439668 ], [ 8.29082330105572, 46.370413843022064 ], [ 8.286435828996723, 46.367174171377556 ], [ 8.285310836161084, 46.364838594145468 ], [ 8.275748397058141, 46.367626218583766 ], [ 8.275410899207451, 46.367701559784798 ], [ 8.264835966552432, 46.365290641351677 ], [ 8.261798485896202, 46.362126310908202 ], [ 8.266073458671636, 46.358359250856445 ], [ 8.266973452940148, 46.353085366783979 ], [ 8.261010990911254, 46.349921036340504 ], [ 8.263935972283919, 46.347208753103239 ], [ 8.254036035330286, 46.347660800309448 ], [ 8.25111105395762, 46.342010210231813 ], [ 8.242448609123191, 46.340804751015249 ], [ 8.235473653542222, 46.341181457020426 ], [ 8.229061194379073, 46.336962349762459 ], [ 8.222648735215923, 46.331462442086888 ], [ 8.224561223036511, 46.330256982870324 ], [ 8.224448723752946, 46.325510487205115 ], [ 8.215673779634953, 46.320914673941971 ], [ 8.216011277485645, 46.317448978694351 ], [ 8.21274879826229, 46.314887377859158 ], [ 8.21308629611298, 46.310517588199119 ], [ 8.210948809725265, 46.309839517389797 ], [ 8.199811380652426, 46.303510856502847 ], [ 8.193961417907097, 46.305469727729758 ], [ 8.190586439400176, 46.30260676209042 ], [ 8.186986462326129, 46.30215471488421 ], [ 8.179899007461595, 46.298613678435558 ], [ 8.166286594150346, 46.298161631229348 ], [ 8.16246161850917, 46.297106854414857 ], [ 8.157061652898097, 46.298387654832453 ], [ 8.148061710212975, 46.302757444492492 ], [ 8.142886743169031, 46.303209491698702 ], [ 8.138611770393597, 46.302983468095597 ], [ 8.131974312663321, 46.298538337234525 ], [ 8.129949325559167, 46.295976736399332 ], [ 8.126236849201554, 46.295750712796227 ], [ 8.121849377142558, 46.293113770759994 ], [ 8.119374392904149, 46.287237157079254 ], [ 8.112511936606744, 46.281435884599546 ], [ 8.10654947457785, 46.280908496192296 ], [ 8.104749486040827, 46.277819506949854 ], [ 8.097662031176293, 46.272470281676362 ], [ 8.091024573446017, 46.269004586428743 ], [ 8.086974599237712, 46.267874468413218 ], [ 8.087087098521275, 46.263353996351107 ], [ 8.081462134343074, 46.261847172330405 ], [ 8.083599620730791, 46.257778747474504 ], [ 8.088774587774736, 46.254991123036206 ], [ 8.102836998220239, 46.253408957814464 ], [ 8.102724498936674, 46.250772015778232 ], [ 8.111161945203976, 46.250772015778232 ], [ 8.112961933741001, 46.246552908520265 ], [ 8.112511936606744, 46.24240914246333 ], [ 8.11408692657664, 46.239998224030202 ], [ 8.121511879291866, 46.237285940792937 ], [ 8.125336854933042, 46.230881938704954 ], [ 8.134674295468857, 46.227717608261472 ], [ 8.139961761796366, 46.227340902256302 ], [ 8.144574232422491, 46.212800050456515 ], [ 8.152449182271972, 46.204060471136437 ], [ 8.154361670092561, 46.192307243774948 ], [ 8.158299145017303, 46.190725078553214 ], [ 8.166511592717475, 46.183416982052798 ], [ 8.166174094866783, 46.178143097980339 ], [ 8.15964913642007, 46.175280132341001 ], [ 8.156724155047405, 46.169177495057156 ], [ 8.15211168442128, 46.16646521181989 ], [ 8.150424195167821, 46.161040645345359 ], [ 8.150761693018513, 46.158177679706021 ], [ 8.154136671525432, 46.155164031664619 ], [ 8.154699167943253, 46.149890147592153 ], [ 8.156386657196713, 46.148835370777661 ], [ 8.151099190869203, 46.141903980282429 ], [ 8.143224241019723, 46.137232825818245 ], [ 8.136699282573009, 46.138212261431704 ], [ 8.126236849201554, 46.136479413807898 ], [ 8.122861870694635, 46.133917812972705 ], [ 8.116449411531486, 46.131582235740609 ], [ 8.11633691224792, 46.123445386028813 ], [ 8.113861928009513, 46.117418089946 ], [ 8.110936946636848, 46.114404441904597 ], [ 8.098224527594112, 46.109657946239381 ], [ 8.091474570580273, 46.108829193027994 ], [ 8.081574633626637, 46.106568956996938 ], [ 8.073699683777157, 46.10762373381143 ], [ 8.065037238942727, 46.106116909790728 ], [ 8.05536230055622, 46.102500532141036 ], [ 8.050187333512275, 46.103479967754495 ], [ 8.044112372199818, 46.101144390522407 ], [ 8.035674925932517, 46.101973143733794 ], [ 8.035337428081824, 46.102048484934826 ], [ 8.034887430947569, 46.09647323605823 ], [ 8.030612458172136, 46.090822645980587 ], [ 8.030949956022827, 46.084418643892604 ], [ 8.023525003307602, 46.075905088175631 ], [ 8.022850007606218, 46.069953133293851 ], [ 8.025549990411754, 46.068747674077287 ], [ 8.02487499471037, 46.064227202015175 ], [ 8.031512452440648, 46.054131481076467 ], [ 8.031512452440648, 46.051871245045412 ], [ 8.036462420917465, 46.045241219354317 ], [ 8.033199941694107, 46.043207006926366 ], [ 8.025437491128191, 46.041248135699455 ], [ 8.019587528382861, 46.037481075647698 ], [ 8.019137531248605, 46.036350957632166 ], [ 8.012950070652584, 46.032433215178344 ], [ 8.015200056323865, 46.031303097162812 ], [ 8.018575034830786, 46.025878530688281 ], [ 8.013737565637532, 46.022714200244806 ], [ 8.011825077816944, 46.020077258208573 ], [ 8.014300062055352, 46.01706361016717 ], [ 8.01340006778684, 46.013145867713341 ], [ 8.007437605757946, 46.012543138105059 ], [ 8.002150139430437, 46.013447232517478 ], [ 8.00080014802767, 46.009680172465721 ], [ 7.99495018528234, 46.001091275547715 ], [ 7.990675212506908, 45.998077627506305 ], [ 7.986962736149295, 45.997550239099063 ], [ 7.978075292747737, 46.000639228341505 ], [ 7.966487866540643, 45.998228309908377 ], [ 7.958387918124033, 45.997248874294925 ], [ 7.950512968274551, 45.998831039516659 ], [ 7.942525519141506, 45.998605015913554 ], [ 7.933638075739948, 45.997173533093886 ], [ 7.926213123024722, 45.998303651109417 ], [ 7.920025662428701, 45.997098191892853 ], [ 7.909675728340811, 45.998152968707345 ], [ 7.904950758431122, 45.990317483799686 ], [ 7.902138276342021, 45.986927129753106 ], [ 7.89820080141728, 45.985420305732404 ], [ 7.894825822910359, 45.979845056855801 ], [ 7.884925885956726, 45.976153338005076 ], [ 7.878400927510013, 45.975098561190585 ], [ 7.878738425360704, 45.972386277953319 ], [ 7.882450901718317, 45.968995923906739 ], [ 7.88278839956901, 45.965228863854982 ], [ 7.878625926077141, 45.962591921818749 ], [ 7.875925943271604, 45.959126226571129 ], [ 7.878513426793576, 45.956112578529726 ], [ 7.878175928942884, 45.950311306050018 ], [ 7.871425971929042, 45.948578458426212 ], [ 7.869513484108454, 45.937503301874038 ], [ 7.875138448286656, 45.931400664590193 ], [ 7.878063429659321, 45.92831167534775 ], [ 7.87412595473458, 45.921681649656655 ], [ 7.867375997720738, 45.920777555244236 ], [ 7.864563515631637, 45.917914589604898 ], [ 7.859501047871257, 45.922058355661832 ], [ 7.848476118081982, 45.9219830144608 ], [ 7.843863647455858, 45.923188473677357 ], [ 7.837676186859836, 45.922887108873219 ], [ 7.832388720532327, 45.926126780517734 ], [ 7.821363790743053, 45.928160992945678 ], [ 7.815176330147032, 45.924770638899098 ], [ 7.810901357371598, 45.924243250491855 ], [ 7.806401386029037, 45.920400849239059 ], [ 7.800438924000145, 45.918592660414213 ], [ 7.794926459105508, 45.921229602450445 ], [ 7.792676473434227, 45.92537336850738 ], [ 7.787164008539589, 45.92876372255396 ], [ 7.777601569436648, 45.93222941780158 ], [ 7.772764100243394, 45.93516772464195 ], [ 7.770289116004986, 45.938332055085425 ], [ 7.758026694096507, 45.939914220307166 ], [ 7.748689253560694, 45.942174456338222 ], [ 7.748239256426437, 45.93855807868853 ], [ 7.744526780068825, 45.933811583023321 ], [ 7.737889322338548, 45.929517134564314 ], [ 7.736089333801523, 45.925222686105307 ], [ 7.723264415475224, 45.924695297698065 ], [ 7.719326940550484, 45.925750074512557 ], [ 7.717301953446332, 45.928914404956032 ], [ 7.713701976372283, 45.929441793363281 ], [ 7.71223948568595, 45.934112947827458 ], [ 7.708302010761209, 45.935996477853337 ], [ 7.710101999298234, 45.942852527147537 ], [ 7.710776994999618, 45.949331870436559 ], [ 7.710664495716054, 45.949482552838631 ], [ 7.706614521507749, 45.950838694457261 ], [ 7.697052082404808, 45.956112578529726 ], [ 7.691652116793734, 45.955660531323517 ], [ 7.682202176974356, 45.957996108555605 ], [ 7.679052197034563, 45.960256344586661 ], [ 7.677927204198923, 45.966283640669474 ], [ 7.671514745035774, 45.971030136334683 ], [ 7.66915226008093, 45.975173902391617 ], [ 7.665214785156189, 45.976906750015431 ], [ 7.658464828142348, 45.97781084442785 ], [ 7.654639852501171, 45.975475267195762 ], [ 7.650477379009302, 45.975173902391617 ], [ 7.640464942772104, 45.971331501138827 ], [ 7.633264988624006, 45.9714821835409 ], [ 7.620552569581272, 45.973591737169883 ], [ 7.61099013047833, 45.970578089128473 ], [ 7.604802669882309, 45.971632865942965 ], [ 7.58972776588473, 45.971708207144005 ], [ 7.584552798840784, 45.973516395968844 ], [ 7.58219031388594, 45.976756067613358 ], [ 7.583202807438016, 45.979091644845447 ], [ 7.579602830363967, 45.987228494557243 ], [ 7.576115352573483, 45.988584636175879 ], [ 7.569477894843205, 45.988886000980017 ], [ 7.561715444277288, 45.987379176959315 ], [ 7.55114051162227, 45.987755882964493 ], [ 7.546640540279709, 45.984968258526187 ], [ 7.546190543145452, 45.981803928082712 ], [ 7.54247806678784, 45.97735879722164 ], [ 7.545628046727632, 45.969900018319159 ], [ 7.546190543145452, 45.960859074194943 ], [ 7.543715558907044, 45.958146790957677 ], [ 7.539328086848047, 45.956112578529726 ], [ 7.536403105475383, 45.958071449756638 ], [ 7.528978152760157, 45.95769474375146 ], [ 7.516153234433858, 45.963420675030136 ], [ 7.512778255926937, 45.960557709390798 ], [ 7.508503283151505, 45.959201567772169 ], [ 7.500178336167767, 45.963646698633241 ], [ 7.49691585694441, 45.961235780200113 ], [ 7.496690858377282, 45.958523496962847 ], [ 7.492753383452541, 45.956489284534904 ], [ 7.488928407811365, 45.956941331741113 ], [ 7.483865940050983, 45.9552084841173 ], [ 7.481840952946832, 45.954153707302808 ], [ 7.478915971574167, 45.953626318895566 ], [ 7.472391013127453, 45.94842777602414 ], [ 7.475203495216554, 45.941722409132012 ], [ 7.47565349235081, 45.937051254667828 ], [ 7.470478525306865, 45.935017042239878 ], [ 7.465191058979356, 45.936599207461619 ], [ 7.459678594084719, 45.936749889863691 ], [ 7.456866111995618, 45.933359535817104 ], [ 7.454278628473646, 45.933962265425386 ], [ 7.445503684355652, 45.932982829811934 ], [ 7.44235370441586, 45.92831167534775 ], [ 7.43762873450617, 45.925147344904275 ], [ 7.43537874883489, 45.92145562605355 ], [ 7.421878834807207, 45.913394117542786 ], [ 7.41692886633039, 45.912640705532439 ], [ 7.413216389972778, 45.910305128300351 ], [ 7.408491420063088, 45.909777739893102 ], [ 7.40264145731776, 45.912640705532439 ], [ 7.398816481676582, 45.909702398692069 ], [ 7.398141485975199, 45.906086021042377 ], [ 7.391841526095613, 45.900510772165774 ], [ 7.383291580544747, 45.897723147727476 ], [ 7.37665412281447, 45.901942254985443 ], [ 7.372491649322601, 45.903147714202007 ], [ 7.36911667081568, 45.904127149815466 ], [ 7.367204182995092, 45.905181926629957 ], [ 7.366979184427964, 45.90533260903203 ], [ 7.362141715234711, 45.904503855820643 ], [ 7.357416745325022, 45.908421598274465 ], [ 7.357416745325022, 45.911811952321052 ], [ 7.351454283296128, 45.912791387934504 ], [ 7.345266822700108, 45.916407765584196 ], [ 7.331654409388861, 45.911736611120013 ], [ 7.324679453807891, 45.911435246315875 ], [ 7.31905448962969, 45.912866729135544 ], [ 7.317142001809102, 45.917763907202826 ], [ 7.307692061989724, 45.918743342816285 ], [ 7.302517094945779, 45.918441978012147 ], [ 7.297792125036089, 45.922284379264937 ], [ 7.295542139364809, 45.922962450074252 ], [ 7.295429640081245, 45.922962450074252 ], [ 7.291492165156504, 45.92145562605355 ], [ 7.2902546730373, 45.918668001615252 ], [ 7.286204698828995, 45.916935153991439 ], [ 7.285529703127612, 45.914072188352108 ], [ 7.281254730352178, 45.909024327882747 ], [ 7.27765475327813, 45.90186691378441 ], [ 7.272367286950621, 45.901038160573023 ], [ 7.267529817757367, 45.897723147727476 ], [ 7.265729829220343, 45.894860182088138 ], [ 7.257742380087297, 45.889435615613607 ], [ 7.254029903729685, 45.889661639216712 ], [ 7.251329920924148, 45.894106770077791 ], [ 7.241429983970514, 45.891243804438453 ], [ 7.236592514777261, 45.891394486840525 ], [ 7.229167562062035, 45.893202675665364 ], [ 7.217355137287814, 45.889963004020856 ], [ 7.216567642302865, 45.885065825953568 ], [ 7.207005203199923, 45.881374107102843 ], [ 7.204530218961515, 45.877682388252126 ], [ 7.20104274117103, 45.876702952638666 ], [ 7.198567756932621, 45.87150440976724 ], [ 7.19935525191757, 45.867360643710306 ], [ 7.201717736872414, 45.864271654467863 ], [ 7.197442764096982, 45.861484030029565 ], [ 7.191480302068088, 45.859901864807824 ], [ 7.185405340755631, 45.861258006426461 ], [ 7.17978037657743, 45.864723701674073 ], [ 7.176067900219817, 45.864045630864759 ], [ 7.162680485475699, 45.872709868983804 ], [ 7.165492967564798, 45.876778293839699 ], [ 7.161780491207186, 45.879565918278004 ], [ 7.154468037775525, 45.880470012690424 ], [ 7.147830580045247, 45.877305682246948 ], [ 7.14175561873279, 45.876552270236594 ], [ 7.136130654554589, 45.873915328200368 ], [ 7.132305678913412, 45.867963373318588 ], [ 7.12386823264611, 45.864422336869936 ], [ 7.118805764885729, 45.860353912014034 ], [ 7.113293299991092, 45.860730618019211 ], [ 7.109805822200608, 45.859374476400582 ], [ 7.102043371634689, 45.860429253215074 ], [ 7.098330895277077, 45.863593583658549 ], [ 7.097093403157873, 45.869093491334112 ], [ 7.093043428949568, 45.873237257391047 ], [ 7.096193408889361, 45.877004317442804 ], [ 7.086293471935726, 45.884237072742181 ], [ 7.08246849629455, 45.88521650835564 ], [ 7.077293529250605, 45.891394486840525 ], [ 7.077518527817733, 45.896367006108846 ], [ 7.072456060057352, 45.897195759320233 ], [ 7.070768570803891, 45.899154630547145 ], [ 7.065031107342126, 45.901113501774056 ], [ 7.065368605192818, 45.910531151903456 ], [ 7.061431130268078, 45.91459957675935 ], [ 7.054006177552852, 45.916784471589374 ], [ 7.045793729852678, 45.923640520883573 ], [ 7.04275624919645, 45.932154076600547 ], [ 7.039493769973094, 45.934640336234708 ], [ 7.036568788600428, 45.939612855503022 ], [ 7.039493769973094, 45.947825046415858 ], [ 7.037918780003197, 45.953777001297638 ], [ 7.03578129361548, 45.95731803774629 ], [ 7.023518871707002, 45.959578273777339 ], [ 7.018343904663057, 45.961989192210467 ], [ 7.009906458395755, 45.970578089128473 ], [ 7.010918951947831, 45.973893101974021 ], [ 7.015981419708212, 45.976228679206109 ], [ 7.021831382453541, 45.977434138422673 ], [ 7.023068874572745, 45.98172858688168 ], [ 7.021943881737105, 45.982557340093067 ], [ 7.016431416842468, 45.987906565366565 ], [ 7.012943939051984, 45.988584636175879 ], [ 7.013281436902676, 45.992879084634879 ], [ 7.011368949082087, 45.998454333511482 ], [ 7.006531479888834, 46.002447417166344 ], [ 7.001806509979145, 46.000262522336328 ], [ 6.996969040785892, 46.001166616748748 ], [ 6.991006578756999, 46.004481629594295 ], [ 6.986394108130874, 46.005687088810859 ], [ 6.986056610280182, 46.008926760455374 ], [ 6.981894136788313, 46.019022481394082 ], [ 6.981781637504749, 46.02143339982721 ], [ 6.971994199834679, 46.027008648703813 ], [ 6.967381729208554, 46.032433215178344 ], [ 6.963781752134506, 46.031755144369022 ], [ 6.955569304434332, 46.042905642122228 ], [ 6.950169338823259, 46.052926021859903 ], [ 6.943869378943673, 46.052172609849556 ], [ 6.936106928377756, 46.057069787916838 ], [ 6.93790691691478, 46.061665601179982 ], [ 6.937794417631216, 46.065960049638988 ], [ 6.93396944199004, 46.0679189208659 ], [ 6.929244472080351, 46.065357320030706 ], [ 6.924632001454226, 46.065960049638988 ], [ 6.919232035843152, 46.060384800762385 ], [ 6.912369579545747, 46.055638305097169 ], [ 6.911469585277235, 46.053152045463008 ], [ 6.907644609636058, 46.051117833035057 ], [ 6.895494687011143, 46.049309644210219 ], [ 6.892344707071351, 46.046672702173986 ], [ 6.883794761520485, 46.045693266560527 ], [ 6.876482308088824, 46.048932938205041 ], [ 6.873444827432595, 46.053302727865081 ], [ 6.873894824566851, 46.0567684231127 ], [ 6.881657275132769, 46.070706545304205 ], [ 6.888744729997303, 46.074398264154922 ], [ 6.892232207787787, 46.075227017366309 ], [ 6.889194727131558, 46.079898171830493 ], [ 6.891894709937095, 46.082761137469831 ], [ 6.892682204922043, 46.086302173918483 ], [ 6.884357257938305, 46.094815729635457 ], [ 6.888519731430174, 46.101521096527584 ], [ 6.892119708504223, 46.104007356161745 ], [ 6.896169682712528, 46.109431922636276 ], [ 6.894144695608375, 46.114178418301492 ], [ 6.900332156204397, 46.124726186446409 ], [ 6.900332156204397, 46.125102892451586 ], [ 6.900332156204397, 46.125253574853659 ], [ 6.895719685578271, 46.125027551250554 ], [ 6.891219714235711, 46.126609716472288 ], [ 6.883119765819101, 46.124123456838127 ], [ 6.877044804506644, 46.126986422477465 ], [ 6.869732351074982, 46.126233010467118 ], [ 6.852182462838995, 46.127815175688852 ], [ 6.843970015138821, 46.13022609412198 ], [ 6.842170026601797, 46.133315083364423 ], [ 6.839920040930516, 46.133767130570632 ], [ 6.820120167023248, 46.132335647750963 ], [ 6.816070192814943, 46.130527458926117 ], [ 6.807745245831206, 46.137760214225494 ], [ 6.801782783802312, 46.13663009620997 ], [ 6.798745303146084, 46.138061579029632 ], [ 6.795370324639163, 46.149061394380766 ], [ 6.791320350430858, 46.155540737669789 ], [ 6.793570336102139, 46.161040645345359 ], [ 6.793120338967882, 46.164430999391939 ], [ 6.806507753712001, 46.173999331923405 ], [ 6.808195242965462, 46.179047192392758 ], [ 6.813257710725843, 46.182738911243483 ], [ 6.813257710725843, 46.18311561724866 ], [ 6.813257710725843, 46.183416982052798 ], [ 6.807857745114769, 46.197505786646374 ], [ 6.807857745114769, 46.197731810249479 ], [ 6.804370267324285, 46.204361835940574 ], [ 6.810895225770999, 46.215135627688603 ], [ 6.814157704994355, 46.216341086905167 ], [ 6.817420184217712, 46.221087582570384 ], [ 6.822482651978093, 46.224703960220069 ], [ 6.82158265770958, 46.231183303509091 ], [ 6.822145154127401, 46.233443539540147 ], [ 6.831370095379651, 46.235477751968098 ], [ 6.837895053826363, 46.241957095257121 ], [ 6.840932534482592, 46.249566556561675 ], [ 6.844757510123769, 46.25016928616995 ], [ 6.852519960689687, 46.253258275412392 ], [ 6.856007438480171, 46.255895217448625 ], [ 6.855557441345915, 46.260340348309697 ], [ 6.858369923435016, 46.264032067160421 ], [ 6.860844907673425, 46.267121056402864 ], [ 6.859944913404912, 46.275031882511556 ], [ 6.865344879015986, 46.280983837393336 ], [ 6.864557384031038, 46.285278285852336 ], [ 6.861182405524117, 46.287915227888568 ], [ 6.85960741555422, 46.291832970342398 ], [ 6.85510744421166, 46.293641159167237 ], [ 6.851732465704739, 46.291531605538253 ], [ 6.848019989347126, 46.291230240734116 ], [ 6.844420012273077, 46.295524689193115 ], [ 6.840707535915464, 46.29627810120347 ], [ 6.835195071020827, 46.301024596868686 ], [ 6.831370095379651, 46.301099938069719 ], [ 6.829007610424806, 46.304038244910089 ], [ 6.830920098245395, 46.307277916554604 ], [ 6.825632631917886, 46.313154530235344 ], [ 6.820232666306812, 46.316620225482964 ], [ 6.816295191382071, 46.317373637493311 ], [ 6.807520247264078, 46.321894109555423 ], [ 6.800770290250236, 46.32181876835439 ], [ 6.798295306011828, 46.327770723236164 ], [ 6.799645297414596, 46.330256982870324 ], [ 6.797282812459752, 46.334024042922088 ], [ 6.788620367625322, 46.333421313313806 ], [ 6.785245389118401, 46.334174725324154 ], [ 6.785245389118401, 46.337715761772806 ], [ 6.781420413477225, 46.342236233834917 ], [ 6.78018292135802, 46.345626587881497 ], [ 6.776470445000407, 46.347962165113593 ], [ 6.773095466493486, 46.351427860361206 ], [ 6.771295477956462, 46.356475720830559 ], [ 6.772420470792103, 46.36242767571234 ], [ 6.776582944283971, 46.365592006155815 ], [ 6.781645412044353, 46.367701559784798 ], [ 6.792670341833627, 46.36837963059412 ], [ 6.806957750846258, 46.381036952368028 ], [ 6.80673275227913, 46.384351965213568 ], [ 6.802682778070825, 46.388194366466365 ], [ 6.803920270190029, 46.393242226935719 ], [ 6.806170255861309, 46.395351780564702 ], [ 6.821920155560273, 46.428426567819137 ], [ 6.86016991197204, 46.395427121765742 ], [ 6.875807312387439, 46.382920482393907 ], [ 6.88559475005751, 46.377345233517303 ], [ 6.887619737161662, 46.366646782970307 ], [ 6.882669768684845, 46.357229132840914 ], [ 6.883794761520485, 46.353989461196406 ], [ 6.896844678413911, 46.341784186628708 ], [ 6.90348213614419, 46.339900656602829 ], [ 6.920132030111665, 46.340352703809039 ], [ 6.931044460617374, 46.331462442086888 ], [ 6.932956948437964, 46.326941970024777 ], [ 6.933181947005091, 46.325811852009252 ], [ 6.932844449154399, 46.317675002297456 ], [ 6.93734442049696, 46.299743796451089 ], [ 6.940719399003881, 46.296579466007614 ], [ 6.95050683667395, 46.292511041151712 ], [ 6.960294274344021, 46.285654991857513 ], [ 6.962544260015301, 46.281209860996441 ], [ 6.96558174067153, 46.271038798856694 ], [ 6.971319204133295, 46.265162185175946 ], [ 6.980319146818417, 46.258456818283818 ], [ 6.988194096667899, 46.253936346221714 ], [ 6.990444082339179, 46.245272108102668 ], [ 6.996969040785892, 46.237662646798114 ], [ 7.002706504247658, 46.234498316354639 ], [ 7.003381499949041, 46.226813513849052 ], [ 7.009006464127243, 46.221388947374521 ], [ 7.012831439768419, 46.20662207197163 ], [ 7.026331353796103, 46.198635904661906 ], [ 7.033981305078456, 46.188238818919054 ], [ 7.060081138865309, 46.197355104244309 ], [ 7.064918608058562, 46.200670117089849 ], [ 7.072231061490224, 46.202252282311591 ], [ 7.076506034265656, 46.200670117089849 ], [ 7.089330952591955, 46.20277967071884 ], [ 7.09675590530718, 46.208505601997508 ], [ 7.106880840827943, 46.211971297245128 ], [ 7.116330780647321, 46.218601322936223 ], [ 7.115993282796628, 46.21988212335382 ], [ 7.12330573622829, 46.224703960220069 ], [ 7.12218074339265, 46.230655915101849 ], [ 7.125330723332443, 46.237285940792937 ], [ 7.1314056846449, 46.238114694004324 ], [ 7.14175561873279, 46.239169470818823 ], [ 7.152105552820681, 46.245724155308878 ], [ 7.155930528461857, 46.253861005020674 ], [ 7.162567986192134, 46.255066464237238 ], [ 7.172580422429332, 46.26244990193868 ], [ 7.178992881592482, 46.26983333964013 ], [ 7.185180342188502, 46.269908680841162 ], [ 7.189342815680371, 46.272018234470146 ], [ 7.190355309232448, 46.274278470501201 ], [ 7.187430327859783, 46.284449532640949 ], [ 7.194855280575009, 46.286559086269932 ], [ 7.194967779858572, 46.289949440316519 ], [ 7.196992766962725, 46.290627511125834 ], [ 7.190467808516011, 46.296428783605542 ], [ 7.190017811381756, 46.305093021724581 ], [ 7.201492738305286, 46.314058624647771 ], [ 7.222417605048195, 46.330483006473429 ], [ 7.234005031255289, 46.327770723236164 ], [ 7.246379952447331, 46.3291268648548 ], [ 7.254029903729685, 46.331763806891033 ], [ 7.263592342832627, 46.339749974200757 ], [ 7.261117358594218, 46.345626587881497 ], [ 7.263479843549063, 46.350749789551891 ], [ 7.261229857877782, 46.355646967619172 ], [ 7.263254844981935, 46.359263345268864 ], [ 7.291042168022249, 46.36837963059412 ], [ 7.299479614289551, 46.367701559784798 ], [ 7.311179539780208, 46.376516480305916 ], [ 7.313654524018617, 46.366571441769274 ], [ 7.30926705195962, 46.360092098480251 ], [ 7.310842041929517, 46.356927768036776 ], [ 7.309042053392492, 46.353010025582947 ], [ 7.316354506824154, 46.345023858273215 ], [ 7.338966862820522, 46.34826352991773 ], [ 7.348979299057721, 46.352030589969488 ], [ 7.354604263235921, 46.351503201562245 ], [ 7.360004228846995, 46.354516849603648 ], [ 7.363716705204608, 46.357907203650228 ], [ 7.368779172964988, 46.358886639263687 ], [ 7.379354105620006, 46.365968712160992 ], [ 7.383291580544747, 46.366571441769274 ], [ 7.400391471646479, 46.37772193952248 ], [ 7.402416458750631, 46.375537044692457 ], [ 7.417941359882466, 46.381488999574238 ], [ 7.428628791821049, 46.381941046780447 ], [ 7.434478754566378, 46.386310836440487 ], [ 7.439428723043195, 46.387365613254978 ], [ 7.444716189370704, 46.384125941610463 ], [ 7.458553601249078, 46.382769799991834 ], [ 7.463053572591639, 46.37772193952248 ], [ 7.464853561128664, 46.379379445945254 ], [ 7.470703523873993, 46.379454787146287 ], [ 7.474303500948042, 46.384879353620818 ], [ 7.480490961544064, 46.386386177641519 ], [ 7.484653435035932, 46.38246843518769 ], [ 7.487803414975724, 46.371996008243805 ], [ 7.495453366258078, 46.373126126259336 ], [ 7.500290835451331, 46.371167255032418 ], [ 7.504678307510328, 46.370865890228281 ], [ 7.506253297480225, 46.374858973883143 ], [ 7.506478296047352, 46.375084997486248 ], [ 7.506928293181609, 46.37561238589349 ], [ 7.5072657910323, 46.375838409496602 ], [ 7.5072657910323, 46.375913750697634 ], [ 7.508053286017248, 46.376742503909021 ], [ 7.508503283151505, 46.377194551115231 ], [ 7.509628275987145, 46.377119209914198 ], [ 7.527740660640953, 46.375913750697634 ], [ 7.539103088280919, 46.3786260339349 ], [ 7.541690571802892, 46.38503003602289 ], [ 7.556315478666215, 46.390228578894316 ], [ 7.547990531682477, 46.395201098162637 ], [ 7.541690571802892, 46.396180533776089 ], [ 7.529540649177977, 46.401831123853725 ], [ 7.535053114072614, 46.41102275038002 ], [ 7.555752982248395, 46.41486515163281 ], [ 7.563627932097877, 46.414187080823496 ], [ 7.578027840394071, 46.418406188081462 ], [ 7.584440299557221, 46.418632211684567 ], [ 7.587365280929885, 46.415015834034882 ], [ 7.596927720032827, 46.412680256802794 ], [ 7.601090193524696, 46.417502093669043 ], [ 7.599402704271236, 46.422775977741502 ], [ 7.608740144807049, 46.426392355391194 ], [ 7.611215129045457, 46.429933391839846 ], [ 7.610652632627637, 46.438070241551642 ], [ 7.619540076029196, 46.439351041969239 ], [ 7.627302526595113, 46.445981067660334 ], [ 7.691202119659478, 46.426015649386017 ], [ 7.694577098166398, 46.426166331788082 ], [ 7.699414567359652, 46.420967788916656 ], [ 7.706052025089929, 46.417276070065938 ], [ 7.709764501447542, 46.415241857637987 ], [ 7.715839462759999, 46.415995269648342 ], [ 7.722589419773841, 46.421871883329082 ], [ 7.737439325204292, 46.425337578576702 ], [ 7.745201775770209, 46.429632027035701 ], [ 7.769501621020038, 46.440631842386836 ], [ 7.773101598094087, 46.443419466825134 ], [ 7.778951560839416, 46.444624926041698 ], [ 7.787501506390281, 46.452912458155566 ], [ 7.794251463404123, 46.45547405899076 ], [ 7.799538929731632, 46.459994531052871 ], [ 7.825413764951358, 46.467905357161563 ], [ 7.830026235577483, 46.472501170424707 ], [ 7.844426143873678, 46.479131196115802 ], [ 7.848251119514854, 46.480110631729261 ], [ 7.851513598738211, 46.478603807708559 ], [ 7.871313472645479, 46.479055854914769 ], [ 7.888188365180082, 46.482220185358244 ], [ 7.891900841537695, 46.484631103791372 ], [ 7.898875797118665, 46.483802350579985 ], [ 7.906975745535274, 46.488398163843129 ], [ 7.912825708280604, 46.488096799038985 ], [ 7.917100681056036, 46.492617271101096 ], [ 7.924300635204133, 46.492993977106273 ], [ 7.926888118726106, 46.497891155173555 ], [ 7.933750575023511, 46.499473320395296 ], [ 7.935775562127664, 46.504671863266722 ], [ 7.942863016992198, 46.508966311725729 ], [ 7.955012939617112, 46.509418358931939 ], [ 7.968737852211923, 46.514240195798187 ], [ 7.973912819255868, 46.525315352350354 ], [ 7.969750345763999, 46.528404341592797 ], [ 7.963787883735106, 46.540458933758423 ], [ 7.968737852211923, 46.542794510990511 ], [ 7.970875338599639, 46.546184865037091 ], [ 7.981000274120401, 46.549424536681606 ], [ 7.986962736149295, 46.549198513078501 ], [ 7.993937691730264, 46.55741070399133 ], [ 7.998437663072825, 46.559746281223426 ], [ 8.002150139430437, 46.559218892816176 ], [ 8.016550047726632, 46.564568118089674 ], [ 8.031399953157084, 46.563739364878288 ], [ 8.044112372199818, 46.558164116001684 ], [ 8.054912303421965, 46.557260021589265 ], [ 8.062449755420754, 46.552664208326121 ], [ 8.063349749689266, 46.55447239715096 ], [ 8.077299660851205, 46.556807974383055 ], [ 8.085174610700687, 46.553116255532331 ], [ 8.094849549087193, 46.552438184723016 ], [ 8.098337026877678, 46.549725901485743 ], [ 8.105986978160031, 46.549876583887816 ], [ 8.115436917979409, 46.547842371459865 ], [ 8.129161830574219, 46.537595968119085 ], [ 8.141761750333391, 46.536089144098383 ], [ 8.151324189436332, 46.533000154855941 ], [ 8.174836539701213, 46.532548107649731 ], [ 8.175736533969726, 46.525390693551394 ], [ 8.181811495282183, 46.521698974700669 ], [ 8.186086468057615, 46.521849657102734 ], [ 8.192161429370072, 46.52418523433483 ], [ 8.202061366323706, 46.525240011149322 ], [ 8.206448838382704, 46.524260575535862 ], [ 8.219386255992566, 46.527650929582443 ], [ 8.238173636347758, 46.528102976788659 ], [ 8.259098503090666, 46.530739918824885 ], [ 8.264160970851048, 46.534733002479747 ], [ 8.274510904938937, 46.537746650521157 ], [ 8.280248368400702, 46.537294603314947 ], [ 8.284410841892571, 46.539554839346003 ], [ 8.28857331538444, 46.544150652609147 ], [ 8.303873217949148, 46.546862935846413 ], [ 8.313885654186345, 46.553794326341645 ], [ 8.319398119080983, 46.561027081641022 ], [ 8.335823014481329, 46.562232540857586 ], [ 8.345497952867836, 46.565698236105199 ], [ 8.363947835372336, 46.581519888322582 ], [ 8.365522825342232, 46.583855465554677 ], [ 8.361810348984619, 46.587923890410572 ], [ 8.364510331790155, 46.593875845292352 ], [ 8.363047841103823, 46.602992130617608 ], [ 8.36631032032718, 46.605478390251768 ], [ 8.371597786654689, 46.615423428788404 ], [ 8.369797798117665, 46.625293126124014 ], [ 8.37272277949033, 46.635162823459616 ], [ 8.375310263012302, 46.634258729047197 ], [ 8.381160225757631, 46.635464188263761 ], [ 8.399722607545694, 46.650833793274934 ], [ 8.401860093933411, 46.654977559331861 ], [ 8.411535032319918, 46.654374829723587 ], [ 8.419409982169398, 46.653395394110127 ], [ 8.423009959243448, 46.649025604450088 ], [ 8.419859979303656, 46.637121694686535 ], [ 8.42334745709414, 46.628532797768521 ], [ 8.421547468557115, 46.626875291345748 ], [ 8.421434969273552, 46.617759006020499 ], [ 8.415922504378914, 46.606834531870398 ], [ 8.409172547365072, 46.602540083411391 ], [ 8.411310033752789, 46.597944270148247 ], [ 8.407372558828047, 46.587170478400225 ], [ 8.411422533036353, 46.581821253126726 ], [ 8.411197534469226, 46.578656922683251 ], [ 8.417947491483066, 46.572403602997333 ], [ 8.420872472855731, 46.564794141692779 ], [ 8.424359950646217, 46.56132844644516 ], [ 8.427397431302445, 46.548671124671252 ], [ 8.429984914824416, 46.544979405820534 ], [ 8.434034889032722, 46.544075311408108 ], [ 8.43707236968895, 46.54128768696981 ], [ 8.442134837449331, 46.540910980964632 ], [ 8.446522309508328, 46.538198697727367 ], [ 8.458897230700371, 46.534733002479747 ], [ 8.466097184848469, 46.53691789730977 ], [ 8.474759629682898, 46.529835824412466 ], [ 8.478697104607638, 46.528856388799007 ], [ 8.479372100309023, 46.526445470365886 ], [ 8.473859635414385, 46.524411257937935 ], [ 8.461484714222344, 46.512582689375414 ], [ 8.452934768671478, 46.508890970524689 ], [ 8.444272323837048, 46.496911719560103 ], [ 8.432909896197081, 46.4981925199777 ], [ 8.42053497500504, 46.493898071518693 ], [ 8.415472507244658, 46.495932283946644 ], [ 8.411535032319918, 46.493973412719726 ], [ 8.402197591784104, 46.493672047915588 ], [ 8.39983510682926, 46.495480236740434 ], [ 8.39342264766611, 46.496007625147676 ], [ 8.395560134053826, 46.485610539404824 ], [ 8.387235187070088, 46.476946301285786 ], [ 8.39342264766611, 46.469487522383304 ], [ 8.386672690652269, 46.466925921548103 ], [ 8.386897689219396, 46.463384885099451 ], [ 8.383185212861783, 46.46097396666633 ], [ 8.385772696383757, 46.453439846562816 ] ] ] } },
{ "type": "Feature", "properties": { "kt_id": 24 }, "geometry": { "type": "Polygon", "coordinates": [ [ [ 6.460797455319758, 46.852898894451229 ], [ 6.463272439558168, 46.873542383534861 ], [ 6.463609937408859, 46.876857396380409 ], [ 6.463834935975988, 46.878816267607327 ], [ 6.465297426662319, 46.891774954185372 ], [ 6.458547469648479, 46.902322722330297 ], [ 6.448310034844152, 46.912418443269004 ], [ 6.442010074964567, 46.919199151362172 ], [ 6.436610109353493, 46.922966211413929 ], [ 6.433572628697265, 46.929746919507089 ], [ 6.445497552755052, 46.93471943877541 ], [ 6.460234958901939, 46.944438453708948 ], [ 6.462934941707475, 46.94843153736381 ], [ 6.471034890124085, 46.954986221853872 ], [ 6.472497380810417, 46.956945093080783 ], [ 6.482172319196923, 46.965458648797757 ], [ 6.486784789823048, 46.968472296839167 ], [ 6.497472221761631, 46.975479028535432 ], [ 6.505797168745368, 46.967417520024675 ], [ 6.519409582056615, 46.972164015689884 ], [ 6.538309461695371, 46.974951640128189 ], [ 6.554171860677898, 46.979246088587189 ], [ 6.56429679619866, 46.980752912607898 ], [ 6.573634236734474, 46.983615878247228 ], [ 6.592646615656793, 46.992054092763169 ], [ 6.596921588432227, 46.993862281588015 ], [ 6.610084004609218, 46.992280116366274 ], [ 6.618971448010775, 46.993259551979733 ], [ 6.63449634914261, 46.999738895268756 ], [ 6.641133806872888, 47.004108684928795 ], [ 6.644621284663373, 47.007875744980552 ], [ 6.654071224482751, 47.022642620383444 ], [ 6.65935869081026, 47.027690480852797 ], [ 6.678821066866835, 47.036580742574948 ], [ 6.687371012417701, 47.038765637404971 ], [ 6.697608447222027, 47.038840978606004 ], [ 6.699745933609743, 47.0401217790236 ], [ 6.699858432893308, 47.0401217790236 ], [ 6.702558415698844, 47.041779285446374 ], [ 6.706383391340021, 47.045395663096059 ], [ 6.709870869130506, 47.046375098709518 ], [ 6.712458352652478, 47.049464087951961 ], [ 6.719320808949884, 47.052101029988194 ], [ 6.71335834692099, 47.054813313225459 ], [ 6.709758369846941, 47.059333785287564 ], [ 6.701770920713896, 47.06023787969999 ], [ 6.699520935042615, 47.063402210143465 ], [ 6.695358461550747, 47.064683010561062 ], [ 6.69265847874521, 47.067771999803504 ], [ 6.694458467282234, 47.069881553432488 ], [ 6.70075842716182, 47.071011671448019 ], [ 6.708408378444173, 47.080504662778445 ], [ 6.703908407101612, 47.082011486799146 ], [ 6.714933336890887, 47.087737418077822 ], [ 6.716620826144347, 47.089846971706805 ], [ 6.723033285307496, 47.090751066119225 ], [ 6.726745761665109, 47.093161984552353 ], [ 6.732145727276182, 47.090977089722337 ], [ 6.736308200768051, 47.091429136928546 ], [ 6.744183150617532, 47.093764714160635 ], [ 6.747108131990197, 47.100470081052762 ], [ 6.74215816351338, 47.105668623924188 ], [ 6.740808172110611, 47.109963072383195 ], [ 6.74857062267653, 47.111620578805969 ], [ 6.753295592586219, 47.115915027264968 ], [ 6.766008011628953, 47.121716299744676 ], [ 6.776132947149716, 47.122394370553998 ], [ 6.779732924223763, 47.124805288987119 ], [ 6.793232838251447, 47.128346325435771 ], [ 6.793232838251447, 47.128421666636811 ], [ 6.801107788100929, 47.130154514260617 ], [ 6.807745245831206, 47.132640773894778 ], [ 6.80954523436823, 47.136709198750673 ], [ 6.815957693531379, 47.136859881152745 ], [ 6.821245159858888, 47.141606376817961 ], [ 6.825632631917886, 47.143263883240735 ], [ 6.829457607559062, 47.147709014101807 ], [ 6.831932591797471, 47.147633672900774 ], [ 6.840482537348336, 47.151702097756669 ], [ 6.842507524452489, 47.155619840210498 ], [ 6.849932477167714, 47.157202005432239 ], [ 6.859719914837784, 47.16699636156681 ], [ 6.862307398359757, 47.16699636156681 ], [ 6.888857229280866, 47.13316816230202 ], [ 6.887169740027406, 47.125181994992296 ], [ 6.881882273699897, 47.110339778388372 ], [ 6.872207335313391, 47.102052246274503 ], [ 6.86770736397083, 47.086456617660225 ], [ 6.886944741460278, 47.093312666954425 ], [ 6.919007037276025, 47.106422035934543 ], [ 6.930594463483119, 47.113730132434952 ], [ 6.937119421929832, 47.1101890959863 ], [ 6.940156902586061, 47.111093190398719 ], [ 6.952869321628795, 47.114106838440129 ], [ 6.985381614578798, 47.118024580893959 ], [ 6.997531537203712, 47.120360158126047 ], [ 7.008781465560115, 47.125634042198506 ], [ 7.02655635236323, 47.125483359796434 ], [ 7.031056323705791, 47.128647690239916 ], [ 7.039043772838837, 47.127894278229562 ], [ 7.040843761375861, 47.126086089404716 ], [ 7.02430636669195, 47.11357945003288 ], [ 7.030043830153716, 47.105517941522116 ], [ 7.04163125636081, 47.110113754785267 ], [ 7.057831153194028, 47.101449516666221 ], [ 7.076506034265656, 47.097305750609287 ], [ 7.084943480532958, 47.089696289304733 ], [ 7.087980961189187, 47.082990922412606 ], [ 7.077968524951989, 47.07734033233497 ], [ 7.081456002742474, 47.074552707896672 ], [ 7.08134350345891, 47.068525411813859 ], [ 7.082693494861678, 47.066114493380731 ], [ 7.088093460472751, 47.061895386122764 ], [ 7.088430958323443, 47.061217315313442 ], [ 7.078531021369809, 47.05338183040579 ], [ 7.077406028534169, 47.052025688787154 ], [ 7.066381098744895, 47.046299757508486 ], [ 7.054456174687108, 47.044717592286744 ], [ 7.038031279286761, 47.035902671765633 ], [ 7.034431302212711, 47.031532882105594 ], [ 7.034206303645584, 47.025204221218637 ], [ 7.03465630077984, 47.021738525971024 ], [ 7.03296881152638, 47.014355088269575 ], [ 7.027231348064614, 47.00682096816606 ], [ 7.027118848781051, 47.005916873753641 ], [ 7.040281264958042, 46.982711783834809 ], [ 7.040956260659425, 46.980978936211002 ], [ 7.036343790033301, 46.981657007020317 ], [ 7.003156501381913, 46.988061009108307 ], [ 6.929356971363914, 46.954006786240413 ], [ 6.89706967698104, 46.926657930264653 ], [ 6.866694870418754, 46.91083627804727 ], [ 6.780857917059404, 46.853953671265721 ], [ 6.755883076108191, 46.871809535911055 ], [ 6.741258169244868, 46.873241018730724 ], [ 6.733495718678951, 46.869624641081032 ], [ 6.740245675692792, 46.880549115231133 ], [ 6.74103317067774, 46.885672316901527 ], [ 6.73878318500646, 46.885822999303592 ], [ 6.740808172110611, 46.896220085046444 ], [ 6.718083316830679, 46.90835001841311 ], [ 6.718758312532064, 46.91814437454768 ], [ 6.724383276710265, 46.932383861543322 ], [ 6.721345796054036, 46.934418073971273 ], [ 6.721683293904728, 46.937507063213715 ], [ 6.684671029612164, 46.926808612666719 ], [ 6.663183666451436, 46.918973127759067 ], [ 6.648108762453857, 46.912041737263827 ], [ 6.646308773916832, 46.907521265201723 ], [ 6.631008871352125, 46.892980413401936 ], [ 6.627633892845205, 46.890192788963631 ], [ 6.622233927234132, 46.890042106561566 ], [ 6.607046523952989, 46.888083235334648 ], [ 6.598496578402123, 46.88484356369014 ], [ 6.587584147896413, 46.885446293298415 ], [ 6.571271751779629, 46.880172409225956 ], [ 6.563621800497276, 46.876932737581448 ], [ 6.552596870708001, 46.874295795545216 ], [ 6.546184411544852, 46.870152029488281 ], [ 6.538309461695371, 46.86811781706033 ], [ 6.528409524741736, 46.860056308549566 ], [ 6.528072026891045, 46.860056308549566 ], [ 6.482959814181871, 46.848227739987053 ], [ 6.470134895855573, 46.84852910479119 ], [ 6.465409925945884, 46.852070141239842 ], [ 6.460797455319758, 46.852898894451229 ] ] ] } },
{ "type": "Feature", "properties": { "kt_id": 25 }, "geometry": { "type": "MultiPolygon", "coordinates": [ [ [ [ 6.175161774350705, 46.348112847515658 ], [ 6.173024287962988, 46.342537598639055 ], [ 6.169311811605375, 46.343592375453554 ], [ 6.170211805873888, 46.348112847515658 ], [ 6.176399266469908, 46.352482637175697 ], [ 6.185174210587903, 46.347284094304271 ], [ 6.182249229215238, 46.345174540675288 ], [ 6.175161774350705, 46.348112847515658 ] ] ], [ [ [ 6.240861355952093, 46.343064987046304 ], [ 6.233098905386176, 46.331839148092065 ], [ 6.207674067300707, 46.340202021406967 ], [ 6.193836655422333, 46.345099199474255 ], [ 6.195074147541536, 46.349996377541537 ], [ 6.186411702707106, 46.350975813154996 ], [ 6.173586784380808, 46.35602367362435 ], [ 6.17223679297804, 46.359338686469897 ], [ 6.176399266469908, 46.361222216495776 ], [ 6.175161774350705, 46.363708476129936 ], [ 6.181124236379597, 46.365893370959959 ], [ 6.188099191960567, 46.361900287305097 ], [ 6.198336626764893, 46.361674263701985 ], [ 6.20272409882389, 46.356174356026422 ], [ 6.213411530762472, 46.354516849603648 ], [ 6.242098848071298, 46.34487317587115 ], [ 6.240861355952093, 46.343064987046304 ] ] ], [ [ [ 6.220273987059878, 46.313154530235344 ], [ 6.242773843772683, 46.305545068930797 ], [ 6.249636300070088, 46.302832785693532 ], [ 6.249186302935831, 46.295675371595188 ], [ 6.253573774994829, 46.291380923136188 ], [ 6.251998785024932, 46.289120687105132 ], [ 6.244461333026143, 46.286333062666827 ], [ 6.240523858101402, 46.283470097027489 ], [ 6.238948868131505, 46.276990753738467 ], [ 6.243448839474066, 46.274052446898096 ], [ 6.250311295771471, 46.263881384758349 ], [ 6.2505362943386, 46.263730702356284 ], [ 6.261673723411438, 46.25612124105173 ], [ 6.260886228426489, 46.252956910608255 ], [ 6.267298687589639, 46.248963826953393 ], [ 6.279673608781682, 46.25265554580411 ], [ 6.279673608781682, 46.254162369824819 ], [ 6.285411072243447, 46.255744535046553 ], [ 6.292723525675108, 46.264182749562494 ], [ 6.297335996301233, 46.264936161572841 ], [ 6.294861012062825, 46.25951159509831 ], [ 6.296548501316285, 46.257100676665189 ], [ 6.301610969076666, 46.25612124105173 ], [ 6.307348432538431, 46.257402041469327 ], [ 6.309260920359019, 46.256271923453802 ], [ 6.306785936120611, 46.252504863402045 ], [ 6.310048415343968, 46.251224062984441 ], [ 6.31094840961248, 46.245272108102668 ], [ 6.296098504182029, 46.227190219854229 ], [ 6.295198509913517, 46.22621078424077 ], [ 6.277086125259709, 46.21649176930724 ], [ 6.266286194037563, 46.214608239281354 ], [ 6.255148764964725, 46.210313790822354 ], [ 6.249523800786523, 46.206245365966453 ], [ 6.246598819413859, 46.207827531188194 ], [ 6.245473826578219, 46.20617002476542 ], [ 6.234898893923201, 46.207601507585089 ], [ 6.224886457686003, 46.20277967071884 ], [ 6.22229897416403, 46.199916705079502 ], [ 6.218248999955725, 46.199163293069148 ], [ 6.214986520732369, 46.195019527012214 ], [ 6.207561568017143, 46.19343736179048 ], [ 6.202611599540326, 46.188012795315949 ], [ 6.189786681214027, 46.18266357004245 ], [ 6.186861699841363, 46.179499239598975 ], [ 6.186974199124927, 46.179047192392758 ], [ 6.189561682646899, 46.167444647433349 ], [ 6.17617426790278, 46.159383138922585 ], [ 6.168861814471119, 46.158026997303949 ], [ 6.152999415488591, 46.152753113231491 ], [ 6.148724442713159, 46.149588782788015 ], [ 6.145686962056931, 46.146047746339363 ], [ 6.141861986415753, 46.146575134746605 ], [ 6.136237022237553, 46.142431368689671 ], [ 6.127349578835995, 46.141677956679324 ], [ 6.121949613224921, 46.14393819271038 ], [ 6.109462192749315, 46.144390239916589 ], [ 6.10484972212319, 46.145595699133153 ], [ 6.099899753646373, 46.145218993127976 ], [ 6.092587300214712, 46.152903795633563 ], [ 6.076387403381492, 46.15026685359733 ], [ 6.075262410545852, 46.150568218401474 ], [ 6.073012424874571, 46.151246289210789 ], [ 6.052650054549483, 46.152527089628386 ], [ 6.049387575326127, 46.148684688375596 ], [ 6.046350094669898, 46.141225909473114 ], [ 6.043650111864362, 46.142280686287606 ], [ 6.036562656999828, 46.137760214225494 ], [ 6.032737681358651, 46.140623179864832 ], [ 6.024975230792734, 46.141979321483461 ], [ 6.015975288107612, 46.144164216313484 ], [ 6.004500361184081, 46.143184780700025 ], [ 5.994712923514012, 46.145671040334186 ], [ 5.983462995157609, 46.143335463102098 ], [ 5.982900498739789, 46.138362943833776 ], [ 5.97705053599446, 46.133842471771665 ], [ 5.970863075398438, 46.13316440096235 ], [ 5.966025606205186, 46.130828823730262 ], [ 5.961638134146189, 46.131506894539577 ], [ 5.95803815707214, 46.129171317307488 ], [ 5.956800664952936, 46.133315083364423 ], [ 5.966700601906569, 46.138438285034809 ], [ 5.965350610503801, 46.145897063937291 ], [ 5.969850581846362, 46.153054478035635 ], [ 5.97705053599446, 46.161643374953641 ], [ 5.981213009486329, 46.167821353438526 ], [ 5.982563000889097, 46.173923990722372 ], [ 5.985600481545325, 46.174828085134791 ], [ 5.988975460052246, 46.171965119495454 ], [ 5.990550450022143, 46.176184226753428 ], [ 5.993025434260551, 46.178067756779306 ], [ 5.992350438559167, 46.180554016413467 ], [ 5.995950415633216, 46.184170394063152 ], [ 5.992012940708475, 46.188690866125263 ], [ 5.986050478679582, 46.189896325341827 ], [ 5.983012998023353, 46.192156561372883 ], [ 5.964450616235289, 46.198183857455689 ], [ 5.966363104055878, 46.200670117089849 ], [ 5.973675557487539, 46.203759106332292 ], [ 5.969963081129927, 46.207902872389226 ], [ 5.975138048173871, 46.21596438089999 ], [ 5.979075523098612, 46.218149275730006 ], [ 5.985262983694634, 46.218149275730006 ], [ 5.993812929245499, 46.216717792910345 ], [ 5.994487924946883, 46.219279393745538 ], [ 5.991450444290654, 46.223121794998328 ], [ 5.997075408468856, 46.223649183405577 ], [ 6.001012883393597, 46.221464288575554 ], [ 6.00753784184031, 46.224703960220069 ], [ 6.007762840407438, 46.227868290663544 ], [ 6.014175299570588, 46.230203867895632 ], [ 6.017437778793944, 46.23306683353497 ], [ 6.025875225061246, 46.234498316354639 ], [ 6.034425170612112, 46.239696859226065 ], [ 6.045225101834258, 46.233443539540147 ], [ 6.046912591087718, 46.232765468730832 ], [ 6.047025090371283, 46.232690127529793 ], [ 6.051525061713843, 46.236607869983622 ], [ 6.054000045952251, 46.240676294839524 ], [ 6.060750002966093, 46.246025520113015 ], [ 6.064237480756578, 46.246854273324402 ], [ 6.070312442069035, 46.242333801262298 ], [ 6.074249916993776, 46.244594037293353 ], [ 6.084824849648794, 46.247909050138901 ], [ 6.088874823857099, 46.247381661731652 ], [ 6.102262238601218, 46.238943447215711 ], [ 6.10709970779447, 46.241957095257121 ], [ 6.109799690600007, 46.240902318442629 ], [ 6.124312098179766, 46.251826792592723 ], [ 6.125099593164714, 46.252354180999973 ], [ 6.122062112508486, 46.255367829041376 ], [ 6.12329960462769, 46.257628065072431 ], [ 6.120824620389281, 46.262374560737648 ], [ 6.116774646180977, 46.266895032799759 ], [ 6.111149682002775, 46.271490846062903 ], [ 6.114187162659004, 46.273675740892919 ], [ 6.104399724988934, 46.2796276957747 ], [ 6.105299719257446, 46.285202944651303 ], [ 6.103049733586166, 46.286107039063722 ], [ 6.111712178420595, 46.292586382352745 ], [ 6.113962164091876, 46.295449347992083 ], [ 6.119699627553641, 46.295524689193115 ], [ 6.121837113941357, 46.298387654832453 ], [ 6.122737108209869, 46.301099938069719 ], [ 6.119587128270077, 46.303586197703879 ], [ 6.121274617523538, 46.307805304961846 ], [ 6.119812126837205, 46.308935422977378 ], [ 6.120599621822153, 46.313681918642594 ], [ 6.125099593164714, 46.318503755508843 ], [ 6.126449584567482, 46.318729779111948 ], [ 6.126562083851047, 46.318729779111948 ], [ 6.141299489997934, 46.306147798539079 ], [ 6.154911903309181, 46.300195843657299 ], [ 6.171111800142399, 46.296052077600365 ], [ 6.199461619600533, 46.285654991857513 ], [ 6.220273987059878, 46.313154530235344 ] ] ] ] } },
{ "type": "Feature", "properties": { "kt_id": 26 }, "geometry": { "type": "Polygon", "coordinates": [ [ [ 6.859719914837784, 47.16699636156681 ], [ 6.854769946360967, 47.167900455979229 ], [ 6.849819977884151, 47.167147043968882 ], [ 6.843295019437437, 47.16948262120097 ], [ 6.842170026601797, 47.172722292845478 ], [ 6.846782497227921, 47.174530481670324 ], [ 6.864669883314601, 47.181386530964524 ], [ 6.867482365403702, 47.18613302662974 ], [ 6.874794818835364, 47.186660415036989 ], [ 6.874569820268235, 47.190954863495989 ], [ 6.87918229089436, 47.197132841980874 ], [ 6.880757280864256, 47.201351949238841 ], [ 6.890432219250762, 47.206475150909235 ], [ 6.894032196324812, 47.20911209294546 ], [ 6.907644609636058, 47.215892801038628 ], [ 6.911244586710107, 47.219584519889352 ], [ 6.915857057336232, 47.219961225894529 ], [ 6.924744500737789, 47.223502262343182 ], [ 6.92755698282689, 47.226440569183552 ], [ 6.928456977095403, 47.229830923230132 ], [ 6.933856942706475, 47.23224184166326 ], [ 6.940269401869624, 47.232392524065325 ], [ 6.943081883958725, 47.235330830905696 ], [ 6.943644380376545, 47.235858219312945 ], [ 6.944094377510801, 47.23954993816367 ], [ 6.948931846704054, 47.240981420983339 ], [ 6.956244300135716, 47.245275869442338 ], [ 6.953544317330179, 47.247912811478571 ], [ 6.948706848136927, 47.251378506726191 ], [ 6.947469356017722, 47.25567295518519 ], [ 6.950056839539695, 47.257782508814174 ], [ 6.952306825210975, 47.263734463695954 ], [ 6.950956833808207, 47.267124817742534 ], [ 6.952869321628795, 47.270439830588082 ], [ 6.946119364614954, 47.280008163119547 ], [ 6.945894366047826, 47.282569763954747 ], [ 6.941506893988829, 47.287014894815819 ], [ 6.94825685100267, 47.29198741408414 ], [ 6.954106813748, 47.293795602908986 ], [ 6.963106756433121, 47.292966849697599 ], [ 6.969406716312706, 47.294096967713124 ], [ 6.974131686222396, 47.292816167295527 ], [ 6.976944168311496, 47.294398332517261 ], [ 6.977506664729316, 47.297713345362808 ], [ 6.984931617444541, 47.296884592151422 ], [ 6.989881585921359, 47.298165392569025 ], [ 6.997419037920149, 47.297487321759704 ], [ 7.004281494217554, 47.302761205832169 ], [ 7.00866896627655, 47.30268586463113 ], [ 7.010468954813575, 47.304117347450799 ], [ 7.012043944783471, 47.309391231523264 ], [ 7.017106412543852, 47.315343186405038 ], [ 7.01451892902188, 47.321295141286818 ], [ 7.010581454097139, 47.322199235699237 ], [ 7.010581454097139, 47.32574027214789 ], [ 7.027343847348178, 47.327699143374808 ], [ 7.034768800063404, 47.329658014601719 ], [ 7.035331296481224, 47.329808697003791 ], [ 7.036006292182608, 47.329658014601719 ], [ 7.046581224837627, 47.328075849379978 ], [ 7.057493655343337, 47.335760651885565 ], [ 7.054231176119981, 47.336664746297991 ], [ 7.055468668239184, 47.339829076741466 ], [ 7.060081138865309, 47.341260559561135 ], [ 7.062556123103718, 47.345102960813925 ], [ 7.057156157492645, 47.347664561649125 ], [ 7.05085619761306, 47.348568656061545 ], [ 7.053443681135032, 47.353013786922617 ], [ 7.050518699762367, 47.362431437052017 ], [ 7.044218739882782, 47.365369743892387 ], [ 7.035331296481224, 47.36499303788721 ], [ 7.034543801496276, 47.369287486346209 ], [ 7.021268886035721, 47.371698404779337 ], [ 7.018793901797313, 47.374260005614531 ], [ 7.013168937619112, 47.374109323212465 ], [ 7.00698147702309, 47.368910780341039 ], [ 6.996856541502328, 47.364842355485138 ], [ 6.98403162317603, 47.36491769668617 ], [ 6.9753691783416, 47.361225977835453 ], [ 6.971656701983987, 47.362205413448905 ], [ 6.966369235656478, 47.360472565825098 ], [ 6.953881815180871, 47.360246542221994 ], [ 6.952306825210975, 47.361150636634413 ], [ 6.942631886824469, 47.358965741804397 ], [ 6.933856942706475, 47.359794495015784 ], [ 6.92586949357343, 47.357006870577479 ], [ 6.91945703441028, 47.357006870577479 ], [ 6.91664455232118, 47.358890400603357 ], [ 6.902694641159241, 47.360773930629243 ], [ 6.900107157637269, 47.359116424206469 ], [ 6.88559475005751, 47.354219246139181 ], [ 6.880644781580693, 47.353842540134004 ], [ 6.879857286595744, 47.358815059402325 ], [ 6.883907260804049, 47.363260190263404 ], [ 6.885707249341074, 47.36838339193379 ], [ 6.884582256505434, 47.374561370418675 ], [ 6.89650718056322, 47.381342078511835 ], [ 6.895832184861836, 47.383074926135649 ], [ 6.904944626830521, 47.383828338145996 ], [ 6.912819576680003, 47.38759539819776 ], [ 6.912482078829311, 47.391814505455727 ], [ 6.910457091725158, 47.397540436734396 ], [ 6.916307054470487, 47.39874589595096 ], [ 6.920357028678793, 47.407862181276215 ], [ 6.925531995722737, 47.407259451667933 ], [ 6.938806911183292, 47.407410134070005 ], [ 6.941731892555957, 47.412985382946609 ], [ 6.942519387540905, 47.41743051380768 ], [ 6.941394394705265, 47.431670000803322 ], [ 6.940044403302497, 47.435060354849909 ], [ 6.955456805150768, 47.436491837669578 ], [ 6.95860678509056, 47.435135696050942 ], [ 6.964681746403018, 47.437169908478893 ], [ 6.967156730641426, 47.439128779705804 ], [ 6.971206704849731, 47.448471088634165 ], [ 6.982344133922569, 47.450354618660043 ], [ 6.989881585921359, 47.449073818242447 ], [ 6.995956547233816, 47.45073132466522 ], [ 7.00248150568053, 47.455101114325259 ], [ 6.998431531472225, 47.45803942116563 ], [ 6.998994027890045, 47.46142977521221 ], [ 7.001919009262709, 47.463162622836023 ], [ 7.001694010695581, 47.463765352444305 ], [ 7.000681517143505, 47.465648882470184 ], [ 7.001244013561325, 47.46828582450641 ], [ 6.99269406801046, 47.4678337773002 ], [ 6.9938190608461, 47.472655614166449 ], [ 6.989431588787102, 47.474463802991295 ], [ 6.987406601682951, 47.47762813343477 ], [ 6.989544088070667, 47.482600652703091 ], [ 6.989319089503539, 47.488627948785904 ], [ 6.986731605981566, 47.493525126853193 ], [ 6.983806624608902, 47.495634680482176 ], [ 6.986169109563746, 47.495182633275967 ], [ 7.000569017859942, 47.500155152544288 ], [ 7.001694010695581, 47.501360611760845 ], [ 7.017668908961673, 47.505127671812609 ], [ 7.025318860244026, 47.505579719018819 ], [ 7.028131342333126, 47.502716753379481 ], [ 7.037131285018249, 47.500381176147393 ], [ 7.038031279286761, 47.498874352126684 ], [ 7.045681230569114, 47.499552422936006 ], [ 7.052206189015828, 47.496614116095635 ], [ 7.061318630984514, 47.496614116095635 ], [ 7.072231061490224, 47.493675809255258 ], [ 7.075268542146453, 47.489908749203501 ], [ 7.075718539280708, 47.489532043198331 ], [ 7.075831038564273, 47.489532043198331 ], [ 7.080781007041089, 47.490511478811783 ], [ 7.092593431815311, 47.496237410090458 ], [ 7.101255876649741, 47.495710021683209 ], [ 7.112280806439016, 47.496463433693563 ], [ 7.117343274199397, 47.498120940116337 ], [ 7.128930700406491, 47.504976989410537 ], [ 7.13894313664369, 47.503470165389835 ], [ 7.153568043507012, 47.497518210508055 ], [ 7.158068014849573, 47.493148420848016 ], [ 7.16133049407293, 47.491716938028347 ], [ 7.170217937474487, 47.490737502414888 ], [ 7.187092830009091, 47.492621032440766 ], [ 7.196880267679161, 47.494956609672862 ], [ 7.202055234723106, 47.495257974476999 ], [ 7.20329272684231, 47.493073079646983 ], [ 7.19181779991878, 47.489607384399363 ], [ 7.187992824277603, 47.484107476723793 ], [ 7.185742838606323, 47.478984275053406 ], [ 7.178542884458225, 47.469491283722974 ], [ 7.17978037657743, 47.465573541269144 ], [ 7.17921788015961, 47.459546245186331 ], [ 7.173817914548536, 47.447868359025883 ], [ 7.171342930310128, 47.44485471098448 ], [ 7.181130367980198, 47.443347886963778 ], [ 7.193167791321549, 47.440108215319263 ], [ 7.19710526624629, 47.436793202473716 ], [ 7.207117702483487, 47.436265814066466 ], [ 7.226467579256499, 47.441162992133755 ], [ 7.232880038419649, 47.440409580123401 ], [ 7.239517496149926, 47.435211037251975 ], [ 7.23850500259785, 47.431820683205395 ], [ 7.240304991134874, 47.429635788375379 ], [ 7.244242466059615, 47.429409764772274 ], [ 7.246379952447331, 47.427375552344323 ], [ 7.246829949581588, 47.422553715478074 ], [ 7.246717450298023, 47.422478374277034 ], [ 7.246492451730895, 47.421649621065647 ], [ 7.255042397281761, 47.425341339916372 ], [ 7.271354793398544, 47.428430329158815 ], [ 7.283504716023459, 47.436039790463361 ], [ 7.287329691664636, 47.436341155267506 ], [ 7.293179654409965, 47.43453296644266 ], [ 7.300717106408754, 47.437395932081998 ], [ 7.303867086348547, 47.440108215319263 ], [ 7.312867029033669, 47.439279462107876 ], [ 7.325466948792839, 47.440334238922368 ], [ 7.32827943088194, 47.441615039339965 ], [ 7.3271544380463, 47.433478189628168 ], [ 7.341329347775367, 47.430916588792975 ], [ 7.345154323416543, 47.425868728323621 ], [ 7.358654237444227, 47.419389385034592 ], [ 7.35820424030997, 47.416375736993189 ], [ 7.364054203055299, 47.416074372189044 ], [ 7.376879121381598, 47.415546983781802 ], [ 7.384866570514643, 47.413588112554883 ], [ 7.389366541857204, 47.40469785083274 ], [ 7.396678995288866, 47.40469785083274 ], [ 7.400053973795787, 47.39829384874475 ], [ 7.415466375644058, 47.395581565507484 ], [ 7.414566381375545, 47.390835069842268 ], [ 7.417153864897518, 47.386163915378091 ], [ 7.413103890689213, 47.381944808120117 ], [ 7.431666272477277, 47.380814690104593 ], [ 7.438303730207554, 47.382246172924262 ], [ 7.437066238088351, 47.379533889686996 ], [ 7.441678708714475, 47.381417419712875 ], [ 7.454616126324337, 47.37478739402178 ], [ 7.459453595517591, 47.372527157990724 ], [ 7.469691030321917, 47.371623063578305 ], [ 7.480153463693371, 47.372602499191757 ], [ 7.488590909960672, 47.371020333970023 ], [ 7.495340866974514, 47.372075110784515 ], [ 7.519865710791471, 47.373506593604183 ], [ 7.525265676402544, 47.372903863995901 ], [ 7.5229031914477, 47.366499861907911 ], [ 7.53325312553559, 47.363938261072718 ], [ 7.535165613356178, 47.361225977835453 ], [ 7.540565578967252, 47.36152734263959 ], [ 7.542253068220711, 47.357082211778518 ], [ 7.53775309687815, 47.351582304102948 ], [ 7.540340580400123, 47.348870020865682 ], [ 7.553165498726422, 47.346685126035666 ], [ 7.550915513055141, 47.34239067757666 ], [ 7.535503111206871, 47.335835993086604 ], [ 7.528753154193029, 47.324007424524083 ], [ 7.532803128401333, 47.322425259302342 ], [ 7.559352959322443, 47.323706059719939 ], [ 7.524815679268288, 47.315719892410215 ], [ 7.498265848347179, 47.303815982646661 ], [ 7.49185338918403, 47.303514617842517 ], [ 7.487240918557904, 47.303589959043556 ], [ 7.475203495216554, 47.308336454708765 ], [ 7.460241090502539, 47.308110431105661 ], [ 7.443253698684371, 47.310069302332579 ], [ 7.441453710147347, 47.309843278729474 ], [ 7.422328831941464, 47.3081857723067 ], [ 7.420416344120875, 47.310144643533611 ], [ 7.414116384241289, 47.311274761549143 ], [ 7.412091397137138, 47.314665115595723 ], [ 7.391729026812049, 47.314514433193651 ], [ 7.379579104187135, 47.316397963219529 ], [ 7.365966690875887, 47.310596690739821 ], [ 7.350329290460488, 47.307281677894274 ], [ 7.349204297624848, 47.307055654291169 ], [ 7.338404366402703, 47.307281677894274 ], [ 7.332329405090245, 47.300877675806291 ], [ 7.323441961688687, 47.296809250950389 ], [ 7.317816997510485, 47.291761390481035 ], [ 7.308367057691108, 47.289425813248947 ], [ 7.281029731785051, 47.285884776800295 ], [ 7.269104807727264, 47.287165577217891 ], [ 7.262242351429858, 47.288672401238593 ], [ 7.257517381520169, 47.286864212413747 ], [ 7.243679969641795, 47.286713530011681 ], [ 7.233217536270341, 47.289576495651012 ], [ 7.2136426609302, 47.290932637269648 ], [ 7.211167676691792, 47.290179225259294 ], [ 7.207342701050615, 47.293192873300704 ], [ 7.209817685289024, 47.296131180141074 ], [ 7.206780204632795, 47.296884592151422 ], [ 7.175392904518433, 47.295528450532792 ], [ 7.164255475445595, 47.294473673718301 ], [ 7.170105438190924, 47.292288778888278 ], [ 7.165605466848363, 47.289953201656189 ], [ 7.169880439623796, 47.287391600820996 ], [ 7.171117931743, 47.284528635181658 ], [ 7.168755446788156, 47.28264510515578 ], [ 7.169655441056667, 47.276090420665717 ], [ 7.149630568582271, 47.270515171789121 ], [ 7.146705587209607, 47.266672770536324 ], [ 7.1498555671494, 47.263659122494921 ], [ 7.144118103687634, 47.260796156855584 ], [ 7.143780605836942, 47.257405802809004 ], [ 7.150305564283656, 47.25522090797898 ], [ 7.156605524163241, 47.249042929494095 ], [ 7.151430557119296, 47.247762129076499 ], [ 7.140180628762893, 47.244673139834056 ], [ 7.129605696107875, 47.246405987457869 ], [ 7.112618304289708, 47.243316998215427 ], [ 7.104068358738842, 47.244371775029919 ], [ 7.098668393127769, 47.241282785787476 ], [ 7.097205902441437, 47.238344478947106 ], [ 7.089218453308391, 47.238495161349178 ], [ 7.086855968353547, 47.241056762184371 ], [ 7.089555951159083, 47.24294029221025 ], [ 7.085843474801471, 47.246707352262007 ], [ 7.080668507757525, 47.244899163437168 ], [ 7.080331009906834, 47.249193611896168 ], [ 7.058843646746105, 47.243166315813355 ], [ 7.057831153194028, 47.241810174194725 ], [ 7.059293643880361, 47.23261854766843 ], [ 7.047818716956831, 47.228173416807358 ], [ 7.045231233434858, 47.223351579941109 ], [ 7.035893792899044, 47.211146305373411 ], [ 7.02655635236323, 47.199167054408825 ], [ 7.023856369557694, 47.196982159578802 ], [ 7.016993913260288, 47.196153406367415 ], [ 7.000794016427069, 47.194571241145681 ], [ 6.995956547233816, 47.190578157490812 ], [ 6.985494113862362, 47.177468788510694 ], [ 6.981106641803365, 47.175585258484816 ], [ 6.977956661863573, 47.17633867049517 ], [ 6.971319204133295, 47.182591990181088 ], [ 6.962319261448173, 47.183345402191442 ], [ 6.957031795120664, 47.182215284175911 ], [ 6.95298182091236, 47.188769968665973 ], [ 6.946231863898518, 47.186735756238022 ], [ 6.942406888257342, 47.185831661825603 ], [ 6.941281895421701, 47.181763236969701 ], [ 6.934644437691423, 47.1734003636548 ], [ 6.916869550888308, 47.164811466736786 ], [ 6.906294618233289, 47.158482805849836 ], [ 6.884807255072562, 47.152078803761846 ], [ 6.880644781580693, 47.155921205014643 ], [ 6.880532282297128, 47.159612923865367 ], [ 6.872544833164083, 47.173174340051695 ], [ 6.868944856090034, 47.17287297524755 ], [ 6.862307398359757, 47.16699636156681 ], [ 6.859719914837784, 47.16699636156681 ] ] ] } }
]
}
