{
"type": "FeatureCollection",
"name": "districts",
"crs": { "type": "name", "properties": { "name": "urn:ogc:def:crs:OGC:1.3:CRS84" } },
"features": [
{ "type": "Feature", "properties": { "bezirk_id": "B_101" }, "geometry": { "type": "Polygon", "coordinates": [ [ [ 8.486904945629513, 47.352686100818197 ], [ 8.498412646743686, 47.344296524669694 ], [ 8.497640966470852, 47.342090796582895 ], [ 8.502043273486734, 47.336554275719848 ], [ 8.500642628775783, 47.322696572232438 ], [ 8.503133304831969, 47.320226922999026 ], [ 8.510059494415954, 47.308756840149343 ], [ 8.507204438056931, 47.30553602746388 ], [ 8.508863631606419, 47.30254320961086 ], [ 8.506618209943518, 47.299370694289379 ], [ 8.509791357857432, 47.294079021543212 ], [ 8.509881276223199, 47.28735868666859 ], [ 8.506744352637538, 47.285849583485145 ], [ 8.51135224165683, 47.282928306029653 ], [ 8.510951930216507, 47.279450832797778 ], [ 8.508170634740823, 47.27785750315482 ], [ 8.509842713137747, 47.276870483414271 ], [ 8.508405584049298, 47.274410105122726 ], [ 8.503951818966858, 47.273102041460128 ], [ 8.511254299449501, 47.270155817597789 ], [ 8.515361425108164, 47.273283901766568 ], [ 8.518554639112963, 47.266489510062812 ], [ 8.52163349719498, 47.265174284497341 ], [ 8.524581082617388, 47.267809191721668 ], [ 8.532053727868069, 47.266164359191521 ], [ 8.535575471570299, 47.261336340589686 ], [ 8.547580329888701, 47.248294986857239 ], [ 8.557436852766998, 47.242685469089722 ], [ 8.568871038431137, 47.227461359276859 ], [ 8.580539034515692, 47.221634079754459 ], [ 8.578312861362079, 47.218786535275612 ], [ 8.574314288452278, 47.217017920913214 ], [ 8.560785124512252, 47.2197142803644 ], [ 8.55392635720932, 47.223217204411995 ], [ 8.552771970186194, 47.221681142481856 ], [ 8.543365537492154, 47.222068602656861 ], [ 8.53919974608773, 47.223035022881703 ], [ 8.536405770699433, 47.22072285001336 ], [ 8.532484024251632, 47.222001544091142 ], [ 8.531327751475754, 47.217757638767992 ], [ 8.521223784064228, 47.220182894698098 ], [ 8.512559928104334, 47.219409432747149 ], [ 8.512177565409981, 47.215490961659718 ], [ 8.49844450508782, 47.212028960113969 ], [ 8.490027775276923, 47.210981676581781 ], [ 8.483903911999334, 47.208356774449108 ], [ 8.479922080864799, 47.20859974505418 ], [ 8.476213843158073, 47.210018517693918 ], [ 8.473113679862406, 47.208760058730029 ], [ 8.470630437110287, 47.213468966874274 ], [ 8.461418897081041, 47.213641096353804 ], [ 8.45668083943707, 47.218567586152716 ], [ 8.453035263890884, 47.217790164769518 ], [ 8.451986907278007, 47.219598473249455 ], [ 8.447849584712603, 47.220048586515318 ], [ 8.446408225474306, 47.223434475865943 ], [ 8.443754971279507, 47.222774009218298 ], [ 8.441067719951549, 47.225226176722835 ], [ 8.437038815968162, 47.223731953867897 ], [ 8.429468934110693, 47.224948720545939 ], [ 8.422124506143538, 47.22336550983951 ], [ 8.418714691077895, 47.22679480890158 ], [ 8.418206203157462, 47.233635580383613 ], [ 8.414841540069837, 47.23886342425201 ], [ 8.41698704489156, 47.241345920846449 ], [ 8.414197062471395, 47.244077156620101 ], [ 8.410715820142322, 47.248037510292498 ], [ 8.402586601523822, 47.255086105690289 ], [ 8.404794516312123, 47.26028485906911 ], [ 8.400899187017041, 47.264095434938561 ], [ 8.401436500150913, 47.268246737964084 ], [ 8.402374542581473, 47.272628560951333 ], [ 8.394937403128992, 47.277997640769485 ], [ 8.391625924003067, 47.286489501691293 ], [ 8.388741098088534, 47.290039398156615 ], [ 8.392314733640552, 47.291008366551722 ], [ 8.39707263038898, 47.287973544302048 ], [ 8.404309041121762, 47.291907034319586 ], [ 8.414742336430177, 47.29345633426194 ], [ 8.429155918122383, 47.300700509948655 ], [ 8.428464367970795, 47.301201179855006 ], [ 8.431244459171328, 47.305638893999856 ], [ 8.429491323766543, 47.307372038256581 ], [ 8.432154804408743, 47.3083655856639 ], [ 8.432028602264239, 47.311532964592907 ], [ 8.436011095978115, 47.31515063789616 ], [ 8.441222775685628, 47.315870061051399 ], [ 8.440531370036709, 47.317792031720565 ], [ 8.449168514945894, 47.323356675630421 ], [ 8.448597416398748, 47.32603322979287 ], [ 8.452526708778143, 47.3288232503294 ], [ 8.454132580453704, 47.334646968195479 ], [ 8.455261547058534, 47.334870903834492 ], [ 8.461546729035025, 47.336254598391676 ], [ 8.461544388496536, 47.339582813138435 ], [ 8.455802944806074, 47.343834255731949 ], [ 8.454964874980025, 47.347079868427329 ], [ 8.461520213598778, 47.350053324435578 ], [ 8.469267692483966, 47.34823938119353 ], [ 8.468963947205001, 47.350328955264558 ], [ 8.474534021972483, 47.35362529489236 ], [ 8.479903113778569, 47.354728376867996 ], [ 8.486904945629513, 47.352686100818197 ] ] ] } },
{ "type": "Feature", "properties": { "bezirk_id": "B_102" }, "geometry": { "type": "Polygon", "coordinates": [ [ [ 8.669605788370836, 47.674754673404209 ], [ 8.676874952790913, 47.671817183833596 ], [ 8.677959703624504, 47.665815311554645 ], [ 8.681239689872532, 47.656920700045106 ], [ 8.685410136443155, 47.654807259916538 ], [ 8.68855796491154, 47.649421673763477 ], [ 8.699600400060749, 47.646945693755598 ], [ 8.708719256535908, 47.641998207348919 ], [ 8.713509031339946, 47.644149381549724 ], [ 8.717137154235409, 47.641716914490559 ], [ 8.725701570696504, 47.643088397311146 ], [ 8.731850257843602, 47.641985678855328 ], [ 8.743018657314593, 47.642607276964263 ], [ 8.743887871182462, 47.639530324808852 ], [ 8.747248452618612, 47.638727939239551 ], [ 8.748639130160139, 47.641149811125352 ], [ 8.757736835645719, 47.643061593928536 ], [ 8.76857676089047, 47.650196628527596 ], [ 8.776291773763944, 47.648920693533299 ], [ 8.781588141026024, 47.652016689751548 ], [ 8.785968426589399, 47.655186044436761 ], [ 8.788544300501833, 47.665374089214033 ], [ 8.798520813836491, 47.664987851756997 ], [ 8.802699816834123, 47.664911855662382 ], [ 8.805251608083475, 47.664728943846001 ], [ 8.804849742483132, 47.652239999272226 ], [ 8.826431157328457, 47.646749057177637 ], [ 8.82754107329786, 47.640340464056408 ], [ 8.825461136100008, 47.637145182660916 ], [ 8.820239534688596, 47.629300988547271 ], [ 8.813404156073593, 47.627403298718889 ], [ 8.811750599913822, 47.622637613469863 ], [ 8.814630741149934, 47.621344212934751 ], [ 8.811549225317219, 47.618970089637266 ], [ 8.814005004797545, 47.617222982130237 ], [ 8.804948039645319, 47.613705058578461 ], [ 8.804111398279145, 47.608075113737804 ], [ 8.803052031227331, 47.601017581332833 ], [ 8.788716588211658, 47.603146215297372 ], [ 8.790274378792025, 47.608435051420699 ], [ 8.78783132621596, 47.609650813058884 ], [ 8.762011161878629, 47.618079527492043 ], [ 8.756525079605098, 47.616801748950365 ], [ 8.749481444185394, 47.621387913033317 ], [ 8.748071443814899, 47.623013891771841 ], [ 8.746394212508857, 47.621899469280145 ], [ 8.745825007730758, 47.612839171369757 ], [ 8.740328927653991, 47.612199375208974 ], [ 8.739470609926258, 47.608116383732977 ], [ 8.74868860991821, 47.600061245166309 ], [ 8.745676657979406, 47.596560261588955 ], [ 8.748192410239238, 47.592349284708291 ], [ 8.762006942499932, 47.592849092330688 ], [ 8.764759214155649, 47.580602588471407 ], [ 8.762503678186722, 47.57491659122342 ], [ 8.76547968979532, 47.574324883014448 ], [ 8.768553802388219, 47.567039726184078 ], [ 8.762356766454138, 47.567425483961827 ], [ 8.757037353799177, 47.569438009413403 ], [ 8.757271950737573, 47.570856540504565 ], [ 8.753885744922735, 47.570445262943913 ], [ 8.750029997568381, 47.574698564231255 ], [ 8.747872066724815, 47.572357294119151 ], [ 8.745130699582262, 47.574385089180367 ], [ 8.74226949823848, 47.57370670154873 ], [ 8.74191450237746, 47.570616448128547 ], [ 8.734166038688581, 47.575533551450242 ], [ 8.730362437783922, 47.572175931582848 ], [ 8.723186388934797, 47.573883737435061 ], [ 8.716934288013453, 47.578099463070238 ], [ 8.714684448190086, 47.576855975371608 ], [ 8.709312789713541, 47.58124147733308 ], [ 8.708873379090607, 47.574545153175904 ], [ 8.706275230610613, 47.574843435112349 ], [ 8.705385452819403, 47.572091749095755 ], [ 8.702789344835743, 47.571913206206595 ], [ 8.698832760771703, 47.567054102602263 ], [ 8.700908848935789, 47.564935716135103 ], [ 8.698036264984182, 47.562610312922423 ], [ 8.692971508174114, 47.563105979422332 ], [ 8.69401279380048, 47.558246484259961 ], [ 8.69124809462579, 47.558213433106211 ], [ 8.691584570236863, 47.553325588263924 ], [ 8.687483287838146, 47.552380422165982 ], [ 8.683780425066342, 47.55312186469191 ], [ 8.681628027415815, 47.549717931057792 ], [ 8.679786957266833, 47.550529211473773 ], [ 8.676653690499922, 47.555186074959558 ], [ 8.677399759089599, 47.558119412132307 ], [ 8.675870848512254, 47.557515100330725 ], [ 8.673278327844226, 47.560313149305671 ], [ 8.669403980373419, 47.559994561942332 ], [ 8.667420036057234, 47.562120394262621 ], [ 8.660378388156863, 47.562185834310981 ], [ 8.65989575151648, 47.559690370373929 ], [ 8.655974367402651, 47.559632679348056 ], [ 8.655795349140828, 47.557619727639697 ], [ 8.648950925850983, 47.558150136141727 ], [ 8.650582219451215, 47.555101848551011 ], [ 8.646515051100772, 47.554460704435442 ], [ 8.650467358070889, 47.545991315812316 ], [ 8.646043525114649, 47.547161846027322 ], [ 8.645986711001761, 47.545831206611282 ], [ 8.652838351793896, 47.542197663691724 ], [ 8.648599712989597, 47.538068401494726 ], [ 8.642550355947566, 47.536647271931791 ], [ 8.641839672724519, 47.532831849011544 ], [ 8.637218320192243, 47.53239859771525 ], [ 8.63467759063156, 47.527374186486334 ], [ 8.629610590211216, 47.528235928539743 ], [ 8.630425349338067, 47.531996383499745 ], [ 8.620997109105653, 47.537435904301113 ], [ 8.612343201527599, 47.535320172626072 ], [ 8.608587115688589, 47.538461359908425 ], [ 8.599635201967692, 47.539711729381722 ], [ 8.601085115828386, 47.541019420244353 ], [ 8.597279819386046, 47.54743479737003 ], [ 8.587233764871117, 47.555306216564425 ], [ 8.578161948916252, 47.554838093350213 ], [ 8.578480411769871, 47.559152397660782 ], [ 8.567630298469473, 47.562568608335141 ], [ 8.571999815421414, 47.574281925043174 ], [ 8.580299512004053, 47.577015808985074 ], [ 8.577389475127147, 47.583880304891899 ], [ 8.579111953790036, 47.589799788257402 ], [ 8.583302558492889, 47.592996543715515 ], [ 8.592906459444817, 47.595617722296332 ], [ 8.595596015413941, 47.605538890443228 ], [ 8.603448762262801, 47.611261783258421 ], [ 8.60495951480511, 47.615982510536973 ], [ 8.597390513951535, 47.628965003763724 ], [ 8.595324013674661, 47.642627512847156 ], [ 8.60770650934499, 47.652426004803132 ], [ 8.612692507686599, 47.649348508988723 ], [ 8.613848007121051, 47.644137013766688 ], [ 8.611146009538475, 47.642095009235646 ], [ 8.604463500095639, 47.641547011167845 ], [ 8.602787003561714, 47.639468012202258 ], [ 8.606523016236297, 47.637061510525683 ], [ 8.616754010703289, 47.638012006507665 ], [ 8.623423011154957, 47.641021505968041 ], [ 8.628297384269127, 47.648723587728057 ], [ 8.627987512731893, 47.653307003882425 ], [ 8.614485476648976, 47.661528383010754 ], [ 8.612818006072315, 47.660757505037459 ], [ 8.608964011714516, 47.663423511880296 ], [ 8.606355686945792, 47.669003755762724 ], [ 8.612783618796307, 47.67725870221809 ], [ 8.615232397194859, 47.677782579190811 ], [ 8.61903721668498, 47.675207583284219 ], [ 8.623896421590453, 47.676327368256231 ], [ 8.627384815664277, 47.679259852141854 ], [ 8.625237139632706, 47.691595001721801 ], [ 8.63208685934331, 47.692725804178203 ], [ 8.64371480075005, 47.694561844639288 ], [ 8.663337988674321, 47.685902003924689 ], [ 8.670453406017806, 47.684864384390451 ], [ 8.668168496566727, 47.677666094330768 ], [ 8.669605788370836, 47.674754673404209 ] ] ] } },
{ "type": "Feature", "properties": { "bezirk_id": "B_103" }, "geometry": { "type": "Polygon", "coordinates": [ [ [ 8.538118014847019, 47.631138509901056 ], [ 8.538556509484799, 47.626094504274413 ], [ 8.543043511103592, 47.626957504639087 ], [ 8.544135516621981, 47.625224506640897 ], [ 8.557338008037851, 47.624562012200776 ], [ 8.562801011874114, 47.616767514497191 ], [ 8.569295510028805, 47.617269514703082 ], [ 8.571036507824806, 47.612491514906282 ], [ 8.574408010234617, 47.611931013812857 ], [ 8.566406001794297, 47.609874006612174 ], [ 8.566062507245581, 47.605374005404059 ], [ 8.561473010361711, 47.601382006687778 ], [ 8.562841009619767, 47.599432514110774 ], [ 8.556868327862734, 47.597373884881115 ], [ 8.556281653664012, 47.594141521154299 ], [ 8.547622627193221, 47.59273154704551 ], [ 8.545479320629166, 47.591969499094965 ], [ 8.538055612414846, 47.587902640996752 ], [ 8.535340697050666, 47.587127835510586 ], [ 8.537017689583749, 47.583361259897345 ], [ 8.534148909197775, 47.582848725278467 ], [ 8.534472874916769, 47.581154697574171 ], [ 8.540143746244757, 47.578330658277828 ], [ 8.534859829233101, 47.575430527161288 ], [ 8.546470911936126, 47.573863056546621 ], [ 8.546218302868461, 47.571311016372583 ], [ 8.541590837134736, 47.569924995417843 ], [ 8.547620812085297, 47.56528024204443 ], [ 8.554668126268606, 47.552818036710157 ], [ 8.558920417455651, 47.552848969615191 ], [ 8.563682980711373, 47.55752502291255 ], [ 8.567630298469473, 47.562568608335141 ], [ 8.578480411769871, 47.559152397660782 ], [ 8.578161948916252, 47.554838093350213 ], [ 8.587233764871117, 47.555306216564425 ], [ 8.597279819386046, 47.54743479737003 ], [ 8.601085115828386, 47.541019420244353 ], [ 8.599635201967692, 47.539711729381722 ], [ 8.608587115688589, 47.538461359908425 ], [ 8.612343201527599, 47.535320172626072 ], [ 8.607538238088177, 47.52761524278155 ], [ 8.611021009219273, 47.526563633712186 ], [ 8.606166613964204, 47.523212625839832 ], [ 8.610687814641759, 47.52229446787149 ], [ 8.612921617161227, 47.523630061266729 ], [ 8.617881057117636, 47.521519859618053 ], [ 8.625194069356528, 47.518386922784892 ], [ 8.619441663668109, 47.514065217837569 ], [ 8.627530028792105, 47.51062737398172 ], [ 8.629651307371999, 47.506350989082776 ], [ 8.63193038441328, 47.505571951931621 ], [ 8.632045595587234, 47.507747532340119 ], [ 8.635806583809925, 47.508518251362695 ], [ 8.638185443375496, 47.500982870500309 ], [ 8.647918770129458, 47.499397449349956 ], [ 8.653155149602698, 47.500853790333053 ], [ 8.65589316303161, 47.499853579157552 ], [ 8.655602634902845, 47.497598894928657 ], [ 8.658294096800267, 47.497471626378839 ], [ 8.660828072377804, 47.489916088686449 ], [ 8.651512126837472, 47.48468903603861 ], [ 8.655158219060718, 47.481655428726256 ], [ 8.652581863768052, 47.480396192492826 ], [ 8.655597557403929, 47.474760611762875 ], [ 8.65230199494194, 47.471619971107785 ], [ 8.665944507020455, 47.462049221845398 ], [ 8.668979226592947, 47.463078410903442 ], [ 8.673060519467272, 47.460615249691841 ], [ 8.678598422669566, 47.452946135447689 ], [ 8.671500257317629, 47.448803284644015 ], [ 8.663029623485043, 47.447777867340015 ], [ 8.663296556309513, 47.442090106651051 ], [ 8.660766605866803, 47.441622136618719 ], [ 8.660771928038617, 47.436656750857011 ], [ 8.658545935226785, 47.435555859680207 ], [ 8.660271839611854, 47.433351811336976 ], [ 8.656662542081628, 47.433200989176243 ], [ 8.655660549641896, 47.427643524295334 ], [ 8.661358219482018, 47.422932887589198 ], [ 8.658529696528365, 47.419805450694859 ], [ 8.650017412783223, 47.420812475557327 ], [ 8.648556330854497, 47.423885006012966 ], [ 8.642659015864101, 47.425971623389096 ], [ 8.633169029613224, 47.427176467303795 ], [ 8.632256166929244, 47.430801942150161 ], [ 8.628266584244962, 47.429637710803419 ], [ 8.624706663898534, 47.428711804762763 ], [ 8.622152595405463, 47.424132469330715 ], [ 8.628839702417121, 47.408430210096633 ], [ 8.6234431134648, 47.406479730912771 ], [ 8.618902087919919, 47.407245808993729 ], [ 8.614799287022596, 47.408061219310468 ], [ 8.611250494374278, 47.405758534984578 ], [ 8.609089071392308, 47.406886850410743 ], [ 8.605850157850188, 47.405408418997773 ], [ 8.60638704118664, 47.403909797801987 ], [ 8.596380854229995, 47.405602612086859 ], [ 8.571878421411611, 47.41227695702581 ], [ 8.573134748114516, 47.419622608051014 ], [ 8.568914251106277, 47.419340126455168 ], [ 8.567583500071137, 47.416582649704139 ], [ 8.563296601567961, 47.415652969140972 ], [ 8.554593510585695, 47.420882477982538 ], [ 8.55741087855799, 47.423769639788439 ], [ 8.555342537192493, 47.430688814353118 ], [ 8.558900207904882, 47.434711150189074 ], [ 8.554630704505183, 47.440365303606285 ], [ 8.545722625363824, 47.447448992292443 ], [ 8.548668917569582, 47.453294450973395 ], [ 8.545163584939154, 47.455001088889048 ], [ 8.5544522675271, 47.466641243377644 ], [ 8.551382680672052, 47.468919525984397 ], [ 8.543123655296895, 47.474926267698606 ], [ 8.546282318872208, 47.476892938256093 ], [ 8.53959473378803, 47.487750543771611 ], [ 8.535854703788624, 47.48721038619383 ], [ 8.528155387039279, 47.490961977321419 ], [ 8.528966272495976, 47.495559669810042 ], [ 8.522902485995949, 47.497586468637756 ], [ 8.519137082151088, 47.495822718620808 ], [ 8.516580181599142, 47.494740197861098 ], [ 8.510615578298955, 47.501046919090989 ], [ 8.504112551188706, 47.499766727404243 ], [ 8.49581251456509, 47.50021158838419 ], [ 8.495945323358118, 47.501550586659974 ], [ 8.487257590297355, 47.497833826669876 ], [ 8.480961222885853, 47.507047258770598 ], [ 8.489072286696157, 47.509744329359989 ], [ 8.489408070629858, 47.514643372394438 ], [ 8.493886279940485, 47.520862933908809 ], [ 8.490771375944243, 47.528518707438849 ], [ 8.490679720967691, 47.530597293834923 ], [ 8.497083075440193, 47.535369074611602 ], [ 8.495134362820529, 47.540900540652771 ], [ 8.500195839963865, 47.542923037684147 ], [ 8.490780007779303, 47.550420418973992 ], [ 8.472773840543759, 47.556347952441051 ], [ 8.471156074218031, 47.559933184427656 ], [ 8.460499531322778, 47.555809202919235 ], [ 8.456095162750053, 47.558249468140787 ], [ 8.464110321190541, 47.561147016706485 ], [ 8.468757261220304, 47.565054388316646 ], [ 8.46412050807251, 47.572212514066464 ], [ 8.476828005601144, 47.577861505592217 ], [ 8.483748177356302, 47.577242633818713 ], [ 8.486921129055796, 47.577717683010107 ], [ 8.494540522660651, 47.581201362477188 ], [ 8.488619013847526, 47.587851008140206 ], [ 8.487012503934245, 47.587354005605185 ], [ 8.468808014600054, 47.583950006135709 ], [ 8.464814507980829, 47.588037008030476 ], [ 8.460419003976845, 47.588305506614219 ], [ 8.461227016291781, 47.592572013017183 ], [ 8.457047012573286, 47.597285013089213 ], [ 8.456599502163781, 47.60235551213546 ], [ 8.468109004724637, 47.603658511376018 ], [ 8.471379512514536, 47.606893004170459 ], [ 8.470278512446484, 47.608472510747546 ], [ 8.474989010118218, 47.60769750738654 ], [ 8.477812508108661, 47.610731011394002 ], [ 8.47913850356986, 47.615163511422864 ], [ 8.483242004911435, 47.613639514612011 ], [ 8.493896012281311, 47.614475010659426 ], [ 8.508251512125792, 47.617507508184794 ], [ 8.507306003497282, 47.623845508054877 ], [ 8.514944013651801, 47.623365011143058 ], [ 8.512608002271246, 47.625587507106111 ], [ 8.516449506754352, 47.631950005223835 ], [ 8.515533012135201, 47.633920012309048 ], [ 8.520817005347851, 47.63447451418368 ], [ 8.525725510288234, 47.631768514481422 ], [ 8.538118014847019, 47.631138509901056 ] ] ] } },
{ "type": "Feature", "properties": { "bezirk_id": "B_104" }, "geometry": { "type": "Polygon", "coordinates": [ [ [ 8.46412050807251, 47.572212514066464 ], [ 8.468757261220304, 47.565054388316646 ], [ 8.464110321190541, 47.561147016706485 ], [ 8.456095162750053, 47.558249468140787 ], [ 8.460499531322778, 47.555809202919235 ], [ 8.471156074218031, 47.559933184427656 ], [ 8.472773840543759, 47.556347952441051 ], [ 8.490780007779303, 47.550420418973992 ], [ 8.500195839963865, 47.542923037684147 ], [ 8.495134362820529, 47.540900540652771 ], [ 8.497083075440193, 47.535369074611602 ], [ 8.490679720967691, 47.530597293834923 ], [ 8.490771375944243, 47.528518707438849 ], [ 8.493886279940485, 47.520862933908809 ], [ 8.489408070629858, 47.514643372394438 ], [ 8.489072286696157, 47.509744329359989 ], [ 8.480961222885853, 47.507047258770598 ], [ 8.487257590297355, 47.497833826669876 ], [ 8.495945323358118, 47.501550586659974 ], [ 8.49581251456509, 47.50021158838419 ], [ 8.504112551188706, 47.499766727404243 ], [ 8.510615578298955, 47.501046919090989 ], [ 8.516580181599142, 47.494740197861098 ], [ 8.519137082151088, 47.495822718620808 ], [ 8.522902485995949, 47.497586468637756 ], [ 8.528966272495976, 47.495559669810042 ], [ 8.528155387039279, 47.490961977321419 ], [ 8.535854703788624, 47.48721038619383 ], [ 8.53959473378803, 47.487750543771611 ], [ 8.546282318872208, 47.476892938256093 ], [ 8.543123655296895, 47.474926267698606 ], [ 8.551382680672052, 47.468919525984397 ], [ 8.5544522675271, 47.466641243377644 ], [ 8.545163584939154, 47.455001088889048 ], [ 8.548668917569582, 47.453294450973395 ], [ 8.545722625363824, 47.447448992292443 ], [ 8.554630704505183, 47.440365303606285 ], [ 8.558900207904882, 47.434711150189074 ], [ 8.555342537192493, 47.430688814353118 ], [ 8.542462400090509, 47.433466004840824 ], [ 8.543571629350541, 47.431341590265419 ], [ 8.525804425338611, 47.433084113725705 ], [ 8.524678168669123, 47.431160781272013 ], [ 8.515761990924224, 47.433375977660283 ], [ 8.510740257922091, 47.432181342065398 ], [ 8.501474979465726, 47.434875394532511 ], [ 8.485478122903213, 47.431036567421863 ], [ 8.484759086960922, 47.428173701199022 ], [ 8.490134804323038, 47.425192599864111 ], [ 8.490236819502462, 47.422304301073183 ], [ 8.481768338920791, 47.423010657963609 ], [ 8.476981458014604, 47.420175373674226 ], [ 8.474841007727338, 47.421193012095507 ], [ 8.469734736715619, 47.418261348768652 ], [ 8.462497193336715, 47.418865363753469 ], [ 8.453173134307525, 47.421259242761323 ], [ 8.450376827455226, 47.426149967695999 ], [ 8.444624133842172, 47.428241988324956 ], [ 8.418145044210334, 47.434243965662702 ], [ 8.416003941561319, 47.434594886391032 ], [ 8.403570245989449, 47.436840043888921 ], [ 8.40114188147307, 47.437444936598688 ], [ 8.398453997237382, 47.434687893255486 ], [ 8.383916135892255, 47.434942545517394 ], [ 8.38091317911435, 47.446534256341714 ], [ 8.381796235492066, 47.448478910126376 ], [ 8.386785763653267, 47.449436537534069 ], [ 8.38296708215427, 47.456177805383952 ], [ 8.380142717565477, 47.456200821545238 ], [ 8.378919014909627, 47.458999118538358 ], [ 8.372800490201442, 47.45874285693575 ], [ 8.369481760436944, 47.465389655994741 ], [ 8.365769168033186, 47.466228973904542 ], [ 8.36784340578358, 47.470313884591882 ], [ 8.375259456767271, 47.471108596991336 ], [ 8.373290984041008, 47.48138735074123 ], [ 8.363569144045716, 47.480835813862051 ], [ 8.362664533055595, 47.490629118103321 ], [ 8.358363502360854, 47.497454230910478 ], [ 8.363166802321915, 47.50120267416942 ], [ 8.359153293908459, 47.50091084301755 ], [ 8.357826373516879, 47.502468437147243 ], [ 8.361094169493446, 47.510267664274089 ], [ 8.377022786089171, 47.5124243161357 ], [ 8.380391243533005, 47.515967792927206 ], [ 8.381400468644241, 47.524963055147921 ], [ 8.386675180279838, 47.528850594503353 ], [ 8.391880760222465, 47.525138140541223 ], [ 8.393298794976292, 47.525720100232114 ], [ 8.395685788480684, 47.527751147883329 ], [ 8.395631542417107, 47.532113912319147 ], [ 8.402718889057088, 47.53332338085999 ], [ 8.404442970367786, 47.534649199053263 ], [ 8.401074255650764, 47.540046914422604 ], [ 8.404375544845132, 47.53824754430542 ], [ 8.405092032430172, 47.541857339191615 ], [ 8.411361768747094, 47.546212162401346 ], [ 8.417542888353916, 47.545701404641534 ], [ 8.414494657817196, 47.554046957478526 ], [ 8.418405995947177, 47.564411496021002 ], [ 8.426434508628407, 47.567549008616083 ], [ 8.437169011227393, 47.567102005745106 ], [ 8.455892515127953, 47.572355011280621 ], [ 8.46412050807251, 47.572212514066464 ] ] ] } },
{ "type": "Feature", "properties": { "bezirk_id": "B_105" }, "geometry": { "type": "Polygon", "coordinates": [ [ [ 8.950921292209117, 47.372170970315985 ], [ 8.960860002746417, 47.353868511350406 ], [ 8.967082733280975, 47.354362029088477 ], [ 8.971925920349975, 47.352453614192761 ], [ 8.974258707024076, 47.347501769346906 ], [ 8.973149876103799, 47.339788905594702 ], [ 8.979149948547619, 47.337666855323242 ], [ 8.977373787933852, 47.327021184883506 ], [ 8.985038092665206, 47.319379949697655 ], [ 8.974652834678478, 47.306969087119661 ], [ 8.957203783679477, 47.304519316002235 ], [ 8.948905862993541, 47.292177651747053 ], [ 8.933594669892972, 47.288418903463942 ], [ 8.94051160781574, 47.284262754411039 ], [ 8.941207704649079, 47.279872561693132 ], [ 8.943869198165592, 47.279558957845737 ], [ 8.945551180002278, 47.282010925172393 ], [ 8.947653315012609, 47.281791774376984 ], [ 8.947895817145321, 47.279371365088529 ], [ 8.946848851884392, 47.275066907566256 ], [ 8.940527611078235, 47.272144729253299 ], [ 8.944120109051847, 47.269237074987487 ], [ 8.935948789604369, 47.260635228208706 ], [ 8.91175242130041, 47.254874697280556 ], [ 8.908435435183845, 47.25437728941435 ], [ 8.90817079343914, 47.256764641509349 ], [ 8.88513879044155, 47.25283691262392 ], [ 8.873477202681032, 47.251552352100461 ], [ 8.87370108985218, 47.247591288780683 ], [ 8.870178230585848, 47.245296136415107 ], [ 8.861065530507851, 47.24341188673705 ], [ 8.855628303396518, 47.244364050346363 ], [ 8.851660633380176, 47.250977925408407 ], [ 8.844743040944506, 47.248632056687093 ], [ 8.844712929292502, 47.246986151860511 ], [ 8.838463513557585, 47.246963298556643 ], [ 8.832619537747316, 47.250326692034108 ], [ 8.828606043820932, 47.250438152910128 ], [ 8.826439966688952, 47.251480809770783 ], [ 8.809226849587194, 47.247962532225735 ], [ 8.795782666384985, 47.248670433813068 ], [ 8.794045134617578, 47.251524601244142 ], [ 8.790260549619148, 47.252333711191973 ], [ 8.790311970647116, 47.254887943695117 ], [ 8.784921057744542, 47.257505886005504 ], [ 8.780869840026657, 47.265604442075634 ], [ 8.766699888031194, 47.2702665035142 ], [ 8.746709931653927, 47.267841337571049 ], [ 8.739857731322253, 47.272461758840358 ], [ 8.740754046619683, 47.276697632906306 ], [ 8.732341403872697, 47.281362178023052 ], [ 8.737050445727434, 47.282028898501693 ], [ 8.736731816799475, 47.285234963907264 ], [ 8.737114672047911, 47.289017848927109 ], [ 8.730276532490651, 47.289994220505051 ], [ 8.726724499728656, 47.292372832135626 ], [ 8.72900545010379, 47.295387871673576 ], [ 8.735783357401349, 47.296256379344378 ], [ 8.736092081038866, 47.294813595692212 ], [ 8.740133699861383, 47.297340822301173 ], [ 8.737478572802264, 47.301256892114019 ], [ 8.740919428898328, 47.303529981738052 ], [ 8.729469056058065, 47.308543338442021 ], [ 8.736985920845829, 47.31253400695681 ], [ 8.734473664301644, 47.314748196070923 ], [ 8.741823678301733, 47.317813878584211 ], [ 8.741094423813575, 47.321537312883628 ], [ 8.745387832414286, 47.324529291922417 ], [ 8.757407849306089, 47.327496035686195 ], [ 8.763729944528508, 47.3268748722124 ], [ 8.763567538632117, 47.330457009387096 ], [ 8.757658968342607, 47.330695615519382 ], [ 8.755968921235597, 47.335662518846569 ], [ 8.76048837120592, 47.341287083007245 ], [ 8.753618608506303, 47.345530518320359 ], [ 8.754653790035722, 47.349935556034652 ], [ 8.756935686650174, 47.34961266497136 ], [ 8.770984962460066, 47.354075110515289 ], [ 8.779184936857632, 47.349050579880249 ], [ 8.795650100316101, 47.339664608462925 ], [ 8.800046959139154, 47.340827246276135 ], [ 8.802082708695268, 47.339183988322844 ], [ 8.804990990081491, 47.34009414349827 ], [ 8.80882884304917, 47.338033602733844 ], [ 8.810113163538213, 47.339088838595892 ], [ 8.817793954607806, 47.337243139097275 ], [ 8.828870517022889, 47.339790973959644 ], [ 8.821424763025973, 47.344576199281043 ], [ 8.82074111081333, 47.346284580005765 ], [ 8.822946720182479, 47.345592464980655 ], [ 8.824646775901195, 47.347856979037275 ], [ 8.826757443849818, 47.346059456113714 ], [ 8.836161382788735, 47.346314805092021 ], [ 8.8472378736879, 47.353763595501583 ], [ 8.853294182599365, 47.354517148311679 ], [ 8.856832375358206, 47.36510672634526 ], [ 8.860302090805435, 47.365630789796192 ], [ 8.858892517044058, 47.363911956291332 ], [ 8.866756392068844, 47.361907853292493 ], [ 8.871909495814558, 47.356599449698798 ], [ 8.878852883890255, 47.355370568193436 ], [ 8.882933738253717, 47.352081084790079 ], [ 8.886036884001745, 47.353751426794972 ], [ 8.888909806301619, 47.351331469486894 ], [ 8.895898575017538, 47.354706858768864 ], [ 8.898619137765506, 47.352054686144584 ], [ 8.905055029460234, 47.35262980586392 ], [ 8.908053496457205, 47.349515080472763 ], [ 8.913351958752743, 47.347738284923885 ], [ 8.910589206139017, 47.351704759571327 ], [ 8.912531045745064, 47.352516600126684 ], [ 8.912416434729904, 47.358905145134862 ], [ 8.914434447394553, 47.360066822589054 ], [ 8.919962485987485, 47.358898525804143 ], [ 8.924074362330071, 47.363928375246495 ], [ 8.930611408924353, 47.364743677263931 ], [ 8.935410629048379, 47.371563429144999 ], [ 8.943635580348852, 47.375837531228626 ], [ 8.950921292209117, 47.372170970315985 ] ] ] } },
{ "type": "Feature", "properties": { "bezirk_id": "B_106" }, "geometry": { "type": "Polygon", "coordinates": [ [ [ 8.581611365818013, 47.282900953563185 ], [ 8.589017801411893, 47.27080034627415 ], [ 8.594639229724679, 47.263682636840606 ], [ 8.628122921764966, 47.252322353066283 ], [ 8.635926267135472, 47.249749753688668 ], [ 8.641926607187973, 47.252206027183774 ], [ 8.651381698806395, 47.249678082367282 ], [ 8.661441022481302, 47.238956866542146 ], [ 8.691745155770048, 47.221089466775169 ], [ 8.701858432567866, 47.21657102768534 ], [ 8.714476412747157, 47.203118044054918 ], [ 8.709938916883225, 47.200478477080701 ], [ 8.703909324426064, 47.202254121092253 ], [ 8.702614720339234, 47.198301169079144 ], [ 8.694029500318804, 47.196353060549825 ], [ 8.681326953482765, 47.183599853142205 ], [ 8.682030018819912, 47.17411061312022 ], [ 8.690265463664874, 47.169739274170894 ], [ 8.692042278454224, 47.166751280030752 ], [ 8.692483457550349, 47.163624888962644 ], [ 8.674791437394795, 47.159444357300899 ], [ 8.665841656848716, 47.15968412121029 ], [ 8.661627321726295, 47.160529637399776 ], [ 8.660839589708798, 47.170505422680115 ], [ 8.652239772451741, 47.171136205348482 ], [ 8.64111281020968, 47.169094037138905 ], [ 8.639191092807419, 47.171632933090542 ], [ 8.624189739682661, 47.17331776520632 ], [ 8.628158577233169, 47.17975376449251 ], [ 8.617883474423779, 47.192453551485656 ], [ 8.615493180677374, 47.199575632683199 ], [ 8.608302541373694, 47.205127288999279 ], [ 8.60322977848727, 47.203127698510194 ], [ 8.598687262626228, 47.201824207881614 ], [ 8.598055380793708, 47.209207015904482 ], [ 8.59455021077668, 47.211940950435583 ], [ 8.58822830438743, 47.212633932077871 ], [ 8.585280156764941, 47.210594332254487 ], [ 8.582651998796711, 47.211160210831501 ], [ 8.583186578614885, 47.217631742467788 ], [ 8.578312861362079, 47.218786535275612 ], [ 8.580539034515692, 47.221634079754459 ], [ 8.568871038431137, 47.227461359276859 ], [ 8.557436852766998, 47.242685469089722 ], [ 8.547580329888701, 47.248294986857239 ], [ 8.535575471570299, 47.261336340589686 ], [ 8.532053727868069, 47.266164359191521 ], [ 8.524581082617388, 47.267809191721668 ], [ 8.52163349719498, 47.265174284497341 ], [ 8.518554639112963, 47.266489510062812 ], [ 8.515361425108164, 47.273283901766568 ], [ 8.511254299449501, 47.270155817597789 ], [ 8.503951818966858, 47.273102041460128 ], [ 8.508405584049298, 47.274410105122726 ], [ 8.509842713137747, 47.276870483414271 ], [ 8.508170634740823, 47.27785750315482 ], [ 8.510951930216507, 47.279450832797778 ], [ 8.51135224165683, 47.282928306029653 ], [ 8.506744352637538, 47.285849583485145 ], [ 8.509881276223199, 47.28735868666859 ], [ 8.509791357857432, 47.294079021543212 ], [ 8.506618209943518, 47.299370694289379 ], [ 8.508863631606419, 47.30254320961086 ], [ 8.507204438056931, 47.30553602746388 ], [ 8.510059494415954, 47.308756840149343 ], [ 8.503133304831969, 47.320226922999026 ], [ 8.523758570714117, 47.32424459365744 ], [ 8.524272433318684, 47.326092781884135 ], [ 8.529762106596204, 47.32605899974665 ], [ 8.533107826838636, 47.329859297107149 ], [ 8.536249192387009, 47.330135303219812 ], [ 8.544150759823722, 47.336014748394426 ], [ 8.557279574105726, 47.315936682540979 ], [ 8.563275672127805, 47.302952071999705 ], [ 8.581611365818013, 47.282900953563185 ] ] ] } },
{ "type": "Feature", "properties": { "bezirk_id": "B_107" }, "geometry": { "type": "Polygon", "coordinates": [ [ [ 8.624813923505274, 47.35439207552804 ], [ 8.626287610153518, 47.349834276330448 ], [ 8.629980332775158, 47.34864482300614 ], [ 8.631133651606365, 47.343991304711466 ], [ 8.635023455847643, 47.345120455237861 ], [ 8.635512286979214, 47.341544219998418 ], [ 8.646035617380706, 47.336388196372035 ], [ 8.64433904701929, 47.333923195410833 ], [ 8.6462995251485, 47.32992671573394 ], [ 8.650234448227772, 47.326665099226481 ], [ 8.653475286561802, 47.326640021906243 ], [ 8.658938776823835, 47.313889742340763 ], [ 8.654747844593858, 47.310497714780439 ], [ 8.656176912241085, 47.308206776689595 ], [ 8.662081905678878, 47.300983855226072 ], [ 8.666999502294219, 47.299186449833918 ], [ 8.676846865021373, 47.288178497958498 ], [ 8.683033482922896, 47.287581157742643 ], [ 8.684026877000864, 47.284260044654715 ], [ 8.684322871821635, 47.282214839794349 ], [ 8.688218002918902, 47.282019764050176 ], [ 8.69013926933231, 47.277699006249918 ], [ 8.694093458006247, 47.275533036821273 ], [ 8.702111864998791, 47.278126144829344 ], [ 8.706970584736785, 47.276219682145317 ], [ 8.712992081633489, 47.283727644708293 ], [ 8.717125325117525, 47.283537955538222 ], [ 8.723616977475908, 47.287963634944937 ], [ 8.727461142296477, 47.285644819252958 ], [ 8.728478942124728, 47.287279650964869 ], [ 8.736731816799475, 47.285234963907264 ], [ 8.737050445727434, 47.282028898501693 ], [ 8.732341403872697, 47.281362178023052 ], [ 8.740754046619683, 47.276697632906306 ], [ 8.739857731322253, 47.272461758840358 ], [ 8.746709931653927, 47.267841337571049 ], [ 8.766699888031194, 47.2702665035142 ], [ 8.780869840026657, 47.265604442075634 ], [ 8.784921057744542, 47.257505886005504 ], [ 8.790311970647116, 47.254887943695117 ], [ 8.790260549619148, 47.252333711191973 ], [ 8.794045134617578, 47.251524601244142 ], [ 8.795782666384985, 47.248670433813068 ], [ 8.809226849587194, 47.247962532225735 ], [ 8.802591351029381, 47.246790842949132 ], [ 8.799352663004431, 47.242043299561686 ], [ 8.796549445366237, 47.242454205971633 ], [ 8.795751122271058, 47.23910812698 ], [ 8.787588020522064, 47.234400178875809 ], [ 8.77447430811856, 47.234463050961899 ], [ 8.736456094471521, 47.233107507108464 ], [ 8.715216524664555, 47.23909317435119 ], [ 8.707333404989736, 47.245873112982963 ], [ 8.689735386584386, 47.251435995442044 ], [ 8.686645011311054, 47.25487888022635 ], [ 8.677931464355867, 47.257446730968248 ], [ 8.667161023100711, 47.260818477865605 ], [ 8.659775137700953, 47.263739592144184 ], [ 8.651578361316384, 47.264158982011843 ], [ 8.647279588441876, 47.26690282181108 ], [ 8.639614633721029, 47.266901979132378 ], [ 8.635579083109187, 47.26963363324181 ], [ 8.627160785734631, 47.271429893691625 ], [ 8.616699117794537, 47.276484821883614 ], [ 8.609299204876743, 47.282605177947154 ], [ 8.597521982317215, 47.293617654693492 ], [ 8.596258869808374, 47.297561348458395 ], [ 8.589743536614392, 47.301404634813778 ], [ 8.586398384690963, 47.306961147445129 ], [ 8.578780405850164, 47.314376916502248 ], [ 8.570668843642792, 47.331673849458753 ], [ 8.562455803814013, 47.345660808443583 ], [ 8.578509046679399, 47.348732722938863 ], [ 8.586790723932022, 47.352860450427833 ], [ 8.603028710355556, 47.350889775147714 ], [ 8.605126433501779, 47.353603173630006 ], [ 8.624813923505274, 47.35439207552804 ] ] ] } },
{ "type": "Feature", "properties": { "bezirk_id": "B_108" }, "geometry": { "type": "Polygon", "coordinates": [ [ [ 8.756372030236006, 47.467657065130624 ], [ 8.760237946361732, 47.460407756222232 ], [ 8.772650508702798, 47.455551736132009 ], [ 8.789815223813747, 47.450962762742776 ], [ 8.784441240047206, 47.440878639489434 ], [ 8.793292412095504, 47.440127618280194 ], [ 8.795558846499189, 47.435414431478954 ], [ 8.803066135967178, 47.430634957915693 ], [ 8.805941998667596, 47.432926307211176 ], [ 8.803543685721035, 47.436076064231614 ], [ 8.807812255398394, 47.43502710114528 ], [ 8.812692666446234, 47.438684327606843 ], [ 8.815560238135182, 47.43472819453595 ], [ 8.823107306355974, 47.434862956565532 ], [ 8.823416407844141, 47.432475451093779 ], [ 8.830687572798487, 47.436265191236821 ], [ 8.827775855556242, 47.437982366184926 ], [ 8.830770514989119, 47.439943347118778 ], [ 8.84118753084454, 47.439772483956304 ], [ 8.842064109660093, 47.432286573526362 ], [ 8.84546815436148, 47.425651467549663 ], [ 8.848164971245968, 47.428380251239211 ], [ 8.853553892631291, 47.428694021648212 ], [ 8.856665495985526, 47.42772347082137 ], [ 8.852922703864428, 47.423899719837706 ], [ 8.857009037815606, 47.421598123604049 ], [ 8.868443825027438, 47.421852284621927 ], [ 8.864646130858647, 47.416151002693837 ], [ 8.854731672444181, 47.416605741654621 ], [ 8.856239013904885, 47.414482291765971 ], [ 8.852619229585756, 47.413914933974397 ], [ 8.860256613746065, 47.409098537318812 ], [ 8.877356682021336, 47.408823937157237 ], [ 8.882983763870239, 47.41109261827409 ], [ 8.892705658843873, 47.403144438237149 ], [ 8.897961918611577, 47.401548897720275 ], [ 8.90389243176355, 47.402453398591774 ], [ 8.906171307812409, 47.401354961335223 ], [ 8.919903439976972, 47.399650443587902 ], [ 8.941813884604436, 47.387313015894684 ], [ 8.943708618601621, 47.384049827906246 ], [ 8.940531487312446, 47.379413327746811 ], [ 8.943635580348852, 47.375837531228626 ], [ 8.935410629048379, 47.371563429144999 ], [ 8.930611408924353, 47.364743677263931 ], [ 8.924074362330071, 47.363928375246495 ], [ 8.919962485987485, 47.358898525804143 ], [ 8.914434447394553, 47.360066822589054 ], [ 8.912416434729904, 47.358905145134862 ], [ 8.912531045745064, 47.352516600126684 ], [ 8.910589206139017, 47.351704759571327 ], [ 8.913351958752743, 47.347738284923885 ], [ 8.908053496457205, 47.349515080472763 ], [ 8.905055029460234, 47.35262980586392 ], [ 8.898619137765506, 47.352054686144584 ], [ 8.895898575017538, 47.354706858768864 ], [ 8.888909806301619, 47.351331469486894 ], [ 8.886036884001745, 47.353751426794972 ], [ 8.882933738253717, 47.352081084790079 ], [ 8.878852883890255, 47.355370568193436 ], [ 8.871909495814558, 47.356599449698798 ], [ 8.866756392068844, 47.361907853292493 ], [ 8.858892517044058, 47.363911956291332 ], [ 8.860302090805435, 47.365630789796192 ], [ 8.856832375358206, 47.36510672634526 ], [ 8.853294182599365, 47.354517148311679 ], [ 8.8472378736879, 47.353763595501583 ], [ 8.836161382788735, 47.346314805092021 ], [ 8.826757443849818, 47.346059456113714 ], [ 8.824646775901195, 47.347856979037275 ], [ 8.822946720182479, 47.345592464980655 ], [ 8.82074111081333, 47.346284580005765 ], [ 8.821424763025973, 47.344576199281043 ], [ 8.828870517022889, 47.339790973959644 ], [ 8.817793954607806, 47.337243139097275 ], [ 8.810113163538213, 47.339088838595892 ], [ 8.80882884304917, 47.338033602733844 ], [ 8.804990990081491, 47.34009414349827 ], [ 8.802082708695268, 47.339183988322844 ], [ 8.800046959139154, 47.340827246276135 ], [ 8.795650100316101, 47.339664608462925 ], [ 8.779184936857632, 47.349050579880249 ], [ 8.770984962460066, 47.354075110515289 ], [ 8.756935686650174, 47.34961266497136 ], [ 8.751448475227456, 47.359525343971967 ], [ 8.751751609834248, 47.362157593093968 ], [ 8.755382444101613, 47.363897363921438 ], [ 8.750792037436499, 47.369967629959248 ], [ 8.747579710895517, 47.369644264167448 ], [ 8.742452426635445, 47.37223000287301 ], [ 8.743393073330754, 47.374954011397101 ], [ 8.74069998323305, 47.378006887774042 ], [ 8.73103972343076, 47.382676082292349 ], [ 8.728869281734898, 47.382196600771096 ], [ 8.724669154619317, 47.387613712406306 ], [ 8.727344746957064, 47.388708324659447 ], [ 8.731281647431281, 47.387189088896022 ], [ 8.728674797132193, 47.391122245230065 ], [ 8.733532359479975, 47.392597125599224 ], [ 8.730926402931795, 47.393840685608211 ], [ 8.716464100341804, 47.397302849687861 ], [ 8.716452665124528, 47.394064636560799 ], [ 8.712227937289514, 47.39411128352063 ], [ 8.710988622347651, 47.397687107263572 ], [ 8.700276157900417, 47.402940913614103 ], [ 8.699068544119026, 47.401739721232133 ], [ 8.695604576270267, 47.405978269984764 ], [ 8.691747289578473, 47.407603334660372 ], [ 8.688510729637752, 47.406891772834953 ], [ 8.683073927898519, 47.412383597420593 ], [ 8.676208831185694, 47.410640264223574 ], [ 8.672306165710504, 47.415494449987399 ], [ 8.669792255793849, 47.414522780947792 ], [ 8.658529696528365, 47.419805450694859 ], [ 8.661358219482018, 47.422932887589198 ], [ 8.655660549641896, 47.427643524295334 ], [ 8.656662542081628, 47.433200989176243 ], [ 8.660271839611854, 47.433351811336976 ], [ 8.658545935226785, 47.435555859680207 ], [ 8.660771928038617, 47.436656750857011 ], [ 8.660766605866803, 47.441622136618719 ], [ 8.663296556309513, 47.442090106651051 ], [ 8.663029623485043, 47.447777867340015 ], [ 8.671500257317629, 47.448803284644015 ], [ 8.678598422669566, 47.452946135447689 ], [ 8.673060519467272, 47.460615249691841 ], [ 8.685173234968147, 47.467537551776751 ], [ 8.692864355778573, 47.467418453341054 ], [ 8.706426160760225, 47.466497059960005 ], [ 8.707071077165613, 47.462945894261487 ], [ 8.702363404832056, 47.458526812615474 ], [ 8.70779495941914, 47.458260459695701 ], [ 8.706440432666122, 47.450953220647605 ], [ 8.709544583375436, 47.449884703920141 ], [ 8.710837230213389, 47.451813459968797 ], [ 8.714848035923287, 47.449844297120066 ], [ 8.714525124201471, 47.452969202287434 ], [ 8.718561755616809, 47.456486712613412 ], [ 8.717826450682169, 47.461208335090269 ], [ 8.721769609879171, 47.460265145346334 ], [ 8.728792573266551, 47.461626269947516 ], [ 8.732655600748732, 47.457940054564716 ], [ 8.736106433958071, 47.463478446767674 ], [ 8.748527348976921, 47.461539425549446 ], [ 8.753478866742588, 47.46867945802024 ], [ 8.756372030236006, 47.467657065130624 ] ] ] } },
{ "type": "Feature", "properties": { "bezirk_id": "B_109" }, "geometry": { "type": "Polygon", "coordinates": [ [ [ 8.658529696528365, 47.419805450694859 ], [ 8.669792255793849, 47.414522780947792 ], [ 8.672306165710504, 47.415494449987399 ], [ 8.676208831185694, 47.410640264223574 ], [ 8.683073927898519, 47.412383597420593 ], [ 8.688510729637752, 47.406891772834953 ], [ 8.691747289578473, 47.407603334660372 ], [ 8.695604576270267, 47.405978269984764 ], [ 8.699068544119026, 47.401739721232133 ], [ 8.700276157900417, 47.402940913614103 ], [ 8.710988622347651, 47.397687107263572 ], [ 8.712227937289514, 47.39411128352063 ], [ 8.716452665124528, 47.394064636560799 ], [ 8.716464100341804, 47.397302849687861 ], [ 8.730926402931795, 47.393840685608211 ], [ 8.733532359479975, 47.392597125599224 ], [ 8.728674797132193, 47.391122245230065 ], [ 8.731281647431281, 47.387189088896022 ], [ 8.727344746957064, 47.388708324659447 ], [ 8.724669154619317, 47.387613712406306 ], [ 8.728869281734898, 47.382196600771096 ], [ 8.73103972343076, 47.382676082292349 ], [ 8.74069998323305, 47.378006887774042 ], [ 8.743393073330754, 47.374954011397101 ], [ 8.742452426635445, 47.37223000287301 ], [ 8.747579710895517, 47.369644264167448 ], [ 8.750792037436499, 47.369967629959248 ], [ 8.755382444101613, 47.363897363921438 ], [ 8.751751609834248, 47.362157593093968 ], [ 8.751448475227456, 47.359525343971967 ], [ 8.756935686650174, 47.34961266497136 ], [ 8.754653790035722, 47.349935556034652 ], [ 8.753618608506303, 47.345530518320359 ], [ 8.76048837120592, 47.341287083007245 ], [ 8.755968921235597, 47.335662518846569 ], [ 8.757658968342607, 47.330695615519382 ], [ 8.763567538632117, 47.330457009387096 ], [ 8.763729944528508, 47.3268748722124 ], [ 8.757407849306089, 47.327496035686195 ], [ 8.745387832414286, 47.324529291922417 ], [ 8.741094423813575, 47.321537312883628 ], [ 8.741823678301733, 47.317813878584211 ], [ 8.734473664301644, 47.314748196070923 ], [ 8.736985920845829, 47.31253400695681 ], [ 8.729469056058065, 47.308543338442021 ], [ 8.740919428898328, 47.303529981738052 ], [ 8.737478572802264, 47.301256892114019 ], [ 8.740133699861383, 47.297340822301173 ], [ 8.736092081038866, 47.294813595692212 ], [ 8.735783357401349, 47.296256379344378 ], [ 8.72900545010379, 47.295387871673576 ], [ 8.726724499728656, 47.292372832135626 ], [ 8.730276532490651, 47.289994220505051 ], [ 8.737114672047911, 47.289017848927109 ], [ 8.736731816799475, 47.285234963907264 ], [ 8.728478942124728, 47.287279650964869 ], [ 8.727461142296477, 47.285644819252958 ], [ 8.723616977475908, 47.287963634944937 ], [ 8.717125325117525, 47.283537955538222 ], [ 8.712992081633489, 47.283727644708293 ], [ 8.706970584736785, 47.276219682145317 ], [ 8.702111864998791, 47.278126144829344 ], [ 8.694093458006247, 47.275533036821273 ], [ 8.69013926933231, 47.277699006249918 ], [ 8.688218002918902, 47.282019764050176 ], [ 8.684322871821635, 47.282214839794349 ], [ 8.684026877000864, 47.284260044654715 ], [ 8.683033482922896, 47.287581157742643 ], [ 8.676846865021373, 47.288178497958498 ], [ 8.666999502294219, 47.299186449833918 ], [ 8.662081905678878, 47.300983855226072 ], [ 8.656176912241085, 47.308206776689595 ], [ 8.654747844593858, 47.310497714780439 ], [ 8.658938776823835, 47.313889742340763 ], [ 8.653475286561802, 47.326640021906243 ], [ 8.650234448227772, 47.326665099226481 ], [ 8.6462995251485, 47.32992671573394 ], [ 8.64433904701929, 47.333923195410833 ], [ 8.646035617380706, 47.336388196372035 ], [ 8.635512286979214, 47.341544219998418 ], [ 8.635023455847643, 47.345120455237861 ], [ 8.631133651606365, 47.343991304711466 ], [ 8.629980332775158, 47.34864482300614 ], [ 8.626287610153518, 47.349834276330448 ], [ 8.624813923505274, 47.35439207552804 ], [ 8.621394616012566, 47.357188719077591 ], [ 8.621681468754579, 47.359974329718263 ], [ 8.614803319183345, 47.361438865904091 ], [ 8.61772964637006, 47.366851178414485 ], [ 8.616399402897107, 47.368366965184677 ], [ 8.612011192892609, 47.366909420968369 ], [ 8.606118748926203, 47.368696230686396 ], [ 8.589589528251695, 47.383794198783406 ], [ 8.593086257706913, 47.385639305760641 ], [ 8.58698988845436, 47.387921874240632 ], [ 8.586984983873325, 47.390152727173188 ], [ 8.583067003092445, 47.389049214708741 ], [ 8.584358524065717, 47.391824917351364 ], [ 8.590038451985254, 47.394763848159791 ], [ 8.588191787685274, 47.395744716954631 ], [ 8.59623527552457, 47.396464987718375 ], [ 8.59770794929187, 47.398393182541973 ], [ 8.594705056955537, 47.399205842570119 ], [ 8.596120901867771, 47.401566392301994 ], [ 8.593763547161236, 47.40221964006885 ], [ 8.596380854229995, 47.405602612086859 ], [ 8.60638704118664, 47.403909797801987 ], [ 8.605850157850188, 47.405408418997773 ], [ 8.609089071392308, 47.406886850410743 ], [ 8.611250494374278, 47.405758534984578 ], [ 8.614799287022596, 47.408061219310468 ], [ 8.618902087919919, 47.407245808993729 ], [ 8.6234431134648, 47.406479730912771 ], [ 8.628839702417121, 47.408430210096633 ], [ 8.622152595405463, 47.424132469330715 ], [ 8.624706663898534, 47.428711804762763 ], [ 8.628266584244962, 47.429637710803419 ], [ 8.632256166929244, 47.430801942150161 ], [ 8.633169029613224, 47.427176467303795 ], [ 8.642659015864101, 47.425971623389096 ], [ 8.648556330854497, 47.423885006012966 ], [ 8.650017412783223, 47.420812475557327 ], [ 8.658529696528365, 47.419805450694859 ] ], [ [ 8.653744890643569, 47.371002508085972 ], [ 8.652908838467877, 47.363365252449626 ], [ 8.657550481829961, 47.357919123797657 ], [ 8.664072796890116, 47.353712200127795 ], [ 8.668563539830316, 47.34754755905896 ], [ 8.675144188447554, 47.345948033374057 ], [ 8.682377792993211, 47.338314126337153 ], [ 8.69074212711444, 47.322571488390743 ], [ 8.697224255349507, 47.321439488910663 ], [ 8.700352856023697, 47.326190953230949 ], [ 8.706195307045691, 47.327080450927227 ], [ 8.707767961131127, 47.332010718149462 ], [ 8.692086320692109, 47.340368018412924 ], [ 8.688611394207062, 47.353026348133767 ], [ 8.680816085696929, 47.362168879454245 ], [ 8.67368162986536, 47.365087953655205 ], [ 8.666165532241871, 47.372166492770148 ], [ 8.66254396321189, 47.373608202903334 ], [ 8.6562689862255, 47.372523123518931 ], [ 8.653744890643569, 47.371002508085972 ] ] ] } },
{ "type": "Feature", "properties": { "bezirk_id": "B_110" }, "geometry": { "type": "Polygon", "coordinates": [ [ [ 8.810254292055019, 47.570952350850149 ], [ 8.816849526506202, 47.57002859069928 ], [ 8.81760163260088, 47.571863630993235 ], [ 8.821876295017852, 47.571659786180192 ], [ 8.822419900353394, 47.573137482094857 ], [ 8.829747149633862, 47.571232781077796 ], [ 8.830719317596394, 47.573838675622135 ], [ 8.838634122544871, 47.571035839455398 ], [ 8.839125083867877, 47.56546194144213 ], [ 8.844653080906129, 47.565934722088542 ], [ 8.844209413819485, 47.563232571113012 ], [ 8.851052018563845, 47.563671104178297 ], [ 8.851067275560686, 47.560747496150341 ], [ 8.841999362269503, 47.560066081647463 ], [ 8.838871081231202, 47.557342414476985 ], [ 8.82948207684962, 47.557563419081838 ], [ 8.830156268917971, 47.553372592950737 ], [ 8.834296366864898, 47.543050334927557 ], [ 8.84111783626334, 47.537256010143253 ], [ 8.840894821434567, 47.532833065667049 ], [ 8.867793385204108, 47.530444392607727 ], [ 8.873690968851221, 47.529480939357505 ], [ 8.88019351642982, 47.526836525887447 ], [ 8.883437943207477, 47.529422731847148 ], [ 8.887576970427142, 47.528273596950001 ], [ 8.898724303858929, 47.524085692614229 ], [ 8.895052308171707, 47.519481324794782 ], [ 8.897638350714935, 47.511137029305338 ], [ 8.894858471185385, 47.502716338260605 ], [ 8.892833131350244, 47.48836707933625 ], [ 8.896693666489298, 47.487832751131492 ], [ 8.897479752595876, 47.485043241168597 ], [ 8.885327180066726, 47.481741540581588 ], [ 8.884774318408624, 47.477025826195629 ], [ 8.880902975910899, 47.474690344143937 ], [ 8.884468223447243, 47.473575384161748 ], [ 8.883659674188786, 47.470185187627777 ], [ 8.890601163426544, 47.469324664643608 ], [ 8.893486378996196, 47.463738174178374 ], [ 8.895610478170719, 47.463315636527938 ], [ 8.900363777967687, 47.454305077320775 ], [ 8.908854571090739, 47.448161399729074 ], [ 8.902646951861621, 47.444255096249343 ], [ 8.906845676794862, 47.438795484464222 ], [ 8.921679638852947, 47.434890949962373 ], [ 8.93272848293182, 47.435540313737434 ], [ 8.930820397855664, 47.431795753745675 ], [ 8.919233026764299, 47.432727361124122 ], [ 8.913473731980179, 47.431568568715889 ], [ 8.910626588130574, 47.434078664715109 ], [ 8.90771518438466, 47.430427473855055 ], [ 8.912941509097488, 47.428148002105672 ], [ 8.914975909748275, 47.426912409787271 ], [ 8.91136579894725, 47.422941590312121 ], [ 8.914772678243267, 47.418652155734691 ], [ 8.912726975620048, 47.412741087495512 ], [ 8.90389243176355, 47.402453398591774 ], [ 8.897961918611577, 47.401548897720275 ], [ 8.892705658843873, 47.403144438237149 ], [ 8.882983763870239, 47.41109261827409 ], [ 8.877356682021336, 47.408823937157237 ], [ 8.860256613746065, 47.409098537318812 ], [ 8.852619229585756, 47.413914933974397 ], [ 8.856239013904885, 47.414482291765971 ], [ 8.854731672444181, 47.416605741654621 ], [ 8.864646130858647, 47.416151002693837 ], [ 8.868443825027438, 47.421852284621927 ], [ 8.857009037815606, 47.421598123604049 ], [ 8.852922703864428, 47.423899719837706 ], [ 8.856665495985526, 47.42772347082137 ], [ 8.853553892631291, 47.428694021648212 ], [ 8.848164971245968, 47.428380251239211 ], [ 8.84546815436148, 47.425651467549663 ], [ 8.842064109660093, 47.432286573526362 ], [ 8.84118753084454, 47.439772483956304 ], [ 8.830770514989119, 47.439943347118778 ], [ 8.827775855556242, 47.437982366184926 ], [ 8.830687572798487, 47.436265191236821 ], [ 8.823416407844141, 47.432475451093779 ], [ 8.823107306355974, 47.434862956565532 ], [ 8.815560238135182, 47.43472819453595 ], [ 8.812692666446234, 47.438684327606843 ], [ 8.807812255398394, 47.43502710114528 ], [ 8.803543685721035, 47.436076064231614 ], [ 8.805941998667596, 47.432926307211176 ], [ 8.803066135967178, 47.430634957915693 ], [ 8.795558846499189, 47.435414431478954 ], [ 8.793292412095504, 47.440127618280194 ], [ 8.784441240047206, 47.440878639489434 ], [ 8.789815223813747, 47.450962762742776 ], [ 8.772650508702798, 47.455551736132009 ], [ 8.760237946361732, 47.460407756222232 ], [ 8.756372030236006, 47.467657065130624 ], [ 8.753478866742588, 47.46867945802024 ], [ 8.748527348976921, 47.461539425549446 ], [ 8.736106433958071, 47.463478446767674 ], [ 8.732655600748732, 47.457940054564716 ], [ 8.728792573266551, 47.461626269947516 ], [ 8.721769609879171, 47.460265145346334 ], [ 8.717826450682169, 47.461208335090269 ], [ 8.718561755616809, 47.456486712613412 ], [ 8.714525124201471, 47.452969202287434 ], [ 8.714848035923287, 47.449844297120066 ], [ 8.710837230213389, 47.451813459968797 ], [ 8.709544583375436, 47.449884703920141 ], [ 8.706440432666122, 47.450953220647605 ], [ 8.70779495941914, 47.458260459695701 ], [ 8.702363404832056, 47.458526812615474 ], [ 8.707071077165613, 47.462945894261487 ], [ 8.706426160760225, 47.466497059960005 ], [ 8.692864355778573, 47.467418453341054 ], [ 8.685173234968147, 47.467537551776751 ], [ 8.673060519467272, 47.460615249691841 ], [ 8.668979226592947, 47.463078410903442 ], [ 8.665944507020455, 47.462049221845398 ], [ 8.65230199494194, 47.471619971107785 ], [ 8.655597557403929, 47.474760611762875 ], [ 8.652581863768052, 47.480396192492826 ], [ 8.655158219060718, 47.481655428726256 ], [ 8.651512126837472, 47.48468903603861 ], [ 8.660828072377804, 47.489916088686449 ], [ 8.658294096800267, 47.497471626378839 ], [ 8.655602634902845, 47.497598894928657 ], [ 8.65589316303161, 47.499853579157552 ], [ 8.653155149602698, 47.500853790333053 ], [ 8.647918770129458, 47.499397449349956 ], [ 8.638185443375496, 47.500982870500309 ], [ 8.635806583809925, 47.508518251362695 ], [ 8.632045595587234, 47.507747532340119 ], [ 8.63193038441328, 47.505571951931621 ], [ 8.629651307371999, 47.506350989082776 ], [ 8.627530028792105, 47.51062737398172 ], [ 8.619441663668109, 47.514065217837569 ], [ 8.625194069356528, 47.518386922784892 ], [ 8.617881057117636, 47.521519859618053 ], [ 8.612921617161227, 47.523630061266729 ], [ 8.610687814641759, 47.52229446787149 ], [ 8.606166613964204, 47.523212625839832 ], [ 8.611021009219273, 47.526563633712186 ], [ 8.607538238088177, 47.52761524278155 ], [ 8.612343201527599, 47.535320172626072 ], [ 8.620997109105653, 47.537435904301113 ], [ 8.630425349338067, 47.531996383499745 ], [ 8.629610590211216, 47.528235928539743 ], [ 8.63467759063156, 47.527374186486334 ], [ 8.637218320192243, 47.53239859771525 ], [ 8.641839672724519, 47.532831849011544 ], [ 8.642550355947566, 47.536647271931791 ], [ 8.648599712989597, 47.538068401494726 ], [ 8.652838351793896, 47.542197663691724 ], [ 8.645986711001761, 47.545831206611282 ], [ 8.646043525114649, 47.547161846027322 ], [ 8.650467358070889, 47.545991315812316 ], [ 8.646515051100772, 47.554460704435442 ], [ 8.650582219451215, 47.555101848551011 ], [ 8.648950925850983, 47.558150136141727 ], [ 8.655795349140828, 47.557619727639697 ], [ 8.655974367402651, 47.559632679348056 ], [ 8.65989575151648, 47.559690370373929 ], [ 8.660378388156863, 47.562185834310981 ], [ 8.667420036057234, 47.562120394262621 ], [ 8.669403980373419, 47.559994561942332 ], [ 8.673278327844226, 47.560313149305671 ], [ 8.675870848512254, 47.557515100330725 ], [ 8.677399759089599, 47.558119412132307 ], [ 8.676653690499922, 47.555186074959558 ], [ 8.679786957266833, 47.550529211473773 ], [ 8.681628027415815, 47.549717931057792 ], [ 8.683780425066342, 47.55312186469191 ], [ 8.687483287838146, 47.552380422165982 ], [ 8.691584570236863, 47.553325588263924 ], [ 8.69124809462579, 47.558213433106211 ], [ 8.69401279380048, 47.558246484259961 ], [ 8.692971508174114, 47.563105979422332 ], [ 8.698036264984182, 47.562610312922423 ], [ 8.700908848935789, 47.564935716135103 ], [ 8.698832760771703, 47.567054102602263 ], [ 8.702789344835743, 47.571913206206595 ], [ 8.705385452819403, 47.572091749095755 ], [ 8.706275230610613, 47.574843435112349 ], [ 8.708873379090607, 47.574545153175904 ], [ 8.709312789713541, 47.58124147733308 ], [ 8.714684448190086, 47.576855975371608 ], [ 8.716934288013453, 47.578099463070238 ], [ 8.723186388934797, 47.573883737435061 ], [ 8.730362437783922, 47.572175931582848 ], [ 8.734166038688581, 47.575533551450242 ], [ 8.74191450237746, 47.570616448128547 ], [ 8.74226949823848, 47.57370670154873 ], [ 8.745130699582262, 47.574385089180367 ], [ 8.747872066724815, 47.572357294119151 ], [ 8.750029997568381, 47.574698564231255 ], [ 8.753885744922735, 47.570445262943913 ], [ 8.757271950737573, 47.570856540504565 ], [ 8.757037353799177, 47.569438009413403 ], [ 8.762356766454138, 47.567425483961827 ], [ 8.768553802388219, 47.567039726184078 ], [ 8.76547968979532, 47.574324883014448 ], [ 8.762503678186722, 47.57491659122342 ], [ 8.764759214155649, 47.580602588471407 ], [ 8.762006942499932, 47.592849092330688 ], [ 8.797908010850024, 47.585031012753376 ], [ 8.806036144849946, 47.583154437303087 ], [ 8.802236309317395, 47.582731448638278 ], [ 8.801169907264756, 47.580549209952473 ], [ 8.806248685866459, 47.579535943879996 ], [ 8.804817518070291, 47.575064310877636 ], [ 8.808202222267465, 47.57435874278643 ], [ 8.807492036241698, 47.571560683894354 ], [ 8.810254292055019, 47.570952350850149 ] ] ] } },
{ "type": "Feature", "properties": { "bezirk_id": "B_111" }, "geometry": { "type": "Polygon", "coordinates": [ [ [ 8.416003941561319, 47.434594886391032 ], [ 8.418145044210334, 47.434243965662702 ], [ 8.444624133842172, 47.428241988324956 ], [ 8.450376827455226, 47.426149967695999 ], [ 8.453173134307525, 47.421259242761323 ], [ 8.462497193336715, 47.418865363753469 ], [ 8.469734736715619, 47.418261348768652 ], [ 8.474841007727338, 47.421193012095507 ], [ 8.476981458014604, 47.420175373674226 ], [ 8.469218198824995, 47.416907722752157 ], [ 8.468089715031983, 47.413373779707825 ], [ 8.472728552116248, 47.41068786726423 ], [ 8.473950972414931, 47.412224054364323 ], [ 8.477258079082626, 47.411933535286735 ], [ 8.475439165461157, 47.409710123333234 ], [ 8.478147645339345, 47.403875057148412 ], [ 8.467664155886782, 47.40300640777334 ], [ 8.466149801676346, 47.400051546114234 ], [ 8.468061574762759, 47.399575790682938 ], [ 8.465406452952882, 47.39860096939379 ], [ 8.473669554803889, 47.396377462598323 ], [ 8.47173646795906, 47.393012647280635 ], [ 8.465348817555846, 47.394922540991772 ], [ 8.467399570227782, 47.390676663054649 ], [ 8.465267128711609, 47.391370251837905 ], [ 8.461785056934765, 47.388693646864155 ], [ 8.458417653757303, 47.382300995200893 ], [ 8.448034399554048, 47.380188405513977 ], [ 8.470268265557889, 47.373965340463428 ], [ 8.464276513441144, 47.366741710895738 ], [ 8.469553805075391, 47.36440998394113 ], [ 8.47103338210052, 47.361509351483953 ], [ 8.482674405268687, 47.35902999694104 ], [ 8.486904945629513, 47.352686100818197 ], [ 8.479903113778569, 47.354728376867996 ], [ 8.474534021972483, 47.35362529489236 ], [ 8.468963947205001, 47.350328955264558 ], [ 8.469267692483966, 47.34823938119353 ], [ 8.461520213598778, 47.350053324435578 ], [ 8.454964874980025, 47.347079868427329 ], [ 8.455802944806074, 47.343834255731949 ], [ 8.461544388496536, 47.339582813138435 ], [ 8.461546729035025, 47.336254598391676 ], [ 8.455261547058534, 47.334870903834492 ], [ 8.454132580453704, 47.334646968195479 ], [ 8.449859200146868, 47.330483764335767 ], [ 8.442048248646417, 47.327412636571459 ], [ 8.434772520149675, 47.325325828987836 ], [ 8.432781077954072, 47.32636844223817 ], [ 8.429145805035192, 47.32723624182988 ], [ 8.416275353966208, 47.324467548765405 ], [ 8.412593386479124, 47.32858244404121 ], [ 8.416440611406763, 47.337095230024872 ], [ 8.407380988961259, 47.341714103347314 ], [ 8.403842812916938, 47.346565067369575 ], [ 8.4068248193947, 47.35190112696317 ], [ 8.409331696886406, 47.355100291815482 ], [ 8.407354004599146, 47.355530668232056 ], [ 8.405007123804634, 47.364077570638209 ], [ 8.408126990188098, 47.366740920995788 ], [ 8.407142810153967, 47.370140276568868 ], [ 8.400370717750107, 47.370529669383572 ], [ 8.399588022586082, 47.374853752349182 ], [ 8.394154397023101, 47.381986812544575 ], [ 8.396552259661934, 47.393822222744603 ], [ 8.392004621398264, 47.39581171276712 ], [ 8.383260949008507, 47.394273429796222 ], [ 8.379937434421596, 47.399598508539533 ], [ 8.36618769796905, 47.398918122339303 ], [ 8.362352705344318, 47.402366861007529 ], [ 8.365825806092172, 47.402482971515532 ], [ 8.367424878312915, 47.400734135237101 ], [ 8.36896424624838, 47.403159349888391 ], [ 8.375842546143264, 47.404794811761967 ], [ 8.379244883118343, 47.402392543666195 ], [ 8.384599063853925, 47.406225620697647 ], [ 8.381203642141895, 47.41051689689256 ], [ 8.384956550933683, 47.414416967521191 ], [ 8.381742741632568, 47.416269170867466 ], [ 8.383707236230602, 47.417944150376542 ], [ 8.386949339370211, 47.416190604328875 ], [ 8.392088569761974, 47.420492825205123 ], [ 8.387681123234049, 47.428255595627476 ], [ 8.376978798711479, 47.429440287575275 ], [ 8.374682447506194, 47.432274249606948 ], [ 8.377108520135216, 47.433792688742621 ], [ 8.382859328182064, 47.432909371785868 ], [ 8.383916135892255, 47.434942545517394 ], [ 8.398453997237382, 47.434687893255486 ], [ 8.40114188147307, 47.437444936598688 ], [ 8.403570245989449, 47.436840043888921 ], [ 8.416003941561319, 47.434594886391032 ] ] ] } },
{ "type": "Feature", "properties": { "bezirk_id": "B_112" }, "geometry": { "type": "Polygon", "coordinates": [ [ [ 8.536249192387009, 47.330135303219812 ], [ 8.533107826838636, 47.329859297107149 ], [ 8.529762106596204, 47.32605899974665 ], [ 8.524272433318684, 47.326092781884135 ], [ 8.523758570714117, 47.32424459365744 ], [ 8.503133304831969, 47.320226922999026 ], [ 8.500642628775783, 47.322696572232438 ], [ 8.502043273486734, 47.336554275719848 ], [ 8.497640966470852, 47.342090796582895 ], [ 8.498412646743686, 47.344296524669694 ], [ 8.486904945629513, 47.352686100818197 ], [ 8.482674405268687, 47.35902999694104 ], [ 8.47103338210052, 47.361509351483953 ], [ 8.469553805075391, 47.36440998394113 ], [ 8.464276513441144, 47.366741710895738 ], [ 8.470268265557889, 47.373965340463428 ], [ 8.448034399554048, 47.380188405513977 ], [ 8.458417653757303, 47.382300995200893 ], [ 8.461785056934765, 47.388693646864155 ], [ 8.465267128711609, 47.391370251837905 ], [ 8.467399570227782, 47.390676663054649 ], [ 8.465348817555846, 47.394922540991772 ], [ 8.47173646795906, 47.393012647280635 ], [ 8.473669554803889, 47.396377462598323 ], [ 8.465406452952882, 47.39860096939379 ], [ 8.468061574762759, 47.399575790682938 ], [ 8.466149801676346, 47.400051546114234 ], [ 8.467664155886782, 47.40300640777334 ], [ 8.478147645339345, 47.403875057148412 ], [ 8.475439165461157, 47.409710123333234 ], [ 8.477258079082626, 47.411933535286735 ], [ 8.473950972414931, 47.412224054364323 ], [ 8.472728552116248, 47.41068786726423 ], [ 8.468089715031983, 47.413373779707825 ], [ 8.469218198824995, 47.416907722752157 ], [ 8.476981458014604, 47.420175373674226 ], [ 8.481768338920791, 47.423010657963609 ], [ 8.490236819502462, 47.422304301073183 ], [ 8.490134804323038, 47.425192599864111 ], [ 8.484759086960922, 47.428173701199022 ], [ 8.485478122903213, 47.431036567421863 ], [ 8.501474979465726, 47.434875394532511 ], [ 8.510740257922091, 47.432181342065398 ], [ 8.515761990924224, 47.433375977660283 ], [ 8.524678168669123, 47.431160781272013 ], [ 8.525804425338611, 47.433084113725705 ], [ 8.543571629350541, 47.431341590265419 ], [ 8.542462400090509, 47.433466004840824 ], [ 8.555342537192493, 47.430688814353118 ], [ 8.55741087855799, 47.423769639788439 ], [ 8.554593510585695, 47.420882477982538 ], [ 8.563296601567961, 47.415652969140972 ], [ 8.567583500071137, 47.416582649704139 ], [ 8.568914251106277, 47.419340126455168 ], [ 8.573134748114516, 47.419622608051014 ], [ 8.571878421411611, 47.41227695702581 ], [ 8.596380854229995, 47.405602612086859 ], [ 8.593763547161236, 47.40221964006885 ], [ 8.596120901867771, 47.401566392301994 ], [ 8.594705056955537, 47.399205842570119 ], [ 8.59770794929187, 47.398393182541973 ], [ 8.59623527552457, 47.396464987718375 ], [ 8.588191787685274, 47.395744716954631 ], [ 8.590038451985254, 47.394763848159791 ], [ 8.584358524065717, 47.391824917351364 ], [ 8.583067003092445, 47.389049214708741 ], [ 8.586984983873325, 47.390152727173188 ], [ 8.58698988845436, 47.387921874240632 ], [ 8.593086257706913, 47.385639305760641 ], [ 8.589589528251695, 47.383794198783406 ], [ 8.606118748926203, 47.368696230686396 ], [ 8.612011192892609, 47.366909420968369 ], [ 8.616399402897107, 47.368366965184677 ], [ 8.61772964637006, 47.366851178414485 ], [ 8.614803319183345, 47.361438865904091 ], [ 8.621681468754579, 47.359974329718263 ], [ 8.621394616012566, 47.357188719077591 ], [ 8.624813923505274, 47.35439207552804 ], [ 8.605126433501779, 47.353603173630006 ], [ 8.603028710355556, 47.350889775147714 ], [ 8.586790723932022, 47.352860450427833 ], [ 8.578509046679399, 47.348732722938863 ], [ 8.562455803814013, 47.345660808443583 ], [ 8.556421624883262, 47.352016057546429 ], [ 8.550490870177642, 47.35324270010242 ], [ 8.544155999951288, 47.366274589554671 ], [ 8.538114291121117, 47.364137444218798 ], [ 8.53704107354357, 47.347389621865346 ], [ 8.544150759823722, 47.336014748394426 ], [ 8.536249192387009, 47.330135303219812 ] ] ] } },
{ "type": "Feature", "properties": { "bezirk_id": "B_241" }, "geometry": { "type": "MultiPolygon", "coordinates": [ [ [ [ 7.558401772224895, 47.322372557698174 ], [ 7.548415903776719, 47.316374145874605 ], [ 7.548040358695606, 47.313811088270633 ], [ 7.546953665053244, 47.306148843254803 ], [ 7.539077956389516, 47.30203645061794 ], [ 7.537945082210038, 47.29718041228552 ], [ 7.532427005720892, 47.294441675318836 ], [ 7.51460288507297, 47.292565816106929 ], [ 7.494675479058733, 47.288169768698111 ], [ 7.495295368761352, 47.286820297213154 ], [ 7.485313011501419, 47.284288243704147 ], [ 7.478104906939155, 47.278462440365814 ], [ 7.467736135111937, 47.265450360632812 ], [ 7.445695755852893, 47.263097067543136 ], [ 7.440185966437399, 47.262647500537895 ], [ 7.434901101233548, 47.259742166406603 ], [ 7.418784388444966, 47.25454152585155 ], [ 7.416341437447627, 47.252139508047904 ], [ 7.420902199182294, 47.242875915790194 ], [ 7.415382476459103, 47.240266453769131 ], [ 7.411948267165866, 47.240886308004967 ], [ 7.402416490269535, 47.235172048658114 ], [ 7.376528800121031, 47.227308469457697 ], [ 7.361447636777775, 47.219734721550701 ], [ 7.355148320957205, 47.22091756606558 ], [ 7.340420662731204, 47.217514831123573 ], [ 7.344716201222788, 47.20726452512779 ], [ 7.338150191009266, 47.203499142847598 ], [ 7.339354476984368, 47.194730361773651 ], [ 7.341854113514083, 47.191674309001932 ], [ 7.351703387360483, 47.188264261778919 ], [ 7.351140314825029, 47.185673347949624 ], [ 7.340276208969909, 47.181598857547897 ], [ 7.333773872368372, 47.180738557416596 ], [ 7.332397717644143, 47.18279707924323 ], [ 7.328954126983866, 47.182892760056006 ], [ 7.3028542983639, 47.179248799111932 ], [ 7.302714596695811, 47.177134865001136 ], [ 7.299814857303426, 47.176204916340652 ], [ 7.300206542694005, 47.177761485319543 ], [ 7.293201314743523, 47.173075502683631 ], [ 7.292952855658173, 47.177095846421096 ], [ 7.271640280571153, 47.171247074390848 ], [ 7.270422985375538, 47.168277011499498 ], [ 7.26037265839178, 47.168252789014602 ], [ 7.258728359849943, 47.166954964232268 ], [ 7.254015225103617, 47.168278682076249 ], [ 7.238225311156399, 47.161820827309207 ], [ 7.234576609081494, 47.157245012193201 ], [ 7.227623128865433, 47.153899996816577 ], [ 7.22337235755049, 47.152861990811253 ], [ 7.211477464158917, 47.143907116592651 ], [ 7.19957885932175, 47.142542646807165 ], [ 7.190942083572212, 47.137253288802704 ], [ 7.200606889279372, 47.133747805962372 ], [ 7.180855074165373, 47.124215406866249 ], [ 7.17624293762458, 47.124132966677067 ], [ 7.174455592375908, 47.125792913085583 ], [ 7.166979126013672, 47.123976431738328 ], [ 7.164620726606188, 47.121299320496298 ], [ 7.154726714801503, 47.118324873884369 ], [ 7.151065015324868, 47.113143646006904 ], [ 7.141070823728553, 47.109637058034124 ], [ 7.14011997366512, 47.107682677256385 ], [ 7.138132100518883, 47.10741662225422 ], [ 7.137757726226381, 47.101380017884864 ], [ 7.142427082975141, 47.097911143298965 ], [ 7.12664965314014, 47.088397497958788 ], [ 7.132089671588596, 47.085956563999368 ], [ 7.134040740959125, 47.082862994762422 ], [ 7.115590708509409, 47.074712378222003 ], [ 7.107171161226423, 47.065090585902141 ], [ 7.088508357284359, 47.058883474794015 ], [ 7.080355092017733, 47.06714159489028 ], [ 7.080578595817676, 47.073079032988282 ], [ 7.077043515184461, 47.075991311394873 ], [ 7.087079098959799, 47.081626483919294 ], [ 7.084099467231419, 47.088120699584927 ], [ 7.075720725778423, 47.096270918187003 ], [ 7.057216069206759, 47.099700846467755 ], [ 7.040614910297323, 47.109008169264605 ], [ 7.028731924640002, 47.103740165060309 ], [ 7.023435870858314, 47.112239374055704 ], [ 7.040237670723736, 47.12425336497175 ], [ 7.037808522185394, 47.126574592215825 ], [ 7.030067205860121, 47.12723087385163 ], [ 7.025609875937593, 47.124165599427897 ], [ 7.007739230966695, 47.124189755249652 ], [ 6.996515041762577, 47.11891191621546 ], [ 6.984131475160239, 47.116974523600767 ], [ 6.947634499331167, 47.112290487534644 ], [ 6.93930541556198, 47.109672922100671 ], [ 6.936389665094471, 47.108697710055544 ], [ 6.929751963871421, 47.112581289981293 ], [ 6.918124800061988, 47.105072156827489 ], [ 6.866892902831744, 47.085119684153433 ], [ 6.870808080715478, 47.102113008569617 ], [ 6.881005155681946, 47.108351713020532 ], [ 6.8862467253836, 47.123848656916344 ], [ 6.88871465472511, 47.131191502529568 ], [ 6.861437598036239, 47.165622582406449 ], [ 6.872339029534479, 47.173955154710647 ], [ 6.879602579900761, 47.154264721091302 ], [ 6.883769616233923, 47.15044407307024 ], [ 6.906169912840252, 47.157224517119893 ], [ 6.915985805155833, 47.16347618893262 ], [ 6.938191143535683, 47.175178666358484 ], [ 6.939924502930537, 47.180259350290932 ], [ 6.941335734689232, 47.184547053165723 ], [ 6.945351935360683, 47.185400910000197 ], [ 6.952089179159347, 47.187381559743457 ], [ 6.956226626362684, 47.180706817624696 ], [ 6.961452142693636, 47.182050914739285 ], [ 6.970456391464464, 47.181305444997392 ], [ 6.977002426140045, 47.174936590923046 ], [ 6.979885156759167, 47.174120621337742 ], [ 6.984498629932735, 47.176072878011716 ], [ 6.995061255748276, 47.189228729865548 ], [ 6.996465965751055, 47.193272841539681 ], [ 7.016115789989255, 47.194786039947481 ], [ 7.023366704007171, 47.195685005353731 ], [ 7.025633248847912, 47.197806968906178 ], [ 7.033568540493619, 47.207711551552258 ], [ 7.034978574133262, 47.209758337245461 ], [ 7.044326217519364, 47.221960756870857 ], [ 7.047442472353163, 47.227305304738159 ], [ 7.058628139050355, 47.230769866511714 ], [ 7.057013335201932, 47.240514786054419 ], [ 7.058007887899992, 47.241804329765579 ], [ 7.079403435683569, 47.247836733316689 ], [ 7.079604931505473, 47.243420973970075 ], [ 7.085205157608295, 47.245417178869673 ], [ 7.087092805885623, 47.243597053187052 ], [ 7.088797015966614, 47.241533480695949 ], [ 7.085704117431447, 47.239886980966148 ], [ 7.088470403474358, 47.236972175238549 ], [ 7.096248925892917, 47.236995638209947 ], [ 7.102260264158415, 47.242895934800174 ], [ 7.113375001152554, 47.241785641308674 ], [ 7.1292583131954, 47.245022657780275 ], [ 7.139994590591366, 47.243072271267593 ], [ 7.140712614467054, 47.244576245467847 ], [ 7.150516692755063, 47.246382219774041 ], [ 7.155820370343448, 47.247564717442678 ], [ 7.149155212021176, 47.253844344428551 ], [ 7.151523982546237, 47.255541284575777 ], [ 7.142737352744889, 47.255761824241588 ], [ 7.143059253296102, 47.259648331218273 ], [ 7.148911504065818, 47.262208726881894 ], [ 7.14553835817041, 47.265312298484922 ], [ 7.148741783687685, 47.269107158460486 ], [ 7.168733357920543, 47.274696563979418 ], [ 7.167721392087435, 47.281368146907489 ], [ 7.170157609743582, 47.283154791447444 ], [ 7.169349871441546, 47.286049143993168 ], [ 7.165197407250208, 47.286399111826221 ], [ 7.164684301011651, 47.288493617101679 ], [ 7.169140235018239, 47.290896708043668 ], [ 7.163378295026011, 47.293077706409797 ], [ 7.174372499540143, 47.294119915033932 ], [ 7.205804867101623, 47.295573122477826 ], [ 7.209087420465772, 47.294707267673516 ], [ 7.206191070964249, 47.291913139256728 ], [ 7.210236626990777, 47.288791169831306 ], [ 7.214554227943252, 47.290004948402249 ], [ 7.232315256651239, 47.288185395400568 ], [ 7.242795322640108, 47.285343514316047 ], [ 7.258220200749299, 47.285656651713687 ], [ 7.262405465456575, 47.287165247341918 ], [ 7.280073938593016, 47.284483714541672 ], [ 7.307347609898293, 47.288017107450138 ], [ 7.316939214522517, 47.290393268124284 ], [ 7.322678470452242, 47.29555307299897 ], [ 7.331660482775698, 47.299627335630099 ], [ 7.337189289696591, 47.305460788734912 ], [ 7.348098964401387, 47.30525409774701 ], [ 7.349566513122142, 47.305399164438718 ], [ 7.378488365098947, 47.31495222298733 ], [ 7.391543843451999, 47.313123541054765 ], [ 7.411685898121263, 47.313301069994225 ], [ 7.413010114641238, 47.309928472783717 ], [ 7.419556696023139, 47.308742531236753 ], [ 7.421369084369116, 47.306782044779332 ], [ 7.440054237923642, 47.308429465724842 ], [ 7.44234202979608, 47.30871725568251 ], [ 7.459651749741187, 47.306646822108853 ], [ 7.474264144425891, 47.306958157899075 ], [ 7.490326386737149, 47.302068222364156 ], [ 7.499874541634321, 47.303358824697774 ], [ 7.530150513193449, 47.316308990965645 ], [ 7.558401772224895, 47.322372557698174 ] ] ], [ [ [ 7.558401772224895, 47.322372557698174 ], [ 7.531772322680458, 47.321065750929279 ], [ 7.527740652355236, 47.322669908102078 ], [ 7.534448424613884, 47.334366745976247 ], [ 7.549881816968541, 47.340891464015982 ], [ 7.552206763033003, 47.345296450861497 ], [ 7.556517733158207, 47.343889042773498 ], [ 7.556659402728898, 47.342117011144374 ], [ 7.560206381481813, 47.342410170345083 ], [ 7.572571643674041, 47.328914005592161 ], [ 7.56879044045176, 47.324430098534769 ], [ 7.561666926647971, 47.321469705757131 ], [ 7.558401772224895, 47.322372557698174 ] ] ] ] } },
{ "type": "Feature", "properties": { "bezirk_id": "B_242" }, "geometry": { "type": "MultiPolygon", "coordinates": [ [ [ [ 7.132661360960296, 47.059737587621356 ], [ 7.122146269465783, 47.05495058809877 ], [ 7.119789354493391, 47.057318739367894 ], [ 7.133948892188398, 47.064778251372019 ], [ 7.140727885481366, 47.076669545962858 ], [ 7.147849290791664, 47.074610020784299 ], [ 7.145638610151954, 47.069576161444118 ], [ 7.132661360960296, 47.059737587621356 ] ] ], [ [ [ 7.346722463664038, 47.207266162014307 ], [ 7.354403036369172, 47.191531377426443 ], [ 7.365681597424182, 47.193958756054265 ], [ 7.367797120193829, 47.190838929528972 ], [ 7.374859137282417, 47.188639414060141 ], [ 7.381184483024552, 47.183902578312598 ], [ 7.391992271222407, 47.166340808845725 ], [ 7.382378703742763, 47.165203085434335 ], [ 7.382514632758743, 47.161416351366384 ], [ 7.37693575777312, 47.161791226980775 ], [ 7.378429248785195, 47.158940684450307 ], [ 7.371536512633472, 47.155671700929297 ], [ 7.365308850489155, 47.158330303915875 ], [ 7.355470216637646, 47.159034113512533 ], [ 7.351067570609731, 47.157897463580674 ], [ 7.356628232634567, 47.152117955905759 ], [ 7.341610394121887, 47.151872269657623 ], [ 7.336644406437192, 47.149313402694197 ], [ 7.334482101527739, 47.142601309170871 ], [ 7.334369486228768, 47.139533968707283 ], [ 7.338114494092421, 47.138898703743038 ], [ 7.338368581270475, 47.13698302756444 ], [ 7.339817014207376, 47.13782081434438 ], [ 7.339506082174973, 47.13491521057108 ], [ 7.343032454765147, 47.131050444118017 ], [ 7.340399097519992, 47.129591034644697 ], [ 7.345475159860139, 47.12857888655865 ], [ 7.343330916510855, 47.126328395439756 ], [ 7.331858940632408, 47.122819207313633 ], [ 7.330336817769091, 47.11960660014563 ], [ 7.333214173025977, 47.117261637764948 ], [ 7.322247090355614, 47.113023360471111 ], [ 7.316775357335508, 47.11465470957679 ], [ 7.317364426958658, 47.116346376636756 ], [ 7.306334731555031, 47.116666920480419 ], [ 7.306658721370629, 47.118853052704694 ], [ 7.305144576987156, 47.118356571841758 ], [ 7.302064245219158, 47.122265697618005 ], [ 7.298956809457772, 47.121272498731116 ], [ 7.292362441118359, 47.118448837594038 ], [ 7.296033031045263, 47.115719038113305 ], [ 7.289615071202348, 47.111366302221782 ], [ 7.282348100254724, 47.109359713754955 ], [ 7.280333485974887, 47.108970156640645 ], [ 7.268193488760707, 47.106703951420869 ], [ 7.256274160683435, 47.105696101536886 ], [ 7.253263414465361, 47.103937245913841 ], [ 7.255100929189688, 47.102087258219427 ], [ 7.252864131609776, 47.101328068549861 ], [ 7.254542599067713, 47.099738683121259 ], [ 7.25118828189671, 47.098401977891754 ], [ 7.251696718232638, 47.09615407662524 ], [ 7.246152343735858, 47.092250057850841 ], [ 7.2454394565318, 47.096341554586232 ], [ 7.235918772477062, 47.092214368743441 ], [ 7.232477165273335, 47.08985153306584 ], [ 7.22728164986191, 47.091479124303696 ], [ 7.224849678152626, 47.083765916365607 ], [ 7.224978937293536, 47.081085655692192 ], [ 7.210031036246761, 47.075443860840807 ], [ 7.199795383049532, 47.082475002575165 ], [ 7.204017371805465, 47.086621434820351 ], [ 7.202960303184061, 47.090397148030192 ], [ 7.203984129582991, 47.09417713797724 ], [ 7.216836870648964, 47.107425358309946 ], [ 7.220096547616523, 47.115706960136073 ], [ 7.228366134478104, 47.123727926774208 ], [ 7.235088307355455, 47.130333339663522 ], [ 7.231094359321332, 47.133807176771789 ], [ 7.216242303735996, 47.126781246786109 ], [ 7.206244787853267, 47.119457515682448 ], [ 7.186001064881671, 47.10898049275697 ], [ 7.175372548758582, 47.100231430908288 ], [ 7.155759699385767, 47.090020301883776 ], [ 7.134040740959125, 47.082862994762422 ], [ 7.132089671588596, 47.085956563999368 ], [ 7.12664965314014, 47.088397497958788 ], [ 7.142427082975141, 47.097911143298965 ], [ 7.137757726226381, 47.101380017884864 ], [ 7.138132100518883, 47.10741662225422 ], [ 7.14011997366512, 47.107682677256385 ], [ 7.141070823728553, 47.109637058034124 ], [ 7.151065015324868, 47.113143646006904 ], [ 7.154726714801503, 47.118324873884369 ], [ 7.164620726606188, 47.121299320496298 ], [ 7.166979126013672, 47.123976431738328 ], [ 7.174455592375908, 47.125792913085583 ], [ 7.17624293762458, 47.124132966677067 ], [ 7.180855074165373, 47.124215406866249 ], [ 7.200606889279372, 47.133747805962372 ], [ 7.190942083572212, 47.137253288802704 ], [ 7.19957885932175, 47.142542646807165 ], [ 7.211477464158917, 47.143907116592651 ], [ 7.22337235755049, 47.152861990811253 ], [ 7.227623128865433, 47.153899996816577 ], [ 7.234576609081494, 47.157245012193201 ], [ 7.238225311156399, 47.161820827309207 ], [ 7.254015225103617, 47.168278682076249 ], [ 7.258728359849943, 47.166954964232268 ], [ 7.26037265839178, 47.168252789014602 ], [ 7.270422985375538, 47.168277011499498 ], [ 7.271640280571153, 47.171247074390848 ], [ 7.292952855658173, 47.177095846421096 ], [ 7.293201314743523, 47.173075502683631 ], [ 7.300206542694005, 47.177761485319543 ], [ 7.299814857303426, 47.176204916340652 ], [ 7.302714596695811, 47.177134865001136 ], [ 7.3028542983639, 47.179248799111932 ], [ 7.328954126983866, 47.182892760056006 ], [ 7.332397717644143, 47.18279707924323 ], [ 7.333773872368372, 47.180738557416596 ], [ 7.340276208969909, 47.181598857547897 ], [ 7.351140314825029, 47.185673347949624 ], [ 7.351703387360483, 47.188264261778919 ], [ 7.341854113514083, 47.191674309001932 ], [ 7.339354476984368, 47.194730361773651 ], [ 7.338150191009266, 47.203499142847598 ], [ 7.344716201222788, 47.20726452512779 ], [ 7.346722463664038, 47.207266162014307 ] ] ] ] } },
{ "type": "Feature", "properties": { "bezirk_id": "B_243" }, "geometry": { "type": "MultiPolygon", "coordinates": [ [ [ [ 7.106935744342925, 47.04788233316328 ], [ 7.100900376566566, 47.047082098574307 ], [ 7.119789354493391, 47.057318739367894 ], [ 7.122146269465783, 47.05495058809877 ], [ 7.106935744342925, 47.04788233316328 ] ] ], [ [ [ 7.475337125546188, 47.191368477206424 ], [ 7.476627983724498, 47.188093990972952 ], [ 7.472694496091187, 47.18556767275313 ], [ 7.475159978449897, 47.182940475047346 ], [ 7.470897622818928, 47.181259698988001 ], [ 7.476844262312581, 47.176580659691375 ], [ 7.478546578925249, 47.177416606999287 ], [ 7.480547332222149, 47.17168625415335 ], [ 7.486247331875606, 47.173725892041716 ], [ 7.495571000525066, 47.171580977819382 ], [ 7.497033547527044, 47.170114110130434 ], [ 7.490223437349628, 47.165781833159429 ], [ 7.492726835915043, 47.163280155657446 ], [ 7.479835927951446, 47.155325006592655 ], [ 7.467873883720059, 47.151388851616026 ], [ 7.454610843915366, 47.156329493946572 ], [ 7.449678951473402, 47.155646428641369 ], [ 7.440052859485229, 47.150420893213777 ], [ 7.439578197705149, 47.144025584104092 ], [ 7.426698637556775, 47.141038581116057 ], [ 7.426475090523594, 47.138753870097077 ], [ 7.421756818927416, 47.135883883683192 ], [ 7.426437376653162, 47.131297146870708 ], [ 7.429626957742189, 47.131657261371522 ], [ 7.431274905541711, 47.12913883570711 ], [ 7.435360485210819, 47.131270837071909 ], [ 7.435795610333829, 47.128824254126435 ], [ 7.433239054785784, 47.126152670478639 ], [ 7.440184411873606, 47.123742222709737 ], [ 7.437179762083614, 47.122653820992397 ], [ 7.428126083457947, 47.12373265775927 ], [ 7.405581094151352, 47.118340271796356 ], [ 7.403631356192708, 47.11762008827268 ], [ 7.395062793424671, 47.121844674565573 ], [ 7.38993864974825, 47.119566872743682 ], [ 7.386703858541755, 47.125951781695036 ], [ 7.382950734676948, 47.123206560463423 ], [ 7.379088303656297, 47.124239000249688 ], [ 7.37388569705653, 47.121834513853123 ], [ 7.371380954558522, 47.122552643118958 ], [ 7.371954278911701, 47.117281988262292 ], [ 7.369452069250742, 47.116210097259106 ], [ 7.37914813706467, 47.106267263855678 ], [ 7.381965549762739, 47.095762660620053 ], [ 7.389408109953519, 47.095127515515465 ], [ 7.390069028684929, 47.09259123485225 ], [ 7.411667158707961, 47.096511308316778 ], [ 7.414221921137377, 47.097708224559675 ], [ 7.419595155026758, 47.100335799278106 ], [ 7.423205339266027, 47.09754794926247 ], [ 7.43340018187989, 47.100391342331868 ], [ 7.437207388219497, 47.094086050817801 ], [ 7.434981492661395, 47.093645232103796 ], [ 7.433243472736105, 47.088877839511454 ], [ 7.435074717867294, 47.081448109023334 ], [ 7.440671015625679, 47.074396151820061 ], [ 7.443172631055649, 47.07449504540822 ], [ 7.444488897480645, 47.070429274638336 ], [ 7.440868363665707, 47.068243595435682 ], [ 7.445765396225589, 47.065715849393634 ], [ 7.445567678654165, 47.063440131122533 ], [ 7.455321915374748, 47.063295288259596 ], [ 7.45593887632321, 47.057628362559484 ], [ 7.45841326706997, 47.057313158545831 ], [ 7.455674883268871, 47.055136787429028 ], [ 7.454685915551085, 47.048588562465994 ], [ 7.445645080522856, 47.049470906825235 ], [ 7.448079185601463, 47.046070639901181 ], [ 7.447210086502897, 47.042004954894139 ], [ 7.441854465252115, 47.038452152887231 ], [ 7.442841132646334, 47.036023472155343 ], [ 7.439065098409501, 47.035348890072711 ], [ 7.43767055874447, 47.033163082706388 ], [ 7.434434068904613, 47.033747660131993 ], [ 7.432289814344673, 47.032020497315848 ], [ 7.431658661047153, 47.029771696121998 ], [ 7.428435335008669, 47.03098575817129 ], [ 7.423213112821023, 47.029051198126012 ], [ 7.420910055440745, 47.031614432125174 ], [ 7.410872476496356, 47.030982705542051 ], [ 7.407426492978785, 47.029632535068984 ], [ 7.409099040483089, 47.026439751694319 ], [ 7.402051005263323, 47.02240787886187 ], [ 7.402394290250108, 47.02054601436307 ], [ 7.392333575902457, 47.01891420369973 ], [ 7.387963507757594, 47.02240240146849 ], [ 7.384411899448963, 47.022535673162722 ], [ 7.381993381644999, 47.02090637868551 ], [ 7.375416512058943, 47.021118767622895 ], [ 7.37102698757108, 47.018246802480398 ], [ 7.360177930866432, 47.017016472299389 ], [ 7.358851976244507, 47.015405429028711 ], [ 7.356904292828313, 47.016186611798268 ], [ 7.355618390964269, 47.014269727235408 ], [ 7.348387601762092, 47.012744035263538 ], [ 7.340949654289558, 47.016821639453219 ], [ 7.334404139771991, 47.014630018287704 ], [ 7.335066281966456, 47.012291904187542 ], [ 7.328997652097933, 47.008805113445163 ], [ 7.322910165345617, 47.008304348779042 ], [ 7.322059507533391, 47.006432501292245 ], [ 7.312604731784711, 47.006494377259941 ], [ 7.313100031082153, 47.00277995074331 ], [ 7.302325832025898, 47.004863411465855 ], [ 7.295704198217467, 47.00276842701868 ], [ 7.289036850988252, 46.998406231142667 ], [ 7.291405817135337, 46.992787372125925 ], [ 7.289762453244296, 46.992812220558712 ], [ 7.290636353764507, 46.990564579503612 ], [ 7.286563733077692, 46.989659700486044 ], [ 7.28788708753773, 46.986549145883934 ], [ 7.280826905138249, 46.987025317586621 ], [ 7.282647873095191, 46.984644116070918 ], [ 7.279802388725585, 46.982346422891531 ], [ 7.282229622641355, 46.979354400363469 ], [ 7.278983266376096, 46.974969257998445 ], [ 7.268274550820762, 46.970222290034016 ], [ 7.264751681095733, 46.970567778166057 ], [ 7.257915196327827, 46.975396535098909 ], [ 7.261660696687543, 46.979360281017627 ], [ 7.256128444272915, 46.979072705371912 ], [ 7.255124324485584, 46.980600268396529 ], [ 7.251735082866574, 46.980100027774078 ], [ 7.250540787567305, 46.9833363164459 ], [ 7.243295284070244, 46.980598601258691 ], [ 7.237862501198893, 46.981812504508362 ], [ 7.23241593096182, 46.979724903926268 ], [ 7.229703740940637, 46.980925317986909 ], [ 7.235511308851098, 46.984866691237144 ], [ 7.234926026735577, 46.986682666648051 ], [ 7.223619086976328, 46.993795058740417 ], [ 7.226736361944518, 46.996724309472881 ], [ 7.225859002807344, 46.999142365915787 ], [ 7.223298982457949, 46.998193074551793 ], [ 7.217254772877162, 47.006807830432479 ], [ 7.215432451319837, 47.005490993932654 ], [ 7.213033372739061, 47.006880520151256 ], [ 7.210297423484257, 47.003987646038887 ], [ 7.204961722256109, 47.006342564476817 ], [ 7.199775156658437, 47.001708335112831 ], [ 7.196381753969142, 47.001944052758603 ], [ 7.196705098097741, 47.000226668207752 ], [ 7.187252524132226, 46.997219858809551 ], [ 7.178866366143984, 46.994115750339056 ], [ 7.171070804671519, 46.991399201475552 ], [ 7.160521520688878, 46.987524063645019 ], [ 7.153745337407607, 46.986266024991295 ], [ 7.146562390604722, 46.984934583435184 ], [ 7.138105592005532, 46.983464417479844 ], [ 7.093540782756455, 46.97625924526033 ], [ 7.051846820572603, 46.977115180204152 ], [ 7.039971547003091, 46.979880884890576 ], [ 7.039918919433759, 46.981652763569507 ], [ 7.049082078900884, 46.986802649504767 ], [ 7.04880739192544, 46.988420853163724 ], [ 7.032880782784816, 47.005015573527494 ], [ 7.025581569816705, 47.005750546474445 ], [ 7.031534064214889, 47.012647709240802 ], [ 7.033816412789883, 47.020391668148676 ], [ 7.033290155385147, 47.023879931433264 ], [ 7.033370034199598, 47.030698548583587 ], [ 7.03712970011063, 47.034588716270186 ], [ 7.053577986848349, 47.043397524554159 ], [ 7.065845360200949, 47.044814407215405 ], [ 7.077105706037732, 47.051237068210874 ], [ 7.079700583637022, 47.04699055700118 ], [ 7.088651927395288, 47.046577533229907 ], [ 7.100558911696107, 47.046973148717413 ], [ 7.106303631125401, 47.039488074818749 ], [ 7.110287029139411, 47.03790744846733 ], [ 7.11818032301062, 47.03810974347121 ], [ 7.139054874726959, 47.043959179860323 ], [ 7.148126762026342, 47.047814492100017 ], [ 7.156074676766575, 47.047942352808732 ], [ 7.162853603966208, 47.050189682504133 ], [ 7.174397756104979, 47.057682839706722 ], [ 7.174725610752189, 47.060588993828709 ], [ 7.175551324207568, 47.063982023400293 ], [ 7.177242397634008, 47.065425106374143 ], [ 7.180951493427609, 47.063364671218324 ], [ 7.184631303220681, 47.064632210259212 ], [ 7.199795383049532, 47.082475002575165 ], [ 7.210031036246761, 47.075443860840807 ], [ 7.224978937293536, 47.081085655692192 ], [ 7.224849678152626, 47.083765916365607 ], [ 7.22728164986191, 47.091479124303696 ], [ 7.232477165273335, 47.08985153306584 ], [ 7.235918772477062, 47.092214368743441 ], [ 7.2454394565318, 47.096341554586232 ], [ 7.246152343735858, 47.092250057850841 ], [ 7.251696718232638, 47.09615407662524 ], [ 7.25118828189671, 47.098401977891754 ], [ 7.254542599067713, 47.099738683121259 ], [ 7.252864131609776, 47.101328068549861 ], [ 7.255100929189688, 47.102087258219427 ], [ 7.253263414465361, 47.103937245913841 ], [ 7.256274160683435, 47.105696101536886 ], [ 7.268193488760707, 47.106703951420869 ], [ 7.280333485974887, 47.108970156640645 ], [ 7.282348100254724, 47.109359713754955 ], [ 7.289615071202348, 47.111366302221782 ], [ 7.296033031045263, 47.115719038113305 ], [ 7.292362441118359, 47.118448837594038 ], [ 7.298956809457772, 47.121272498731116 ], [ 7.302064245219158, 47.122265697618005 ], [ 7.305144576987156, 47.118356571841758 ], [ 7.306658721370629, 47.118853052704694 ], [ 7.306334731555031, 47.116666920480419 ], [ 7.317364426958658, 47.116346376636756 ], [ 7.316775357335508, 47.11465470957679 ], [ 7.322247090355614, 47.113023360471111 ], [ 7.333214173025977, 47.117261637764948 ], [ 7.330336817769091, 47.11960660014563 ], [ 7.331858940632408, 47.122819207313633 ], [ 7.343330916510855, 47.126328395439756 ], [ 7.345475159860139, 47.12857888655865 ], [ 7.340399097519992, 47.129591034644697 ], [ 7.343032454765147, 47.131050444118017 ], [ 7.339506082174973, 47.13491521057108 ], [ 7.339817014207376, 47.13782081434438 ], [ 7.338368581270475, 47.13698302756444 ], [ 7.338114494092421, 47.138898703743038 ], [ 7.334369486228768, 47.139533968707283 ], [ 7.334482101527739, 47.142601309170871 ], [ 7.336644406437192, 47.149313402694197 ], [ 7.341610394121887, 47.151872269657623 ], [ 7.356628232634567, 47.152117955905759 ], [ 7.351067570609731, 47.157897463580674 ], [ 7.355470216637646, 47.159034113512533 ], [ 7.365308850489155, 47.158330303915875 ], [ 7.371536512633472, 47.155671700929297 ], [ 7.378429248785195, 47.158940684450307 ], [ 7.37693575777312, 47.161791226980775 ], [ 7.382514632758743, 47.161416351366384 ], [ 7.385404461833325, 47.159735725234853 ], [ 7.393065784388293, 47.160359721336782 ], [ 7.40110831095382, 47.16295319166673 ], [ 7.410208580213324, 47.162164337100712 ], [ 7.415878020154476, 47.165295828052429 ], [ 7.418645331397171, 47.171232910694648 ], [ 7.431610625231597, 47.17580387613998 ], [ 7.430910617263031, 47.181146702781554 ], [ 7.431833714356552, 47.183827199499987 ], [ 7.436055474754302, 47.185356510646379 ], [ 7.441675805098598, 47.180661295290257 ], [ 7.448166831428891, 47.182522904556933 ], [ 7.449710909286373, 47.185149240502604 ], [ 7.449118018139671, 47.189763584165632 ], [ 7.457298484961721, 47.188863143402472 ], [ 7.475337125546188, 47.191368477206424 ] ] ] ] } },
{ "type": "Feature", "properties": { "bezirk_id": "B_244" }, "geometry": { "type": "Polygon", "coordinates": [ [ [ 7.700886624693024, 47.286609438548489 ], [ 7.712058489126727, 47.274054140210673 ], [ 7.715007056666228, 47.276898407806399 ], [ 7.724827474259585, 47.269597893920178 ], [ 7.724770142340677, 47.266288024851661 ], [ 7.732659435603177, 47.259189461693985 ], [ 7.738278850494455, 47.259957556094342 ], [ 7.744050073320557, 47.257199082214186 ], [ 7.750467949712009, 47.258962872236559 ], [ 7.756923430242963, 47.258090774690608 ], [ 7.764810496465008, 47.266703612489685 ], [ 7.774355516175809, 47.267431813479114 ], [ 7.775863225176609, 47.261347053654482 ], [ 7.785052901926878, 47.25629184759358 ], [ 7.801818830339169, 47.268077283515531 ], [ 7.804725295331622, 47.267978160096447 ], [ 7.806286250765408, 47.264375345826302 ], [ 7.814194526240719, 47.26156155379519 ], [ 7.824905910772, 47.265476881237028 ], [ 7.827691549818987, 47.264323194335567 ], [ 7.826932752995392, 47.261726292813535 ], [ 7.829559593724452, 47.25957669783449 ], [ 7.827878462132573, 47.253690867293059 ], [ 7.825397581600449, 47.252242067888531 ], [ 7.827802529645369, 47.250515999813437 ], [ 7.826172117357531, 47.246096096709827 ], [ 7.838686053320118, 47.234414232754645 ], [ 7.836459422815135, 47.229780647238947 ], [ 7.837456341666407, 47.223570828098687 ], [ 7.846832091103158, 47.216827933884119 ], [ 7.849087017206414, 47.209606111637875 ], [ 7.856134222370406, 47.20094579583813 ], [ 7.859681455834799, 47.198891071387223 ], [ 7.860261231028161, 47.192070867878726 ], [ 7.874851961089983, 47.183534422587272 ], [ 7.880347265160305, 47.176362560531764 ], [ 7.88252002391526, 47.172711278644478 ], [ 7.876382678899773, 47.165808683630964 ], [ 7.875587479191892, 47.157248539512857 ], [ 7.881465230208973, 47.147232712160182 ], [ 7.889886630496273, 47.140552742505619 ], [ 7.889710482769459, 47.132152120109716 ], [ 7.886437771875134, 47.131688161591953 ], [ 7.886146840808923, 47.128415115698452 ], [ 7.87312253051448, 47.124840024924687 ], [ 7.87382293281664, 47.123452149947425 ], [ 7.868340550706502, 47.120153590214258 ], [ 7.867880428821253, 47.116998060478224 ], [ 7.871068668869389, 47.11692316204811 ], [ 7.86863100792811, 47.112003027054726 ], [ 7.875094720112717, 47.109693960979833 ], [ 7.872962924637191, 47.105132550731227 ], [ 7.876241500399765, 47.101684024900599 ], [ 7.873616910258494, 47.098050982824944 ], [ 7.879263721022013, 47.09594264440063 ], [ 7.877563133085335, 47.092549012328597 ], [ 7.880558314546334, 47.090000937526213 ], [ 7.881929200395983, 47.088547456747698 ], [ 7.878518152740826, 47.082120075388211 ], [ 7.880501863355144, 47.08154578181054 ], [ 7.877351577206425, 47.079560931522408 ], [ 7.878938489908945, 47.078781290077913 ], [ 7.877126991703508, 47.071412231963286 ], [ 7.871101822551702, 47.06383418222218 ], [ 7.874153100138077, 47.061870725788992 ], [ 7.866437048602381, 47.053327340505213 ], [ 7.868344703447857, 47.046654829609857 ], [ 7.86451262022515, 47.049646480907427 ], [ 7.859911493192581, 47.048611002580039 ], [ 7.856867655486237, 47.049809473396621 ], [ 7.853278684965621, 47.053717362127905 ], [ 7.848377059146108, 47.052988338907745 ], [ 7.83721049026584, 47.055753106394086 ], [ 7.818749182183178, 47.056445264962505 ], [ 7.811460768062818, 47.053140936872815 ], [ 7.796436902793022, 47.061994841352814 ], [ 7.807777759555738, 47.068777273608994 ], [ 7.801515632945546, 47.071387773387578 ], [ 7.803144715298528, 47.074755769841907 ], [ 7.800389629967047, 47.08013450733813 ], [ 7.800969983022517, 47.084180448349372 ], [ 7.808741206159096, 47.084407579196785 ], [ 7.806905495038892, 47.089405710838562 ], [ 7.811061308946424, 47.094240655746255 ], [ 7.809432008246922, 47.096719545568604 ], [ 7.802367887577486, 47.096139418804171 ], [ 7.80160240748241, 47.099811797907371 ], [ 7.786837265514374, 47.098013428605348 ], [ 7.780238651494954, 47.096054297036204 ], [ 7.781017874733141, 47.094315946969608 ], [ 7.775061137868783, 47.09379380788188 ], [ 7.772833810955875, 47.089338772484822 ], [ 7.766208848399205, 47.087118056641124 ], [ 7.760485722100113, 47.094654018929923 ], [ 7.750971117163367, 47.093825695580918 ], [ 7.74665796207328, 47.090455196469634 ], [ 7.74143016082864, 47.092942683707342 ], [ 7.73652443069726, 47.087090743137814 ], [ 7.735009305728997, 47.08697771754678 ], [ 7.73689165450164, 47.091560303973694 ], [ 7.733211019175535, 47.095266715138088 ], [ 7.738685691859186, 47.096781729442718 ], [ 7.741473166394352, 47.100570313755391 ], [ 7.741501674475433, 47.105625410561515 ], [ 7.731005119287412, 47.106219211312705 ], [ 7.724883227367672, 47.104525542786831 ], [ 7.730715880507717, 47.113595803369471 ], [ 7.730081825560254, 47.113300575835837 ], [ 7.724712787703941, 47.112099713963694 ], [ 7.719614461437619, 47.114747775356442 ], [ 7.712432141287595, 47.122266829817733 ], [ 7.709605860253478, 47.128884766416029 ], [ 7.703477031236965, 47.131516523467837 ], [ 7.702415816842582, 47.13550369226229 ], [ 7.687968558582496, 47.132585511596133 ], [ 7.683861992811628, 47.128087876903514 ], [ 7.67603403729775, 47.128257168672206 ], [ 7.670635558155137, 47.126406210822147 ], [ 7.659492741261695, 47.131267329838607 ], [ 7.650793382190238, 47.131193703563468 ], [ 7.648073718820597, 47.133420404991455 ], [ 7.649732205238884, 47.136187802954367 ], [ 7.655437944123632, 47.138983623159824 ], [ 7.652584674647708, 47.140814904189 ], [ 7.652360516584443, 47.144116430722242 ], [ 7.658897029338285, 47.146712648026536 ], [ 7.652032891284078, 47.151249946923663 ], [ 7.650738159804374, 47.157278867756517 ], [ 7.652868733301744, 47.162464943321211 ], [ 7.660027762947886, 47.168352031039518 ], [ 7.672689272782638, 47.168246102652489 ], [ 7.673484682661726, 47.172184210036754 ], [ 7.677898089980184, 47.182806984834805 ], [ 7.671058631107273, 47.184601919675941 ], [ 7.674622319776994, 47.190927004654931 ], [ 7.671671331377636, 47.195052592881673 ], [ 7.669146523227748, 47.194041253218558 ], [ 7.662898069588056, 47.198730818868178 ], [ 7.662392914691613, 47.201016460294461 ], [ 7.647482522398159, 47.201763950777114 ], [ 7.651223689098559, 47.206659250497033 ], [ 7.649177467661807, 47.209928075604367 ], [ 7.648442749245917, 47.211071738968876 ], [ 7.64597529181073, 47.21473703317141 ], [ 7.648406808897176, 47.218762266849907 ], [ 7.640259724729957, 47.221888921142217 ], [ 7.638642265000606, 47.223627701928599 ], [ 7.64364104478848, 47.2257147052756 ], [ 7.64049992867287, 47.229587935955522 ], [ 7.63546014234807, 47.227186054529142 ], [ 7.634026147112926, 47.228627631475469 ], [ 7.630902639718704, 47.226600072944223 ], [ 7.629469400643853, 47.228284447637805 ], [ 7.626095717420639, 47.226401085835434 ], [ 7.623058246759509, 47.230075787303292 ], [ 7.621088116478137, 47.229305370865006 ], [ 7.618895834390515, 47.229209865880925 ], [ 7.61593937664098, 47.233621810141813 ], [ 7.609276126892221, 47.239541299001402 ], [ 7.606382433533282, 47.2391137859805 ], [ 7.604346846683272, 47.242840490155899 ], [ 7.602152587376129, 47.242267954024328 ], [ 7.597221048403319, 47.245036158017037 ], [ 7.597013346540737, 47.250748014619177 ], [ 7.594435369882038, 47.263703704472931 ], [ 7.593623430265174, 47.266223270143527 ], [ 7.584389850611067, 47.272126677654661 ], [ 7.580039938193813, 47.276341505868572 ], [ 7.606855369950667, 47.280470159330534 ], [ 7.612976620762574, 47.280982792082149 ], [ 7.648602164403429, 47.282182903344733 ], [ 7.651777498366588, 47.282959623394994 ], [ 7.660492524335965, 47.287224639351635 ], [ 7.676826296469504, 47.289108001241516 ], [ 7.68489909688884, 47.293930150278882 ], [ 7.688544798407461, 47.290414468684638 ], [ 7.700886624693024, 47.286609438548489 ] ], [ [ 7.68455870823643, 47.166196983761992 ], [ 7.68135437234924, 47.162318613594252 ], [ 7.67953786619323, 47.163086979380395 ], [ 7.674396848828917, 47.154624469575566 ], [ 7.675855772058425, 47.153551094208673 ], [ 7.681610228943205, 47.154744429019473 ], [ 7.690080196839358, 47.152873343929336 ], [ 7.693983592501971, 47.158504534718723 ], [ 7.696116391440761, 47.157771212898361 ], [ 7.699683771214916, 47.161223508357772 ], [ 7.694501248577506, 47.161975392324173 ], [ 7.692395195778325, 47.164110230743198 ], [ 7.687737885922191, 47.16538244155884 ], [ 7.688562239207366, 47.166692699607509 ], [ 7.68455870823643, 47.166196983761992 ] ] ] } },
{ "type": "Feature", "properties": { "bezirk_id": "B_245" }, "geometry": { "type": "Polygon", "coordinates": [ [ [ 7.565145912654991, 47.164285251814725 ], [ 7.569032376304077, 47.162571931468946 ], [ 7.574892651513294, 47.164454088659546 ], [ 7.581605272781126, 47.159354938514895 ], [ 7.581239591104014, 47.15572148928819 ], [ 7.586122538980837, 47.147548074095056 ], [ 7.589468839705071, 47.15134856820719 ], [ 7.604781307203866, 47.152739765342687 ], [ 7.614663457716103, 47.154596058929336 ], [ 7.615618924187607, 47.15643853669485 ], [ 7.619132781053946, 47.154364293615082 ], [ 7.622055442062604, 47.153001472828954 ], [ 7.631473014213429, 47.153822654063987 ], [ 7.635646935100798, 47.152178551368863 ], [ 7.640109355918606, 47.153699972960219 ], [ 7.644864919147235, 47.149077228596312 ], [ 7.652032891284078, 47.151249946923663 ], [ 7.658897029338285, 47.146712648026536 ], [ 7.652360516584443, 47.144116430722242 ], [ 7.652584674647708, 47.140814904189 ], [ 7.655437944123632, 47.138983623159824 ], [ 7.649732205238884, 47.136187802954367 ], [ 7.648073718820597, 47.133420404991455 ], [ 7.650793382190238, 47.131193703563468 ], [ 7.659492741261695, 47.131267329838607 ], [ 7.670635558155137, 47.126406210822147 ], [ 7.67603403729775, 47.128257168672206 ], [ 7.683861992811628, 47.128087876903514 ], [ 7.687968558582496, 47.132585511596133 ], [ 7.702415816842582, 47.13550369226229 ], [ 7.703477031236965, 47.131516523467837 ], [ 7.709605860253478, 47.128884766416029 ], [ 7.712432141287595, 47.122266829817733 ], [ 7.719614461437619, 47.114747775356442 ], [ 7.724712787703941, 47.112099713963694 ], [ 7.730081825560254, 47.113300575835837 ], [ 7.730715880507717, 47.113595803369471 ], [ 7.724883227367672, 47.104525542786831 ], [ 7.731005119287412, 47.106219211312705 ], [ 7.741501674475433, 47.105625410561515 ], [ 7.741473166394352, 47.100570313755391 ], [ 7.738685691859186, 47.096781729442718 ], [ 7.733211019175535, 47.095266715138088 ], [ 7.73689165450164, 47.091560303973694 ], [ 7.735009305728997, 47.08697771754678 ], [ 7.73652443069726, 47.087090743137814 ], [ 7.74143016082864, 47.092942683707342 ], [ 7.74665796207328, 47.090455196469634 ], [ 7.750971117163367, 47.093825695580918 ], [ 7.760485722100113, 47.094654018929923 ], [ 7.766208848399205, 47.087118056641124 ], [ 7.772833810955875, 47.089338772484822 ], [ 7.775061137868783, 47.09379380788188 ], [ 7.781017874733141, 47.094315946969608 ], [ 7.780238651494954, 47.096054297036204 ], [ 7.786837265514374, 47.098013428605348 ], [ 7.80160240748241, 47.099811797907371 ], [ 7.802367887577486, 47.096139418804171 ], [ 7.809432008246922, 47.096719545568604 ], [ 7.811061308946424, 47.094240655746255 ], [ 7.806905495038892, 47.089405710838562 ], [ 7.808741206159096, 47.084407579196785 ], [ 7.800969983022517, 47.084180448349372 ], [ 7.800389629967047, 47.08013450733813 ], [ 7.803144715298528, 47.074755769841907 ], [ 7.801515632945546, 47.071387773387578 ], [ 7.807777759555738, 47.068777273608994 ], [ 7.796436902793022, 47.061994841352814 ], [ 7.811460768062818, 47.053140936872815 ], [ 7.818749182183178, 47.056445264962505 ], [ 7.83721049026584, 47.055753106394086 ], [ 7.848377059146108, 47.052988338907745 ], [ 7.853278684965621, 47.053717362127905 ], [ 7.856867655486237, 47.049809473396621 ], [ 7.859911493192581, 47.048611002580039 ], [ 7.86451262022515, 47.049646480907427 ], [ 7.868344703447857, 47.046654829609857 ], [ 7.874825642090292, 47.040954478985398 ], [ 7.881507798172868, 47.040677061192348 ], [ 7.884627022445245, 47.032839200052109 ], [ 7.892274752466497, 47.030182669555799 ], [ 7.894653829885237, 47.022185517086527 ], [ 7.900458566354956, 47.018051517640195 ], [ 7.896960379949348, 47.013477966795115 ], [ 7.902011186279991, 47.005919698637548 ], [ 7.922726294760583, 47.010763643850353 ], [ 7.930285526071398, 47.004731697360775 ], [ 7.941149285150493, 47.004972518188261 ], [ 7.951692573437669, 47.0060682931069 ], [ 7.956177485263804, 47.00342154471133 ], [ 7.948327372343094, 46.993714768113804 ], [ 7.95238948657421, 46.981310125656513 ], [ 7.94393832243852, 46.977146832842116 ], [ 7.946041234253694, 46.968798888681839 ], [ 7.932257305390173, 46.961716721108232 ], [ 7.931708665698152, 46.950600838239559 ], [ 7.929032775685132, 46.948147582715457 ], [ 7.921557957550527, 46.946614103687075 ], [ 7.920831250891221, 46.941741679729247 ], [ 7.915226167810841, 46.934685759505875 ], [ 7.907920718902656, 46.932736905402514 ], [ 7.897774581472193, 46.934837908130078 ], [ 7.873218625963657, 46.925272575581779 ], [ 7.867028387699929, 46.914618379612897 ], [ 7.879888063684405, 46.910782563030978 ], [ 7.883218773823976, 46.907189534888502 ], [ 7.879876736896392, 46.901391427646367 ], [ 7.881713274302099, 46.899693210266747 ], [ 7.875355721899259, 46.895759635253881 ], [ 7.873049044888845, 46.889615548869394 ], [ 7.858608062650546, 46.88527961939154 ], [ 7.856211977863556, 46.880835651227521 ], [ 7.857267157390742, 46.87143159793014 ], [ 7.86440013959812, 46.869444312792623 ], [ 7.864519747836299, 46.866322455441249 ], [ 7.869565103167787, 46.864162675912794 ], [ 7.867390505675666, 46.851289363219145 ], [ 7.869823315356514, 46.847259262196395 ], [ 7.870412279388335, 46.843856759631073 ], [ 7.877108849727938, 46.837075716304284 ], [ 7.922416086144262, 46.820017638413468 ], [ 7.946742566652451, 46.805222470306035 ], [ 7.950989374523449, 46.79993212550076 ], [ 7.953019696399272, 46.794426716208832 ], [ 7.943116059646669, 46.795676235589347 ], [ 7.918295764434691, 46.791402177992474 ], [ 7.915461243837197, 46.78930007409128 ], [ 7.905375050906211, 46.789116788896969 ], [ 7.900668444961219, 46.787021943898765 ], [ 7.888615202774705, 46.786467296002783 ], [ 7.881491300210326, 46.788114295769951 ], [ 7.866908725419783, 46.785696050123498 ], [ 7.848485233440809, 46.796378242583877 ], [ 7.850068469766637, 46.797874810310944 ], [ 7.84575836116202, 46.79953640279485 ], [ 7.846084350117501, 46.801073473025703 ], [ 7.837973216245642, 46.80428646808258 ], [ 7.837801799164994, 46.807678365093707 ], [ 7.833949246824733, 46.80578469279466 ], [ 7.825403331685714, 46.805202196260019 ], [ 7.819497563356556, 46.803719754099916 ], [ 7.79594680749306, 46.804263451813569 ], [ 7.776905907695087, 46.801217859011061 ], [ 7.771146757287178, 46.806236202115002 ], [ 7.764603757207134, 46.807469399546726 ], [ 7.760145349275481, 46.811197120963108 ], [ 7.760947843211206, 46.816133361070207 ], [ 7.756436760108253, 46.817756148224639 ], [ 7.754617188146988, 46.824786609691884 ], [ 7.745406896018361, 46.825279402489429 ], [ 7.741195406886336, 46.829131641907814 ], [ 7.735057398151798, 46.825981299158521 ], [ 7.731025193523219, 46.826783254315309 ], [ 7.736284578190375, 46.829873130578392 ], [ 7.734439237073962, 46.83275643809273 ], [ 7.721680652443338, 46.831772175661193 ], [ 7.716527636368592, 46.83648937503753 ], [ 7.709816984914338, 46.836640375724848 ], [ 7.709621220689567, 46.844646729146305 ], [ 7.717289902262759, 46.844493418193807 ], [ 7.721926799791691, 46.846209168070871 ], [ 7.717861998377531, 46.853712285821047 ], [ 7.717608727678822, 46.860522393159805 ], [ 7.713318194013738, 46.865237319693072 ], [ 7.71818761242047, 46.865945183644172 ], [ 7.715243461596023, 46.867274637874992 ], [ 7.708521108185063, 46.878966601059801 ], [ 7.726705280579152, 46.889132085853539 ], [ 7.728429455630674, 46.887679496518658 ], [ 7.730932791361391, 46.889598146226525 ], [ 7.73249474630662, 46.892103851929576 ], [ 7.72880213456344, 46.900856695828089 ], [ 7.721186006319498, 46.907559207536764 ], [ 7.717261944485532, 46.905814109598374 ], [ 7.711960885501601, 46.907258240967003 ], [ 7.71376237877966, 46.91068328069948 ], [ 7.711032451780281, 46.911271818725389 ], [ 7.711996692530813, 46.912456904637033 ], [ 7.704716666553704, 46.913535449832651 ], [ 7.707680624727585, 46.915615448052733 ], [ 7.704475949813288, 46.917961683780639 ], [ 7.70589041387563, 46.925226577947861 ], [ 7.697560475885948, 46.932261957934635 ], [ 7.697484149072991, 46.938243967973136 ], [ 7.697819262999563, 46.939655465074075 ], [ 7.700221469468201, 46.939407149238221 ], [ 7.704952691937917, 46.948031704471546 ], [ 7.702067495505331, 46.957033575602914 ], [ 7.7006251392608, 46.963009690603286 ], [ 7.702809743031883, 46.966404876074428 ], [ 7.70052615320281, 46.969675357425487 ], [ 7.695298405335599, 46.967393374407067 ], [ 7.688731513806019, 46.968082487462709 ], [ 7.685020053905276, 46.972543117705087 ], [ 7.682807258577967, 46.971432435314824 ], [ 7.680341666198657, 46.972535056496248 ], [ 7.676316107130553, 46.968585567242862 ], [ 7.668293019641103, 46.966847808617423 ], [ 7.660581161557377, 46.960791197735929 ], [ 7.656469918201557, 46.961068913664874 ], [ 7.660534537810038, 46.965423809738517 ], [ 7.657003721802582, 46.969595335580124 ], [ 7.661713232757563, 46.974011924761676 ], [ 7.657379034110035, 46.981126427227707 ], [ 7.652875379606141, 46.982277285540199 ], [ 7.650634155687928, 46.98055436646608 ], [ 7.648203213143359, 46.984084919184497 ], [ 7.64477517184943, 46.981329598669781 ], [ 7.64058752280867, 46.982704285688968 ], [ 7.634183382316357, 46.981860803685656 ], [ 7.629101005811439, 46.986780672816671 ], [ 7.616854590402194, 46.980224826402484 ], [ 7.614794364799003, 46.981226457170123 ], [ 7.602847256052007, 46.977025382797976 ], [ 7.602685125829158, 46.979895065678775 ], [ 7.599304043767747, 46.978793426778417 ], [ 7.591697238099166, 46.984470717853149 ], [ 7.583851074722999, 46.984840671966282 ], [ 7.581792201712219, 46.986651267237939 ], [ 7.579423932370096, 46.985808640154225 ], [ 7.57567057642429, 46.988178878256385 ], [ 7.575180175918267, 46.991786503541206 ], [ 7.56762200880438, 46.986631998636547 ], [ 7.562782943026989, 46.985863723437483 ], [ 7.557398467797313, 46.988064197052324 ], [ 7.55817430817294, 46.994135100485444 ], [ 7.551104496117074, 46.995626392122524 ], [ 7.551662112273426, 46.991937852519236 ], [ 7.546185812874683, 46.981544717051968 ], [ 7.541848110046987, 46.981377763790249 ], [ 7.537701105834866, 46.977666400745257 ], [ 7.529381075011888, 46.977223468149489 ], [ 7.532477553200585, 46.981835501732775 ], [ 7.531847296161623, 46.989850664315064 ], [ 7.538251642880828, 46.998318720585246 ], [ 7.530508711745047, 46.998945787490705 ], [ 7.536651646714883, 47.000541876514276 ], [ 7.536038322576584, 47.003123986635295 ], [ 7.536815393305378, 47.003833942311907 ], [ 7.542505146541469, 47.008713307044992 ], [ 7.542654921864944, 47.018220967683014 ], [ 7.54011199386101, 47.022846688210997 ], [ 7.537111119310616, 47.021841833495841 ], [ 7.530374458748582, 47.028377775124085 ], [ 7.528619778779193, 47.033254464487811 ], [ 7.524067872439477, 47.033356853788021 ], [ 7.524574000370231, 47.037260324821503 ], [ 7.531530743908329, 47.050594572716207 ], [ 7.529256113825899, 47.051873664262096 ], [ 7.537053600923215, 47.055321385053446 ], [ 7.54024402963078, 47.058143059257169 ], [ 7.536432116037067, 47.06100674776696 ], [ 7.542602164630791, 47.072910725381 ], [ 7.548435701107508, 47.07340006367037 ], [ 7.55100373360748, 47.08003588063994 ], [ 7.559388791563051, 47.072894428542412 ], [ 7.567112936266832, 47.071087110230131 ], [ 7.568433319034965, 47.072677745628859 ], [ 7.564437042369141, 47.075326683846761 ], [ 7.563329936558908, 47.080544960412041 ], [ 7.553994629397282, 47.087048998228518 ], [ 7.544862715570257, 47.090970534100393 ], [ 7.541425082577826, 47.097818773515534 ], [ 7.544696851873912, 47.100406360842449 ], [ 7.537826569654269, 47.103623627609799 ], [ 7.535526874411219, 47.106791778085487 ], [ 7.533159946439315, 47.109339287158399 ], [ 7.530089103631101, 47.108703110807113 ], [ 7.531719016116067, 47.114170707977564 ], [ 7.528820355717607, 47.114226966062994 ], [ 7.530653968138806, 47.115475815518991 ], [ 7.527374800159347, 47.116557754495929 ], [ 7.528265390828253, 47.121234405170732 ], [ 7.524246052631587, 47.121183468734486 ], [ 7.51788426638853, 47.114315896436409 ], [ 7.509349257435989, 47.116741020624545 ], [ 7.50448134363149, 47.122923350066223 ], [ 7.512237618584494, 47.128396575342471 ], [ 7.514751707647441, 47.135482896795459 ], [ 7.523067518990147, 47.142870907658519 ], [ 7.524181281034731, 47.146899772687306 ], [ 7.529418656333752, 47.148829683161068 ], [ 7.521865650494377, 47.158585703758504 ], [ 7.520417137904816, 47.159953939499744 ], [ 7.522990031499782, 47.160815601041442 ], [ 7.534364113568228, 47.1643867097143 ], [ 7.535310240456282, 47.162461042327145 ], [ 7.538885550868567, 47.163186587012028 ], [ 7.54506548195727, 47.160473651599538 ], [ 7.558560098063542, 47.168079058857629 ], [ 7.564521040858975, 47.167784902651576 ], [ 7.565145912654991, 47.164285251814725 ] ] ] } },
{ "type": "Feature", "properties": { "bezirk_id": "B_246" }, "geometry": { "type": "MultiPolygon", "coordinates": [ [ [ [ 7.134881153629657, 46.919382805719025 ], [ 7.138724312435316, 46.908283786531292 ], [ 7.128452317650221, 46.905071972551887 ], [ 7.123007908181497, 46.900199563989716 ], [ 7.11959363685073, 46.900549876598546 ], [ 7.118624166517646, 46.902463163911506 ], [ 7.118776145858815, 46.905584965454572 ], [ 7.11323293691774, 46.910633648230878 ], [ 7.114829040869441, 46.91585546747654 ], [ 7.125247272050468, 46.918969949087135 ], [ 7.126687515339981, 46.917381729552744 ], [ 7.134881153629657, 46.919382805719025 ] ] ], [ [ [ 7.509349257435989, 47.116741020624545 ], [ 7.51788426638853, 47.114315896436409 ], [ 7.524246052631587, 47.121183468734486 ], [ 7.528265390828253, 47.121234405170732 ], [ 7.527374800159347, 47.116557754495929 ], [ 7.530653968138806, 47.115475815518991 ], [ 7.528820355717607, 47.114226966062994 ], [ 7.531719016116067, 47.114170707977564 ], [ 7.530089103631101, 47.108703110807113 ], [ 7.533159946439315, 47.109339287158399 ], [ 7.535526874411219, 47.106791778085487 ], [ 7.537826569654269, 47.103623627609799 ], [ 7.544696851873912, 47.100406360842449 ], [ 7.541425082577826, 47.097818773515534 ], [ 7.544862715570257, 47.090970534100393 ], [ 7.553994629397282, 47.087048998228518 ], [ 7.563329936558908, 47.080544960412041 ], [ 7.564437042369141, 47.075326683846761 ], [ 7.568433319034965, 47.072677745628859 ], [ 7.567112936266832, 47.071087110230131 ], [ 7.559388791563051, 47.072894428542412 ], [ 7.55100373360748, 47.08003588063994 ], [ 7.548435701107508, 47.07340006367037 ], [ 7.542602164630791, 47.072910725381 ], [ 7.536432116037067, 47.06100674776696 ], [ 7.54024402963078, 47.058143059257169 ], [ 7.537053600923215, 47.055321385053446 ], [ 7.529256113825899, 47.051873664262096 ], [ 7.531530743908329, 47.050594572716207 ], [ 7.524574000370231, 47.037260324821503 ], [ 7.524067872439477, 47.033356853788021 ], [ 7.528619778779193, 47.033254464487811 ], [ 7.530374458748582, 47.028377775124085 ], [ 7.537111119310616, 47.021841833495841 ], [ 7.54011199386101, 47.022846688210997 ], [ 7.542654921864944, 47.018220967683014 ], [ 7.542505146541469, 47.008713307044992 ], [ 7.536815393305378, 47.003833942311907 ], [ 7.536038322576584, 47.003123986635295 ], [ 7.536651646714883, 47.000541876514276 ], [ 7.530508711745047, 46.998945787490705 ], [ 7.538251642880828, 46.998318720585246 ], [ 7.531847296161623, 46.989850664315064 ], [ 7.532477553200585, 46.981835501732775 ], [ 7.529381075011888, 46.977223468149489 ], [ 7.537701105834866, 46.977666400745257 ], [ 7.541848110046987, 46.981377763790249 ], [ 7.546185812874683, 46.981544717051968 ], [ 7.551662112273426, 46.991937852519236 ], [ 7.551104496117074, 46.995626392122524 ], [ 7.55817430817294, 46.994135100485444 ], [ 7.557398467797313, 46.988064197052324 ], [ 7.562782943026989, 46.985863723437483 ], [ 7.56762200880438, 46.986631998636547 ], [ 7.575180175918267, 46.991786503541206 ], [ 7.57567057642429, 46.988178878256385 ], [ 7.579423932370096, 46.985808640154225 ], [ 7.581792201712219, 46.986651267237939 ], [ 7.583851074722999, 46.984840671966282 ], [ 7.591697238099166, 46.984470717853149 ], [ 7.599304043767747, 46.978793426778417 ], [ 7.602685125829158, 46.979895065678775 ], [ 7.602847256052007, 46.977025382797976 ], [ 7.614794364799003, 46.981226457170123 ], [ 7.616854590402194, 46.980224826402484 ], [ 7.629101005811439, 46.986780672816671 ], [ 7.634183382316357, 46.981860803685656 ], [ 7.64058752280867, 46.982704285688968 ], [ 7.64477517184943, 46.981329598669781 ], [ 7.648203213143359, 46.984084919184497 ], [ 7.650634155687928, 46.98055436646608 ], [ 7.652875379606141, 46.982277285540199 ], [ 7.657379034110035, 46.981126427227707 ], [ 7.661713232757563, 46.974011924761676 ], [ 7.657003721802582, 46.969595335580124 ], [ 7.660534537810038, 46.965423809738517 ], [ 7.656469918201557, 46.961068913664874 ], [ 7.660581161557377, 46.960791197735929 ], [ 7.668293019641103, 46.966847808617423 ], [ 7.676316107130553, 46.968585567242862 ], [ 7.680341666198657, 46.972535056496248 ], [ 7.682807258577967, 46.971432435314824 ], [ 7.685020053905276, 46.972543117705087 ], [ 7.688731513806019, 46.968082487462709 ], [ 7.695298405335599, 46.967393374407067 ], [ 7.70052615320281, 46.969675357425487 ], [ 7.702809743031883, 46.966404876074428 ], [ 7.7006251392608, 46.963009690603286 ], [ 7.702067495505331, 46.957033575602914 ], [ 7.704952691937917, 46.948031704471546 ], [ 7.700221469468201, 46.939407149238221 ], [ 7.697819262999563, 46.939655465074075 ], [ 7.697484149072991, 46.938243967973136 ], [ 7.697560475885948, 46.932261957934635 ], [ 7.70589041387563, 46.925226577947861 ], [ 7.704475949813288, 46.917961683780639 ], [ 7.707680624727585, 46.915615448052733 ], [ 7.704716666553704, 46.913535449832651 ], [ 7.711996692530813, 46.912456904637033 ], [ 7.711032451780281, 46.911271818725389 ], [ 7.71376237877966, 46.91068328069948 ], [ 7.711960885501601, 46.907258240967003 ], [ 7.717261944485532, 46.905814109598374 ], [ 7.721186006319498, 46.907559207536764 ], [ 7.72880213456344, 46.900856695828089 ], [ 7.73249474630662, 46.892103851929576 ], [ 7.730932791361391, 46.889598146226525 ], [ 7.728429455630674, 46.887679496518658 ], [ 7.726705280579152, 46.889132085853539 ], [ 7.708521108185063, 46.878966601059801 ], [ 7.715243461596023, 46.867274637874992 ], [ 7.71818761242047, 46.865945183644172 ], [ 7.713318194013738, 46.865237319693072 ], [ 7.717608727678822, 46.860522393159805 ], [ 7.717861998377531, 46.853712285821047 ], [ 7.721926799791691, 46.846209168070871 ], [ 7.717289902262759, 46.844493418193807 ], [ 7.709621220689567, 46.844646729146305 ], [ 7.709816984914338, 46.836640375724848 ], [ 7.6807467764698, 46.831659029071815 ], [ 7.678039626715557, 46.833014019144819 ], [ 7.676735294057043, 46.828519042830052 ], [ 7.674633399771849, 46.827398963965656 ], [ 7.672345786647671, 46.828770946767868 ], [ 7.666877380108438, 46.824940929369589 ], [ 7.653980888084376, 46.824740979527945 ], [ 7.653692943468355, 46.818246850499811 ], [ 7.649495634784467, 46.81719318611502 ], [ 7.648758167327167, 46.812876750598015 ], [ 7.642725076378178, 46.807823233653359 ], [ 7.622232014631552, 46.807003290031517 ], [ 7.620672550342348, 46.806870842963569 ], [ 7.612233276541109, 46.809951703219078 ], [ 7.606944987937093, 46.807593429258979 ], [ 7.592645498662817, 46.800821972502511 ], [ 7.589277018145043, 46.800133793344976 ], [ 7.588202120053015, 46.804605907451837 ], [ 7.58535897733469, 46.804474641926156 ], [ 7.582204342084612, 46.800493667938987 ], [ 7.583153306049981, 46.797169624614078 ], [ 7.570741700694167, 46.800219559071316 ], [ 7.568677052505971, 46.807787031951136 ], [ 7.565730118961976, 46.808141145449852 ], [ 7.554796092315303, 46.804599525819349 ], [ 7.560376162389034, 46.792611898302582 ], [ 7.556796878226516, 46.790924494822733 ], [ 7.553728665927954, 46.795452288303295 ], [ 7.547768325666181, 46.795116267408211 ], [ 7.542171817169024, 46.800086888618274 ], [ 7.532252123921753, 46.79803542783467 ], [ 7.527578655663319, 46.799748248934961 ], [ 7.526968425117342, 46.803094999900402 ], [ 7.512019418318219, 46.80169318808715 ], [ 7.507277961593999, 46.802190843730429 ], [ 7.505079823942768, 46.804351016549383 ], [ 7.499942887514139, 46.80291458745544 ], [ 7.485203902122988, 46.801122352626251 ], [ 7.476423185249244, 46.795233548789703 ], [ 7.481332425592944, 46.79194854262942 ], [ 7.482011287758033, 46.789159721234114 ], [ 7.491893440980635, 46.783191672425154 ], [ 7.492544351209181, 46.779278372439052 ], [ 7.487696598324916, 46.776042173260869 ], [ 7.486055945744969, 46.771437203496973 ], [ 7.471365814982251, 46.770497722757341 ], [ 7.459749634050961, 46.761145133735162 ], [ 7.460952540734734, 46.757726653752592 ], [ 7.474034514610934, 46.746767017090271 ], [ 7.474580225857647, 46.740739905881966 ], [ 7.477522608360802, 46.738310194818439 ], [ 7.475821520884866, 46.738112848295557 ], [ 7.475923095330613, 46.733516141847659 ], [ 7.465584142637629, 46.726673428234065 ], [ 7.454265980458651, 46.716708476873755 ], [ 7.459222858508119, 46.716509830228674 ], [ 7.463419897311669, 46.713540525374995 ], [ 7.46101083135368, 46.706830381556777 ], [ 7.450313780055098, 46.704978823020532 ], [ 7.44652094342033, 46.699195024040513 ], [ 7.441029540280451, 46.699330158457357 ], [ 7.432373522882164, 46.703018086642935 ], [ 7.428739290554518, 46.698969832827167 ], [ 7.419391341684298, 46.69769120163317 ], [ 7.418896300640597, 46.69303145143374 ], [ 7.40756434264611, 46.688684009413727 ], [ 7.410312365558397, 46.68342238463044 ], [ 7.403640729026279, 46.671978197999465 ], [ 7.39701227292026, 46.675637084031763 ], [ 7.392427914648834, 46.672333928340343 ], [ 7.386417849719819, 46.670972960190475 ], [ 7.375723701094423, 46.674835534631896 ], [ 7.37293349928946, 46.680123292319038 ], [ 7.377765509049897, 46.683571293058833 ], [ 7.375995954104995, 46.687789206950953 ], [ 7.380267870923886, 46.690184312116834 ], [ 7.376944550634452, 46.692665289253355 ], [ 7.368603867240995, 46.692651403557022 ], [ 7.362606888935926, 46.699277185427746 ], [ 7.359797671545952, 46.698015885148116 ], [ 7.345244183431299, 46.698913310904196 ], [ 7.348998760774294, 46.705429088298267 ], [ 7.348843390022876, 46.712283519652047 ], [ 7.326797771338311, 46.716707604088612 ], [ 7.307779709660752, 46.717172957513363 ], [ 7.298477060200646, 46.72345865599204 ], [ 7.296296144339982, 46.736886169297627 ], [ 7.304374701445031, 46.750236290252992 ], [ 7.300728254992819, 46.763581142502346 ], [ 7.295198376864131, 46.765715191636161 ], [ 7.290491621884293, 46.773013426736739 ], [ 7.304213613486541, 46.783105395884498 ], [ 7.301587442847175, 46.785890828027725 ], [ 7.302928413260521, 46.789004851915557 ], [ 7.302038375948673, 46.793924267773157 ], [ 7.305752170628636, 46.796330452881698 ], [ 7.311483770673366, 46.809650200261501 ], [ 7.320904025706075, 46.815507371974157 ], [ 7.318803304239822, 46.817394197239487 ], [ 7.321417284913364, 46.820455356090704 ], [ 7.31967736704043, 46.825014191107108 ], [ 7.328391197584534, 46.828783064197125 ], [ 7.33090938489654, 46.833538337789896 ], [ 7.322618161072538, 46.840714123454561 ], [ 7.308144524648661, 46.846527369203912 ], [ 7.302165038341662, 46.852070454495134 ], [ 7.312043002134724, 46.855635057915592 ], [ 7.312699870747635, 46.860673166994523 ], [ 7.316406811859196, 46.862566237457202 ], [ 7.317381903086606, 46.860534343443987 ], [ 7.323610077582411, 46.860990597957127 ], [ 7.330645995893241, 46.857660258929222 ], [ 7.322875867684345, 46.85486404028196 ], [ 7.325740984463386, 46.851763544036508 ], [ 7.334262367477063, 46.852446363956858 ], [ 7.338162115828262, 46.849544401965105 ], [ 7.351108578906139, 46.854124780992244 ], [ 7.35889723877675, 46.862954944416408 ], [ 7.357378074837324, 46.870141106535989 ], [ 7.353045629841428, 46.872656591421936 ], [ 7.353561823357529, 46.886158900356733 ], [ 7.349410936746406, 46.889070170748177 ], [ 7.325612124003616, 46.894014318786652 ], [ 7.307441524641667, 46.892537534915157 ], [ 7.290156004191907, 46.894000477532209 ], [ 7.281009833670044, 46.889553490253498 ], [ 7.256811072448883, 46.898278780939975 ], [ 7.244048967018574, 46.900011755480314 ], [ 7.243137976942925, 46.897914294819941 ], [ 7.236903937203661, 46.898056338043595 ], [ 7.232529088688861, 46.899307841772419 ], [ 7.230384571303663, 46.904062441729955 ], [ 7.223001200053789, 46.90261845201259 ], [ 7.21744434161097, 46.897543451026671 ], [ 7.212465988979781, 46.901761458870936 ], [ 7.208235992783434, 46.902697486982134 ], [ 7.200034792155185, 46.902356776482975 ], [ 7.195417255002206, 46.89898277483519 ], [ 7.18797035372493, 46.900243968022195 ], [ 7.207879573150299, 46.909263319162235 ], [ 7.205462636858999, 46.921716841700409 ], [ 7.206290345075513, 46.924606008682176 ], [ 7.211158974509506, 46.92519152620433 ], [ 7.211111627021825, 46.927062443262997 ], [ 7.211618814878982, 46.931309209441004 ], [ 7.203708989737857, 46.938372433261094 ], [ 7.209755702970545, 46.943224165037549 ], [ 7.209628017168724, 46.948504101688158 ], [ 7.207799939882714, 46.949022137795097 ], [ 7.211051399820501, 46.956647614194281 ], [ 7.206593772778747, 46.960596518570163 ], [ 7.197158949596992, 46.960900761365693 ], [ 7.195424513997621, 46.963820515553259 ], [ 7.206737308452299, 46.963853070463315 ], [ 7.207561574286215, 46.967704683513283 ], [ 7.214292494584499, 46.966962526148762 ], [ 7.214721126020575, 46.97129004980804 ], [ 7.222539929632134, 46.974579374892372 ], [ 7.221298744284295, 46.976016243109122 ], [ 7.229703740940637, 46.980925317986909 ], [ 7.23241593096182, 46.979724903926268 ], [ 7.237862501198893, 46.981812504508362 ], [ 7.243295284070244, 46.980598601258691 ], [ 7.250540787567305, 46.9833363164459 ], [ 7.251735082866574, 46.980100027774078 ], [ 7.255124324485584, 46.980600268396529 ], [ 7.256128444272915, 46.979072705371912 ], [ 7.261660696687543, 46.979360281017627 ], [ 7.257915196327827, 46.975396535098909 ], [ 7.264751681095733, 46.970567778166057 ], [ 7.268274550820762, 46.970222290034016 ], [ 7.278983266376096, 46.974969257998445 ], [ 7.282229622641355, 46.979354400363469 ], [ 7.279802388725585, 46.982346422891531 ], [ 7.282647873095191, 46.984644116070918 ], [ 7.280826905138249, 46.987025317586621 ], [ 7.28788708753773, 46.986549145883934 ], [ 7.286563733077692, 46.989659700486044 ], [ 7.290636353764507, 46.990564579503612 ], [ 7.289762453244296, 46.992812220558712 ], [ 7.291405817135337, 46.992787372125925 ], [ 7.289036850988252, 46.998406231142667 ], [ 7.295704198217467, 47.00276842701868 ], [ 7.302325832025898, 47.004863411465855 ], [ 7.313100031082153, 47.00277995074331 ], [ 7.312604731784711, 47.006494377259941 ], [ 7.322059507533391, 47.006432501292245 ], [ 7.322910165345617, 47.008304348779042 ], [ 7.328997652097933, 47.008805113445163 ], [ 7.335066281966456, 47.012291904187542 ], [ 7.334404139771991, 47.014630018287704 ], [ 7.340949654289558, 47.016821639453219 ], [ 7.348387601762092, 47.012744035263538 ], [ 7.355618390964269, 47.014269727235408 ], [ 7.356904292828313, 47.016186611798268 ], [ 7.358851976244507, 47.015405429028711 ], [ 7.360177930866432, 47.017016472299389 ], [ 7.37102698757108, 47.018246802480398 ], [ 7.375416512058943, 47.021118767622895 ], [ 7.381993381644999, 47.02090637868551 ], [ 7.384411899448963, 47.022535673162722 ], [ 7.387963507757594, 47.02240240146849 ], [ 7.392333575902457, 47.01891420369973 ], [ 7.402394290250108, 47.02054601436307 ], [ 7.402051005263323, 47.02240787886187 ], [ 7.409099040483089, 47.026439751694319 ], [ 7.407426492978785, 47.029632535068984 ], [ 7.410872476496356, 47.030982705542051 ], [ 7.420910055440745, 47.031614432125174 ], [ 7.423213112821023, 47.029051198126012 ], [ 7.428435335008669, 47.03098575817129 ], [ 7.431658661047153, 47.029771696121998 ], [ 7.432289814344673, 47.032020497315848 ], [ 7.434434068904613, 47.033747660131993 ], [ 7.43767055874447, 47.033163082706388 ], [ 7.439065098409501, 47.035348890072711 ], [ 7.442841132646334, 47.036023472155343 ], [ 7.441854465252115, 47.038452152887231 ], [ 7.447210086502897, 47.042004954894139 ], [ 7.448079185601463, 47.046070639901181 ], [ 7.445645080522856, 47.049470906825235 ], [ 7.454685915551085, 47.048588562465994 ], [ 7.455674883268871, 47.055136787429028 ], [ 7.45841326706997, 47.057313158545831 ], [ 7.45593887632321, 47.057628362559484 ], [ 7.455321915374748, 47.063295288259596 ], [ 7.445567678654165, 47.063440131122533 ], [ 7.445765396225589, 47.065715849393634 ], [ 7.440868363665707, 47.068243595435682 ], [ 7.444488897480645, 47.070429274638336 ], [ 7.443172631055649, 47.07449504540822 ], [ 7.453943140103266, 47.076005355785455 ], [ 7.454390486632041, 47.074835954817168 ], [ 7.459368664746103, 47.078226301849824 ], [ 7.466387170324588, 47.07889050368415 ], [ 7.474912192616508, 47.087487359558843 ], [ 7.466659126997083, 47.095917846271171 ], [ 7.461131976900046, 47.108206054190241 ], [ 7.474862598645704, 47.112160407547648 ], [ 7.492087971392058, 47.117047039109231 ], [ 7.498206838148997, 47.121433575996818 ], [ 7.50448134363149, 47.122923350066223 ], [ 7.509349257435989, 47.116741020624545 ] ], [ [ 7.216702438823093, 46.927712130314617 ], [ 7.218633198400553, 46.9243786380313 ], [ 7.230639740247234, 46.929573452867736 ], [ 7.234618960585308, 46.929427729310746 ], [ 7.234894025630187, 46.933018016575694 ], [ 7.235308344476888, 46.938055386211282 ], [ 7.230166089545666, 46.939917100256061 ], [ 7.228187416882315, 46.938780065312947 ], [ 7.229311476128195, 46.93680318628833 ], [ 7.217428955209344, 46.933011738934667 ], [ 7.216702438823093, 46.927712130314617 ] ] ] ] } },
{ "type": "Feature", "properties": { "bezirk_id": "B_247" }, "geometry": { "type": "Polygon", "coordinates": [ [ [ 7.716527636368592, 46.83648937503753 ], [ 7.721680652443338, 46.831772175661193 ], [ 7.734439237073962, 46.83275643809273 ], [ 7.736284578190375, 46.829873130578392 ], [ 7.731025193523219, 46.826783254315309 ], [ 7.735057398151798, 46.825981299158521 ], [ 7.741195406886336, 46.829131641907814 ], [ 7.745406896018361, 46.825279402489429 ], [ 7.754617188146988, 46.824786609691884 ], [ 7.756436760108253, 46.817756148224639 ], [ 7.760947843211206, 46.816133361070207 ], [ 7.760145349275481, 46.811197120963108 ], [ 7.764603757207134, 46.807469399546726 ], [ 7.771146757287178, 46.806236202115002 ], [ 7.776905907695087, 46.801217859011061 ], [ 7.79594680749306, 46.804263451813569 ], [ 7.819497563356556, 46.803719754099916 ], [ 7.825403331685714, 46.805202196260019 ], [ 7.833949246824733, 46.80578469279466 ], [ 7.837801799164994, 46.807678365093707 ], [ 7.837973216245642, 46.80428646808258 ], [ 7.846084350117501, 46.801073473025703 ], [ 7.84575836116202, 46.79953640279485 ], [ 7.850068469766637, 46.797874810310944 ], [ 7.848485233440809, 46.796378242583877 ], [ 7.866908725419783, 46.785696050123498 ], [ 7.867725754955927, 46.781393123960513 ], [ 7.859456555420876, 46.778905096413219 ], [ 7.855397925504223, 46.77559160955488 ], [ 7.85444905051752, 46.771394148187149 ], [ 7.856484811281767, 46.768840990797791 ], [ 7.853851847009098, 46.760133898001918 ], [ 7.837471495775583, 46.759445573138485 ], [ 7.830646615867701, 46.756923435052897 ], [ 7.82104417495671, 46.759456706290699 ], [ 7.807664003542812, 46.749488637912151 ], [ 7.805795668662933, 46.740319203837267 ], [ 7.809789522373824, 46.735034918527987 ], [ 7.806024939291738, 46.729775686083244 ], [ 7.801725565008641, 46.728530045446647 ], [ 7.786754173045367, 46.715479094470524 ], [ 7.773201562069405, 46.71077890978448 ], [ 7.771505278254457, 46.707149658289993 ], [ 7.767129118879166, 46.70575001704524 ], [ 7.766916705769805, 46.703069951587104 ], [ 7.758426747071004, 46.700224439033235 ], [ 7.749584928409518, 46.692872479772589 ], [ 7.748957460507303, 46.688322431878099 ], [ 7.758823259200945, 46.685479601919575 ], [ 7.756922311397959, 46.680087570702391 ], [ 7.745609046517276, 46.683374920187141 ], [ 7.741707310466553, 46.693874155709203 ], [ 7.737348343706973, 46.69525295410098 ], [ 7.734432763910364, 46.700019180374518 ], [ 7.723916984029909, 46.70681054800766 ], [ 7.689214119357814, 46.715869367129081 ], [ 7.675725975021267, 46.726944584479028 ], [ 7.670115301541384, 46.727252918504234 ], [ 7.660079554649936, 46.733128831958801 ], [ 7.65284643455848, 46.73689370534796 ], [ 7.649841077278462, 46.741262092522426 ], [ 7.645603998652101, 46.741908504115223 ], [ 7.638464307970947, 46.746760740207158 ], [ 7.628431900377949, 46.74066987134843 ], [ 7.633401827467803, 46.740022854687034 ], [ 7.629987426941257, 46.736520372519486 ], [ 7.628565438477392, 46.722777644772492 ], [ 7.622250812026523, 46.71988239549767 ], [ 7.633430150533759, 46.711516114910957 ], [ 7.631250391850653, 46.70902804800177 ], [ 7.632266004354486, 46.70779395193162 ], [ 7.631010987631388, 46.69316037574611 ], [ 7.632742099770453, 46.691025517019412 ], [ 7.632715179486196, 46.687157489837723 ], [ 7.615966461077977, 46.678054199462572 ], [ 7.595449531832207, 46.678911709194502 ], [ 7.590057532903224, 46.681014914643391 ], [ 7.587805431230231, 46.684319220309497 ], [ 7.578000797025652, 46.683836802163398 ], [ 7.572553832156441, 46.685327548987267 ], [ 7.57337344918534, 46.689032737644894 ], [ 7.548647344002581, 46.692369433979223 ], [ 7.54599761904185, 46.69445889445808 ], [ 7.536858460931406, 46.694080257143476 ], [ 7.531954874863962, 46.70112780627155 ], [ 7.512698800501951, 46.703912396951907 ], [ 7.507184619708663, 46.706992255386496 ], [ 7.494328394931531, 46.705164078738569 ], [ 7.480675782745124, 46.703811502293078 ], [ 7.470452275255715, 46.707035111064222 ], [ 7.46101083135368, 46.706830381556777 ], [ 7.463419897311669, 46.713540525374995 ], [ 7.459222858508119, 46.716509830228674 ], [ 7.454265980458651, 46.716708476873755 ], [ 7.465584142637629, 46.726673428234065 ], [ 7.475923095330613, 46.733516141847659 ], [ 7.475821520884866, 46.738112848295557 ], [ 7.477522608360802, 46.738310194818439 ], [ 7.474580225857647, 46.740739905881966 ], [ 7.474034514610934, 46.746767017090271 ], [ 7.460952540734734, 46.757726653752592 ], [ 7.459749634050961, 46.761145133735162 ], [ 7.471365814982251, 46.770497722757341 ], [ 7.486055945744969, 46.771437203496973 ], [ 7.487696598324916, 46.776042173260869 ], [ 7.492544351209181, 46.779278372439052 ], [ 7.491893440980635, 46.783191672425154 ], [ 7.482011287758033, 46.789159721234114 ], [ 7.481332425592944, 46.79194854262942 ], [ 7.476423185249244, 46.795233548789703 ], [ 7.485203902122988, 46.801122352626251 ], [ 7.499942887514139, 46.80291458745544 ], [ 7.505079823942768, 46.804351016549383 ], [ 7.507277961593999, 46.802190843730429 ], [ 7.512019418318219, 46.80169318808715 ], [ 7.526968425117342, 46.803094999900402 ], [ 7.527578655663319, 46.799748248934961 ], [ 7.532252123921753, 46.79803542783467 ], [ 7.542171817169024, 46.800086888618274 ], [ 7.547768325666181, 46.795116267408211 ], [ 7.553728665927954, 46.795452288303295 ], [ 7.556796878226516, 46.790924494822733 ], [ 7.560376162389034, 46.792611898302582 ], [ 7.554796092315303, 46.804599525819349 ], [ 7.565730118961976, 46.808141145449852 ], [ 7.568677052505971, 46.807787031951136 ], [ 7.570741700694167, 46.800219559071316 ], [ 7.583153306049981, 46.797169624614078 ], [ 7.582204342084612, 46.800493667938987 ], [ 7.58535897733469, 46.804474641926156 ], [ 7.588202120053015, 46.804605907451837 ], [ 7.589277018145043, 46.800133793344976 ], [ 7.592645498662817, 46.800821972502511 ], [ 7.606944987937093, 46.807593429258979 ], [ 7.612233276541109, 46.809951703219078 ], [ 7.620672550342348, 46.806870842963569 ], [ 7.622232014631552, 46.807003290031517 ], [ 7.642725076378178, 46.807823233653359 ], [ 7.648758167327167, 46.812876750598015 ], [ 7.649495634784467, 46.81719318611502 ], [ 7.653692943468355, 46.818246850499811 ], [ 7.653980888084376, 46.824740979527945 ], [ 7.666877380108438, 46.824940929369589 ], [ 7.672345786647671, 46.828770946767868 ], [ 7.674633399771849, 46.827398963965656 ], [ 7.676735294057043, 46.828519042830052 ], [ 7.678039626715557, 46.833014019144819 ], [ 7.6807467764698, 46.831659029071815 ], [ 7.709816984914338, 46.836640375724848 ], [ 7.716527636368592, 46.83648937503753 ] ] ] } },
{ "type": "Feature", "properties": { "bezirk_id": "B_248" }, "geometry": { "type": "Polygon", "coordinates": [ [ [ 7.371371751083459, 46.643825460715412 ], [ 7.376047741386628, 46.643810175271035 ], [ 7.387888801290647, 46.649663259867481 ], [ 7.402164333139158, 46.652682346105117 ], [ 7.40604862665058, 46.645550106116964 ], [ 7.411731223104574, 46.644157331392961 ], [ 7.419109902574753, 46.646902532574416 ], [ 7.415716992827998, 46.639570517089247 ], [ 7.418329368983408, 46.63878842359199 ], [ 7.421857587823765, 46.632762020637614 ], [ 7.424665013448998, 46.633464074820019 ], [ 7.422302627967215, 46.629496709494447 ], [ 7.422031647076657, 46.619538604626491 ], [ 7.425126498041317, 46.616930331803808 ], [ 7.430975140524025, 46.616544115875548 ], [ 7.430819623688199, 46.609509585401014 ], [ 7.435023679112938, 46.598058491184709 ], [ 7.433027087571914, 46.597185824610463 ], [ 7.454425351635801, 46.582999042155826 ], [ 7.451228088772907, 46.579158307321208 ], [ 7.461258467477395, 46.574668047578257 ], [ 7.460851045967121, 46.56694992246328 ], [ 7.446568338748208, 46.560456891565195 ], [ 7.440178040168062, 46.552064228199725 ], [ 7.43934354557016, 46.548600929864158 ], [ 7.442016280595645, 46.545668343173091 ], [ 7.45178055375994, 46.541493761714996 ], [ 7.446486788060842, 46.534603585540715 ], [ 7.452496143842126, 46.535520611351473 ], [ 7.454203332682421, 46.533946175970222 ], [ 7.458622230659425, 46.534188402066754 ], [ 7.464319359566973, 46.536103365016892 ], [ 7.468658878691624, 46.533763483303289 ], [ 7.482905237470143, 46.532913357321235 ], [ 7.485756711866399, 46.529278014003722 ], [ 7.498982478391462, 46.526123408604185 ], [ 7.508616812204147, 46.518237816030066 ], [ 7.524808831609186, 46.514682550717779 ], [ 7.517478246202821, 46.50939840039527 ], [ 7.512973556628869, 46.502240898770815 ], [ 7.499511760007207, 46.498011872275939 ], [ 7.489376538956529, 46.497099218662775 ], [ 7.491619880603785, 46.486537367287809 ], [ 7.488487480858144, 46.479036420165905 ], [ 7.495270136121611, 46.464802230891706 ], [ 7.491554527094069, 46.459154746159186 ], [ 7.500004070873789, 46.448922540079103 ], [ 7.494728637324667, 46.444400430519636 ], [ 7.498134896073279, 46.441412176364061 ], [ 7.50474620935338, 46.442173197809311 ], [ 7.528215007119371, 46.430391003637141 ], [ 7.537187294561644, 46.42784686711552 ], [ 7.55478462313238, 46.413572273191647 ], [ 7.533981531548192, 46.409768365494706 ], [ 7.528673262891148, 46.400498167399697 ], [ 7.540755328662613, 46.394856757697596 ], [ 7.546799366472349, 46.394032596773663 ], [ 7.555382393104201, 46.388977597916472 ], [ 7.540682682332817, 46.383783197838561 ], [ 7.538435339863881, 46.377443259791001 ], [ 7.526278174733223, 46.374484659235051 ], [ 7.507252916349953, 46.375837973630119 ], [ 7.5022948630433, 46.370434454482272 ], [ 7.499331279244852, 46.369896319156517 ], [ 7.494499033312183, 46.371931777656975 ], [ 7.486895364404346, 46.370729795585461 ], [ 7.483525269599809, 46.381561889032824 ], [ 7.479394564060931, 46.385287605972501 ], [ 7.473647926819808, 46.383661271637699 ], [ 7.469992235049336, 46.378228953651075 ], [ 7.463805354256493, 46.378005555390821 ], [ 7.462127955091109, 46.376233763378508 ], [ 7.457281815062264, 46.381524052877317 ], [ 7.443243822207671, 46.382901708153035 ], [ 7.438044306268745, 46.386194156321814 ], [ 7.427724029719107, 46.380679228118581 ], [ 7.417156825163763, 46.38021885285373 ], [ 7.401680462950122, 46.374268623462655 ], [ 7.399677270957171, 46.376624789894258 ], [ 7.382351158461534, 46.365282870369818 ], [ 7.378193785502659, 46.364561043093765 ], [ 7.368067431335838, 46.357655453965542 ], [ 7.36265090774993, 46.356698367076845 ], [ 7.359070095886336, 46.353286533956762 ], [ 7.353540624607621, 46.350196966016398 ], [ 7.347836863327489, 46.350687247768583 ], [ 7.337451930018175, 46.346567352674612 ], [ 7.315284406063507, 46.343864486145243 ], [ 7.308055792462628, 46.35195239277926 ], [ 7.312806603828645, 46.370335899155897 ], [ 7.310404013924744, 46.375127859684035 ], [ 7.299053844250379, 46.366649449760203 ], [ 7.29488489014608, 46.365771623040139 ], [ 7.290592949670963, 46.367142391500174 ], [ 7.262319382143872, 46.358222963336331 ], [ 7.260169447297069, 46.344357282476018 ], [ 7.262099074882164, 46.338180314141525 ], [ 7.25330651565087, 46.330537875961483 ], [ 7.233608809456014, 46.326545654719027 ], [ 7.221457014093223, 46.329212587588408 ], [ 7.222886219492372, 46.348547003783558 ], [ 7.219201809226584, 46.356950835004675 ], [ 7.226535430487268, 46.358755006544172 ], [ 7.230278501276327, 46.36182950622851 ], [ 7.226367882698168, 46.365024665644412 ], [ 7.216114853689736, 46.361991351609007 ], [ 7.207111172389338, 46.373919470611334 ], [ 7.208247101391132, 46.378788451175062 ], [ 7.193702033230458, 46.378946723245335 ], [ 7.194628925316804, 46.383806393112479 ], [ 7.207766910116427, 46.402958821391124 ], [ 7.207041783515216, 46.408309756118349 ], [ 7.209856485458157, 46.416177705213762 ], [ 7.192946408469789, 46.4336657345007 ], [ 7.19499694323938, 46.440578846183229 ], [ 7.202100927080267, 46.440764862021318 ], [ 7.205048886613181, 46.439115795207954 ], [ 7.222564439068805, 46.44204726658463 ], [ 7.225802710403909, 46.445831590998068 ], [ 7.226040475018053, 46.451544277792173 ], [ 7.232473709703735, 46.453958044366111 ], [ 7.227047030596691, 46.457060501829389 ], [ 7.230444628713411, 46.460350227829728 ], [ 7.230903671432578, 46.466216234959575 ], [ 7.225043074210496, 46.477483889414351 ], [ 7.224008373249649, 46.486683887879046 ], [ 7.236186306970236, 46.487797376499891 ], [ 7.235581433366649, 46.49278887012818 ], [ 7.23255198860384, 46.494789412911466 ], [ 7.239503417836629, 46.495917335856085 ], [ 7.244342360957353, 46.501368118582 ], [ 7.24871444400287, 46.517567682210391 ], [ 7.245933819530895, 46.53807266468008 ], [ 7.237252180454729, 46.54636127784746 ], [ 7.237020397034939, 46.553799776854852 ], [ 7.245762612509486, 46.55586602100886 ], [ 7.259768781526178, 46.563400371508386 ], [ 7.26801814813917, 46.573578145052672 ], [ 7.28179977247258, 46.584689665004078 ], [ 7.298697157620889, 46.579152585637857 ], [ 7.308045691057883, 46.581322723931095 ], [ 7.312528275976292, 46.589144977226567 ], [ 7.320756156109307, 46.591654640847231 ], [ 7.314851076815504, 46.600356029752454 ], [ 7.318287370432511, 46.616057001256841 ], [ 7.317837998922915, 46.618503312564563 ], [ 7.312125328800057, 46.621690479131445 ], [ 7.313252497165946, 46.636579369228073 ], [ 7.322288511866426, 46.637155758300551 ], [ 7.329749446910418, 46.641705948904594 ], [ 7.322106031833755, 46.655002711492081 ], [ 7.344641544682349, 46.65502373155325 ], [ 7.349637969695968, 46.651456564308276 ], [ 7.349107156709199, 46.648604561388019 ], [ 7.354818400782732, 46.646746882174305 ], [ 7.355757552270324, 46.639182334813619 ], [ 7.358780058057985, 46.644177041182338 ], [ 7.375850783238719, 46.655756122542385 ], [ 7.376494148281494, 46.653003851202499 ], [ 7.38135637368057, 46.650622627748533 ], [ 7.375650458289607, 46.648406667619213 ], [ 7.371371751083459, 46.643825460715412 ] ] ] } },
{ "type": "Feature", "properties": { "bezirk_id": "B_249" }, "geometry": { "type": "Polygon", "coordinates": [ [ [ 7.628565438477392, 46.722777644772492 ], [ 7.633329332145379, 46.719855109730105 ], [ 7.638888955708278, 46.720043426084132 ], [ 7.636304359851714, 46.717888997339067 ], [ 7.643128002157021, 46.71688751288503 ], [ 7.643827211594659, 46.711569922348751 ], [ 7.658898732991586, 46.703365000404354 ], [ 7.663710589187815, 46.697058776062725 ], [ 7.688268096771881, 46.692240195916554 ], [ 7.689818500585187, 46.688278765665956 ], [ 7.685907077083522, 46.687657601952672 ], [ 7.696864974235383, 46.685654364033198 ], [ 7.703475774751922, 46.682283903978686 ], [ 7.703918182856646, 46.673872037607048 ], [ 7.724445061790291, 46.668146347978954 ], [ 7.725780676883534, 46.666199956473022 ], [ 7.745536309005169, 46.66132696446445 ], [ 7.752127993161526, 46.648922135301532 ], [ 7.763906846224804, 46.639605725947497 ], [ 7.764474295134161, 46.631894869466798 ], [ 7.774986490099697, 46.629795382780159 ], [ 7.779912764931452, 46.624113514379161 ], [ 7.79360997456919, 46.622227620123986 ], [ 7.79535516141391, 46.615619378974849 ], [ 7.804831343985621, 46.6115323162905 ], [ 7.807512318667449, 46.612261320680496 ], [ 7.806237124258808, 46.607092938995848 ], [ 7.817806454499055, 46.596575116468621 ], [ 7.816542001591711, 46.593035022499457 ], [ 7.821331432051839, 46.591237904330747 ], [ 7.825087227326926, 46.585432021334434 ], [ 7.825335852878393, 46.56725090856547 ], [ 7.818539815283794, 46.561579500752686 ], [ 7.82364717794157, 46.559043564988116 ], [ 7.813969550183325, 46.551339566480749 ], [ 7.813224323129475, 46.547275968498901 ], [ 7.806165916667269, 46.542729150519754 ], [ 7.810794443340689, 46.538980911556749 ], [ 7.813613125308407, 46.529966976897661 ], [ 7.819798801492979, 46.525475577627262 ], [ 7.82010488572823, 46.518961663477185 ], [ 7.82728377676848, 46.51148893550662 ], [ 7.816635180769032, 46.497905291011776 ], [ 7.810045774065174, 46.496280770727488 ], [ 7.819216133490436, 46.488864993408214 ], [ 7.829912387885642, 46.48753333100094 ], [ 7.83014898208648, 46.484222091457731 ], [ 7.834289041374722, 46.480474543105466 ], [ 7.84341109821398, 46.477860675636947 ], [ 7.827457337132032, 46.47025196863833 ], [ 7.824137063133117, 46.46654803624704 ], [ 7.797522748541054, 46.458071203870894 ], [ 7.780165739114792, 46.446808047178109 ], [ 7.778231691178634, 46.443449445105252 ], [ 7.768073215918144, 46.439953009536886 ], [ 7.744234598084612, 46.428379133722693 ], [ 7.736470375045935, 46.424081800540336 ], [ 7.724071606599266, 46.421288947654624 ], [ 7.712379380548596, 46.413896251838771 ], [ 7.705080231322058, 46.415991585116721 ], [ 7.693024917348535, 46.424717994291122 ], [ 7.689615731250472, 46.42451866399027 ], [ 7.62610040089993, 46.44505207593815 ], [ 7.620573547582167, 46.438422245351006 ], [ 7.609651248274544, 46.43672998011921 ], [ 7.610211077325343, 46.428570090863417 ], [ 7.606386400860744, 46.424383812724038 ], [ 7.598403507504554, 46.421426715592474 ], [ 7.600063668881413, 46.415397297004958 ], [ 7.594160392388381, 46.411402440685229 ], [ 7.586376582144003, 46.413778642666671 ], [ 7.583472490387374, 46.417263678945872 ], [ 7.577124658971385, 46.417064659545247 ], [ 7.562377498500684, 46.412430851393708 ], [ 7.55478462313238, 46.413572273191647 ], [ 7.537187294561644, 46.42784686711552 ], [ 7.528215007119371, 46.430391003637141 ], [ 7.50474620935338, 46.442173197809311 ], [ 7.498134896073279, 46.441412176364061 ], [ 7.494728637324667, 46.444400430519636 ], [ 7.500004070873789, 46.448922540079103 ], [ 7.491554527094069, 46.459154746159186 ], [ 7.495270136121611, 46.464802230891706 ], [ 7.488487480858144, 46.479036420165905 ], [ 7.491619880603785, 46.486537367287809 ], [ 7.489376538956529, 46.497099218662775 ], [ 7.499511760007207, 46.498011872275939 ], [ 7.512973556628869, 46.502240898770815 ], [ 7.517478246202821, 46.50939840039527 ], [ 7.524808831609186, 46.514682550717779 ], [ 7.508616812204147, 46.518237816030066 ], [ 7.498982478391462, 46.526123408604185 ], [ 7.485756711866399, 46.529278014003722 ], [ 7.482905237470143, 46.532913357321235 ], [ 7.468658878691624, 46.533763483303289 ], [ 7.464319359566973, 46.536103365016892 ], [ 7.458622230659425, 46.534188402066754 ], [ 7.454203332682421, 46.533946175970222 ], [ 7.452496143842126, 46.535520611351473 ], [ 7.446486788060842, 46.534603585540715 ], [ 7.45178055375994, 46.541493761714996 ], [ 7.442016280595645, 46.545668343173091 ], [ 7.43934354557016, 46.548600929864158 ], [ 7.440178040168062, 46.552064228199725 ], [ 7.446568338748208, 46.560456891565195 ], [ 7.460851045967121, 46.56694992246328 ], [ 7.461258467477395, 46.574668047578257 ], [ 7.451228088772907, 46.579158307321208 ], [ 7.454425351635801, 46.582999042155826 ], [ 7.433027087571914, 46.597185824610463 ], [ 7.435023679112938, 46.598058491184709 ], [ 7.430819623688199, 46.609509585401014 ], [ 7.430975140524025, 46.616544115875548 ], [ 7.425126498041317, 46.616930331803808 ], [ 7.422031647076657, 46.619538604626491 ], [ 7.422302627967215, 46.629496709494447 ], [ 7.424665013448998, 46.633464074820019 ], [ 7.421857587823765, 46.632762020637614 ], [ 7.418329368983408, 46.63878842359199 ], [ 7.415716992827998, 46.639570517089247 ], [ 7.419109902574753, 46.646902532574416 ], [ 7.411731223104574, 46.644157331392961 ], [ 7.40604862665058, 46.645550106116964 ], [ 7.402164333139158, 46.652682346105117 ], [ 7.387888801290647, 46.649663259867481 ], [ 7.376047741386628, 46.643810175271035 ], [ 7.371371751083459, 46.643825460715412 ], [ 7.375650458289607, 46.648406667619213 ], [ 7.38135637368057, 46.650622627748533 ], [ 7.376494148281494, 46.653003851202499 ], [ 7.375850783238719, 46.655756122542385 ], [ 7.368496260916484, 46.655257015107694 ], [ 7.371587635065907, 46.669462822544446 ], [ 7.375723701094423, 46.674835534631896 ], [ 7.386417849719819, 46.670972960190475 ], [ 7.392427914648834, 46.672333928340343 ], [ 7.39701227292026, 46.675637084031763 ], [ 7.403640729026279, 46.671978197999465 ], [ 7.410312365558397, 46.68342238463044 ], [ 7.40756434264611, 46.688684009413727 ], [ 7.418896300640597, 46.69303145143374 ], [ 7.419391341684298, 46.69769120163317 ], [ 7.428739290554518, 46.698969832827167 ], [ 7.432373522882164, 46.703018086642935 ], [ 7.441029540280451, 46.699330158457357 ], [ 7.44652094342033, 46.699195024040513 ], [ 7.450313780055098, 46.704978823020532 ], [ 7.46101083135368, 46.706830381556777 ], [ 7.470452275255715, 46.707035111064222 ], [ 7.480675782745124, 46.703811502293078 ], [ 7.494328394931531, 46.705164078738569 ], [ 7.507184619708663, 46.706992255386496 ], [ 7.512698800501951, 46.703912396951907 ], [ 7.531954874863962, 46.70112780627155 ], [ 7.536858460931406, 46.694080257143476 ], [ 7.54599761904185, 46.69445889445808 ], [ 7.548647344002581, 46.692369433979223 ], [ 7.57337344918534, 46.689032737644894 ], [ 7.572553832156441, 46.685327548987267 ], [ 7.578000797025652, 46.683836802163398 ], [ 7.587805431230231, 46.684319220309497 ], [ 7.590057532903224, 46.681014914643391 ], [ 7.595449531832207, 46.678911709194502 ], [ 7.615966461077977, 46.678054199462572 ], [ 7.632715179486196, 46.687157489837723 ], [ 7.632742099770453, 46.691025517019412 ], [ 7.631010987631388, 46.69316037574611 ], [ 7.632266004354486, 46.70779395193162 ], [ 7.631250391850653, 46.70902804800177 ], [ 7.633430150533759, 46.711516114910957 ], [ 7.622250812026523, 46.71988239549767 ], [ 7.628565438477392, 46.722777644772492 ] ] ] } },
{ "type": "Feature", "properties": { "bezirk_id": "B_250" }, "geometry": { "type": "Polygon", "coordinates": [ [ [ 7.954119445047811, 46.791633134495463 ], [ 7.967509315076886, 46.785383024267936 ], [ 7.973580773408862, 46.778266240569813 ], [ 7.984389021113194, 46.774922757449353 ], [ 7.997585007462062, 46.782289386937585 ], [ 8.020666355441305, 46.789046877450545 ], [ 8.031274542637023, 46.790206794005307 ], [ 8.046943138962076, 46.787101957531767 ], [ 8.049088126939637, 46.788008081637777 ], [ 8.054830109282085, 46.788499025114398 ], [ 8.059965808729665, 46.786375235433447 ], [ 8.068962524514355, 46.788574902440715 ], [ 8.0745578205659, 46.786600844799224 ], [ 8.089816681672888, 46.787810319963278 ], [ 8.090975800664378, 46.784025514224155 ], [ 8.099627337498877, 46.778290515057705 ], [ 8.102295670839863, 46.773795178410602 ], [ 8.113615197770828, 46.773297083249162 ], [ 8.121891873690819, 46.770333271019418 ], [ 8.146360494929439, 46.755260323279067 ], [ 8.158561095836639, 46.759313153153279 ], [ 8.16752535805999, 46.765922200685722 ], [ 8.172200959915347, 46.764138090820531 ], [ 8.189801355258064, 46.77020385091906 ], [ 8.196314836612135, 46.767866902495783 ], [ 8.208145084661728, 46.769353106563791 ], [ 8.222057818084895, 46.760928373368245 ], [ 8.233877040858335, 46.761719297684238 ], [ 8.239125103859115, 46.769572031833782 ], [ 8.25940690699159, 46.763643741251201 ], [ 8.268650195647048, 46.754347123706864 ], [ 8.275624007465366, 46.75502489624165 ], [ 8.283475113844455, 46.753203878251298 ], [ 8.315935038753079, 46.770105465779302 ], [ 8.333002227653028, 46.780804284324887 ], [ 8.360002720458427, 46.782964672486877 ], [ 8.368889716039186, 46.787975413788097 ], [ 8.37740451384164, 46.785809694418944 ], [ 8.386652774889711, 46.778473511765426 ], [ 8.392086285359944, 46.777681617225177 ], [ 8.395224792093158, 46.771538045228837 ], [ 8.396294862130702, 46.765438727778054 ], [ 8.414454867475772, 46.774209147403134 ], [ 8.421105381085367, 46.772703763046415 ], [ 8.4229658941099, 46.770618636636762 ], [ 8.436955936445518, 46.772386399154144 ], [ 8.446551910719215, 46.770197020900625 ], [ 8.445941093450829, 46.766936804339686 ], [ 8.448959356452928, 46.764517162638747 ], [ 8.446365705904341, 46.756731406115534 ], [ 8.443934289713873, 46.754098969013768 ], [ 8.43872422369167, 46.753362057037869 ], [ 8.442870962166502, 46.746902391945156 ], [ 8.44077163182302, 46.737456860039835 ], [ 8.449723210821874, 46.729848096519206 ], [ 8.447469411663887, 46.726863310339972 ], [ 8.447239590985857, 46.714567524029427 ], [ 8.448584563276787, 46.712351552794722 ], [ 8.453786725929035, 46.710785019846341 ], [ 8.452031421119205, 46.704368322220283 ], [ 8.455041038625383, 46.697522395807141 ], [ 8.452286696222531, 46.688712598376014 ], [ 8.441089440192236, 46.685545946971494 ], [ 8.432725048035946, 46.687076559346345 ], [ 8.428183429139139, 46.686072499306896 ], [ 8.414808345650485, 46.687420257346467 ], [ 8.412342906959347, 46.690616989090998 ], [ 8.39952925300944, 46.692740811681951 ], [ 8.397299860422935, 46.684258195588889 ], [ 8.398099713706678, 46.674094786441103 ], [ 8.402200427220142, 46.668788437040469 ], [ 8.408170946362683, 46.666506758168232 ], [ 8.410333372574792, 46.652999610518307 ], [ 8.399010343978857, 46.654007625214682 ], [ 8.394606565854223, 46.645831124053117 ], [ 8.390753575864171, 46.644379010886752 ], [ 8.380333389831984, 46.634093003343835 ], [ 8.372625696534771, 46.633202857172876 ], [ 8.368402966545023, 46.624592074827213 ], [ 8.370504646258723, 46.613950409035859 ], [ 8.361734595349281, 46.601121311208026 ], [ 8.363505785779514, 46.592497586207791 ], [ 8.360787622059755, 46.586150334979529 ], [ 8.364529058984015, 46.582899324856683 ], [ 8.360527827509285, 46.577794976430006 ], [ 8.35160607227839, 46.571722500206221 ], [ 8.350406457143979, 46.568655422492498 ], [ 8.336610615603881, 46.561082395748848 ], [ 8.317014576896096, 46.559067292372987 ], [ 8.312748183597922, 46.552496980138486 ], [ 8.302765609472537, 46.545529270330434 ], [ 8.287406106744589, 46.543018047510756 ], [ 8.283355679098122, 46.538280258826155 ], [ 8.26435098790467, 46.533328026304332 ], [ 8.258061274838283, 46.529442227208399 ], [ 8.241230415982884, 46.526575558952061 ], [ 8.225766029206492, 46.527034493953266 ], [ 8.205436688518002, 46.523592963214789 ], [ 8.200170084214866, 46.524428999133356 ], [ 8.184610768272428, 46.52080777817914 ], [ 8.180788835555378, 46.520553909081343 ], [ 8.174503017867842, 46.524076207832344 ], [ 8.174341676391437, 46.531390993595785 ], [ 8.149906676789508, 46.531789305536122 ], [ 8.125744087550311, 46.537245427830783 ], [ 8.113970838631634, 46.546527749894217 ], [ 8.100600646831673, 46.548180599274858 ], [ 8.093612087768284, 46.551432574143767 ], [ 8.085204968576074, 46.551714541868307 ], [ 8.075783733148537, 46.555581929649229 ], [ 8.062703577012833, 46.553270494300307 ], [ 8.061429794575059, 46.551361351536691 ], [ 8.053918465290407, 46.555900136509862 ], [ 8.042781313881544, 46.55702130350933 ], [ 8.030386937636054, 46.562474916352713 ], [ 8.015749430346085, 46.563296710792358 ], [ 8.001257359219496, 46.558070714251166 ], [ 7.997334538242794, 46.558314928312392 ], [ 7.992785780282648, 46.556016242036463 ], [ 7.986002137710638, 46.548015807435661 ], [ 7.979665703923465, 46.548046100532559 ], [ 7.969659057069161, 46.544764777023083 ], [ 7.967736611855225, 46.541490264697281 ], [ 7.962799886793225, 46.539237170720007 ], [ 7.968833379133523, 46.527001926288818 ], [ 7.972911427439845, 46.524212143892363 ], [ 7.967691751026624, 46.512856841487462 ], [ 7.964619848356386, 46.513185939185561 ], [ 7.953534518015182, 46.508046076878934 ], [ 7.942001260738372, 46.50775585433324 ], [ 7.934599150599152, 46.503290473826794 ], [ 7.932767956932016, 46.498197833401207 ], [ 7.923517572242663, 46.495107111260999 ], [ 7.92326544561114, 46.491671797954204 ], [ 7.91528951445801, 46.491138769703348 ], [ 7.911123363948183, 46.486856173558941 ], [ 7.90583908663065, 46.487246830355296 ], [ 7.905212755615534, 46.48559417996649 ], [ 7.895365786781915, 46.482350696105911 ], [ 7.890907713577284, 46.483394028688302 ], [ 7.87664723788185, 46.47850217743941 ], [ 7.84341109821398, 46.477860675636947 ], [ 7.834289041374722, 46.480474543105466 ], [ 7.83014898208648, 46.484222091457731 ], [ 7.829912387885642, 46.48753333100094 ], [ 7.819216133490436, 46.488864993408214 ], [ 7.810045774065174, 46.496280770727488 ], [ 7.816635180769032, 46.497905291011776 ], [ 7.82728377676848, 46.51148893550662 ], [ 7.82010488572823, 46.518961663477185 ], [ 7.819798801492979, 46.525475577627262 ], [ 7.813613125308407, 46.529966976897661 ], [ 7.810794443340689, 46.538980911556749 ], [ 7.806165916667269, 46.542729150519754 ], [ 7.813224323129475, 46.547275968498901 ], [ 7.813969550183325, 46.551339566480749 ], [ 7.82364717794157, 46.559043564988116 ], [ 7.818539815283794, 46.561579500752686 ], [ 7.825335852878393, 46.56725090856547 ], [ 7.825087227326926, 46.585432021334434 ], [ 7.821331432051839, 46.591237904330747 ], [ 7.816542001591711, 46.593035022499457 ], [ 7.817806454499055, 46.596575116468621 ], [ 7.806237124258808, 46.607092938995848 ], [ 7.807512318667449, 46.612261320680496 ], [ 7.804831343985621, 46.6115323162905 ], [ 7.79535516141391, 46.615619378974849 ], [ 7.79360997456919, 46.622227620123986 ], [ 7.779912764931452, 46.624113514379161 ], [ 7.774986490099697, 46.629795382780159 ], [ 7.764474295134161, 46.631894869466798 ], [ 7.763906846224804, 46.639605725947497 ], [ 7.752127993161526, 46.648922135301532 ], [ 7.745536309005169, 46.66132696446445 ], [ 7.759297776885182, 46.655262112677391 ], [ 7.764400920191608, 46.656606003867147 ], [ 7.771710866557622, 46.655595400264602 ], [ 7.791593636296121, 46.661427789828672 ], [ 7.804686749429981, 46.665470570211376 ], [ 7.815773139892204, 46.660675806786429 ], [ 7.826804970041962, 46.665154237008551 ], [ 7.826262747109125, 46.665858130894875 ], [ 7.830215476452141, 46.672177557597777 ], [ 7.825131095217698, 46.672068943447336 ], [ 7.812357308406679, 46.678768214758009 ], [ 7.810471021814179, 46.681958814254678 ], [ 7.800068044581162, 46.684115168428868 ], [ 7.790848121719679, 46.685403351957319 ], [ 7.77906412870126, 46.682290623075666 ], [ 7.76259413085457, 46.682158602256159 ], [ 7.756922311397959, 46.680087570702391 ], [ 7.758823259200945, 46.685479601919575 ], [ 7.748957460507303, 46.688322431878099 ], [ 7.749584928409518, 46.692872479772589 ], [ 7.758426747071004, 46.700224439033235 ], [ 7.766916705769805, 46.703069951587104 ], [ 7.767129118879166, 46.70575001704524 ], [ 7.771505278254457, 46.707149658289993 ], [ 7.773201562069405, 46.71077890978448 ], [ 7.786754173045367, 46.715479094470524 ], [ 7.801725565008641, 46.728530045446647 ], [ 7.806024939291738, 46.729775686083244 ], [ 7.809789522373824, 46.735034918527987 ], [ 7.805795668662933, 46.740319203837267 ], [ 7.807664003542812, 46.749488637912151 ], [ 7.82104417495671, 46.759456706290699 ], [ 7.830646615867701, 46.756923435052897 ], [ 7.837471495775583, 46.759445573138485 ], [ 7.853851847009098, 46.760133898001918 ], [ 7.856484811281767, 46.768840990797791 ], [ 7.85444905051752, 46.771394148187149 ], [ 7.855397925504223, 46.77559160955488 ], [ 7.859456555420876, 46.778905096413219 ], [ 7.867725754955927, 46.781393123960513 ], [ 7.866908725419783, 46.785696050123498 ], [ 7.881491300210326, 46.788114295769951 ], [ 7.888615202774705, 46.786467296002783 ], [ 7.900668444961219, 46.787021943898765 ], [ 7.905375050906211, 46.789116788896969 ], [ 7.915461243837197, 46.78930007409128 ], [ 7.918295764434691, 46.791402177992474 ], [ 7.943116059646669, 46.795676235589347 ], [ 7.953019696399272, 46.794426716208832 ], [ 7.954119445047811, 46.791633134495463 ] ], [ [ 8.015388391274412, 46.757211022614044 ], [ 8.005460975015561, 46.754166190816996 ], [ 7.997504438807062, 46.754286344383424 ], [ 7.979768227617583, 46.747624977305058 ], [ 7.973057922000272, 46.743986336382214 ], [ 7.969140206242481, 46.738148427099219 ], [ 7.960483942555087, 46.736029340672957 ], [ 7.942690009886184, 46.724846694509594 ], [ 7.918711413095433, 46.711008520602711 ], [ 7.909715746976698, 46.705754780036628 ], [ 7.900554763799699, 46.703363380868424 ], [ 7.892513467428992, 46.697188637411195 ], [ 7.884512308227428, 46.694071688805671 ], [ 7.888193357502091, 46.691808346577936 ], [ 7.897041332450072, 46.691503296626195 ], [ 7.897983641157077, 46.688548937913033 ], [ 7.916337306510779, 46.688545579375457 ], [ 7.938865311511395, 46.698884059746632 ], [ 7.950923348410507, 46.70746643415189 ], [ 7.959568580740743, 46.708956583429597 ], [ 7.965107315889522, 46.713698887005108 ], [ 7.966001701267879, 46.711535798264052 ], [ 7.972825111472655, 46.713842956704347 ], [ 7.992815344939631, 46.724632469889983 ], [ 8.012882273431398, 46.732035739152536 ], [ 8.022514606462222, 46.737168424733404 ], [ 8.030595287269666, 46.737864478812043 ], [ 8.035621043766303, 46.740348123239897 ], [ 8.048198372714213, 46.740569557438505 ], [ 8.048771261903909, 46.744947411208123 ], [ 8.046054688423823, 46.747750558317072 ], [ 8.048040972087598, 46.749808992088425 ], [ 8.041020347579755, 46.753984247897399 ], [ 8.031309519545033, 46.75286559523866 ], [ 8.015388391274412, 46.757211022614044 ] ] ] } },
{ "type": "Feature", "properties": { "bezirk_id": "B_311" }, "geometry": { "type": "MultiPolygon", "coordinates": [ [ [ [ 8.426325944165818, 47.002649819829216 ], [ 8.425994916253881, 46.998235730177768 ], [ 8.396259371886325, 47.000826729407123 ], [ 8.385472623942194, 46.998343485356486 ], [ 8.382883610755016, 47.000658741079704 ], [ 8.384732657513196, 47.003360220280797 ], [ 8.395848768888294, 47.004347497196072 ], [ 8.426325944165818, 47.002649819829216 ] ] ], [ [ [ 8.231359016610085, 47.078510238266155 ], [ 8.240111863584376, 47.073843863504912 ], [ 8.242827928736205, 47.074967304214113 ], [ 8.246675924783085, 47.072556516358397 ], [ 8.243184552680333, 47.068020331919058 ], [ 8.252644948239551, 47.066784278901928 ], [ 8.256397179764177, 47.069384302977817 ], [ 8.260306117263445, 47.068438874602123 ], [ 8.262358091952336, 47.064888961141783 ], [ 8.27290723369752, 47.072773825866314 ], [ 8.282567381799581, 47.067485889010285 ], [ 8.290411181355569, 47.068138639987644 ], [ 8.29214593753119, 47.062980334812288 ], [ 8.294599137865793, 47.064095514084762 ], [ 8.296814115422606, 47.062657695393142 ], [ 8.313863076349213, 47.069185741804674 ], [ 8.316823283986583, 47.066644400463808 ], [ 8.322388765033228, 47.068832609620124 ], [ 8.328739038751046, 47.066714602243138 ], [ 8.340402744416219, 47.067451217745102 ], [ 8.34528140157477, 47.067889578471373 ], [ 8.347702183166565, 47.065459631365343 ], [ 8.345569893889309, 47.06392924872582 ], [ 8.353259391281179, 47.061691340307995 ], [ 8.352298968450965, 47.060178729701278 ], [ 8.357165780138587, 47.056883500604108 ], [ 8.357893786779231, 47.053279431356721 ], [ 8.352288104091645, 47.052586529528817 ], [ 8.350611740655966, 47.050755755851078 ], [ 8.352480088008075, 47.049949288107776 ], [ 8.349826499042763, 47.048692999513875 ], [ 8.350426668356969, 47.045287892676562 ], [ 8.357113675610409, 47.042311014043769 ], [ 8.357728101963055, 47.039769327587301 ], [ 8.353555590326661, 47.038156455120365 ], [ 8.340179611385004, 47.048697182925721 ], [ 8.334809887295165, 47.050268467907905 ], [ 8.332789294034757, 47.053801492532322 ], [ 8.31289342502302, 47.054125597994997 ], [ 8.308892811677522, 47.052545780866517 ], [ 8.312709232891729, 47.051707195765566 ], [ 8.315818863938608, 47.047896351649129 ], [ 8.321075074379625, 47.047406299029063 ], [ 8.324946956015864, 47.042788729280574 ], [ 8.33047769573815, 47.043015768944421 ], [ 8.333258424535208, 47.036157474531578 ], [ 8.331895006262069, 47.031715262296338 ], [ 8.329851774486428, 47.033062495022577 ], [ 8.326249263154379, 47.03162412295157 ], [ 8.324348044671652, 47.034409455233416 ], [ 8.317996229915256, 47.03380160851377 ], [ 8.313160329465124, 47.035781597913299 ], [ 8.30769730033456, 47.03399698087199 ], [ 8.30561525587194, 47.027284024962064 ], [ 8.302679864006866, 47.026361622040227 ], [ 8.296924320197565, 47.040752738717067 ], [ 8.278465098298296, 47.046808302874425 ], [ 8.267025438539395, 47.04573997325933 ], [ 8.252204319854018, 47.040340691557624 ], [ 8.239703527517998, 47.038575514827698 ], [ 8.238064561132417, 47.047798311216717 ], [ 8.243394883241024, 47.048696610996181 ], [ 8.248260625181372, 47.053681887480678 ], [ 8.239496200882016, 47.059068648644988 ], [ 8.231848735148247, 47.060875825835417 ], [ 8.230892511130408, 47.062978362181084 ], [ 8.209768093956916, 47.067844697760123 ], [ 8.206659193100197, 47.071391718236072 ], [ 8.210375490959203, 47.07528880784556 ], [ 8.217560693888908, 47.075006443552994 ], [ 8.219068159391856, 47.079970668041092 ], [ 8.227178652691661, 47.083468479931369 ], [ 8.231359016610085, 47.078510238266155 ] ] ] ] } },
{ "type": "Feature", "properties": { "bezirk_id": "B_312" }, "geometry": { "type": "MultiPolygon", "coordinates": [ [ [ [ 8.475171142412632, 47.043176893263627 ], [ 8.501468016047175, 47.024090111121424 ], [ 8.50721427430838, 47.024621477537508 ], [ 8.513593251229185, 47.021926101383251 ], [ 8.513402301074041, 47.012392230025185 ], [ 8.508929677917983, 47.004436675532247 ], [ 8.500639230899628, 47.000825406555272 ], [ 8.473662390748117, 46.995674478713539 ], [ 8.477293386761804, 46.999860723431226 ], [ 8.484718918443249, 47.003040758363881 ], [ 8.481110270975703, 47.013589784206459 ], [ 8.473147537030403, 47.016720446904749 ], [ 8.46834455657042, 47.021414496731857 ], [ 8.467744814051747, 47.023066113225646 ], [ 8.462167179542917, 47.024447378592981 ], [ 8.45420540819844, 47.023600542368669 ], [ 8.447025034373013, 47.028620542171858 ], [ 8.435935870894388, 47.03153311387544 ], [ 8.426188080457379, 47.030897739801489 ], [ 8.420750224946485, 47.028515548694692 ], [ 8.409717068425651, 47.029509003860312 ], [ 8.402027798632382, 47.026245386957854 ], [ 8.40062792168653, 47.028146230568943 ], [ 8.397173835451692, 47.027005687025202 ], [ 8.395633882459251, 47.029177508828027 ], [ 8.401675983372931, 47.035963711218685 ], [ 8.418143649958964, 47.04428034837894 ], [ 8.423380912415947, 47.049992802991177 ], [ 8.426852215277876, 47.052670687849883 ], [ 8.42669489307012, 47.05842029733666 ], [ 8.430454934503286, 47.062435949141523 ], [ 8.430178095690241, 47.065262987774865 ], [ 8.44134200242841, 47.063142026491199 ], [ 8.446066375548305, 47.058144036276005 ], [ 8.461857406251074, 47.050286050912959 ], [ 8.464438265477368, 47.048283951068605 ], [ 8.471105280412267, 47.047306617791122 ], [ 8.475171142412632, 47.043176893263627 ] ] ], [ [ [ 8.209768093956916, 47.067844697760123 ], [ 8.230892511130408, 47.062978362181084 ], [ 8.231848735148247, 47.060875825835417 ], [ 8.239496200882016, 47.059068648644988 ], [ 8.248260625181372, 47.053681887480678 ], [ 8.243394883241024, 47.048696610996181 ], [ 8.238064561132417, 47.047798311216717 ], [ 8.239703527517998, 47.038575514827698 ], [ 8.252204319854018, 47.040340691557624 ], [ 8.267025438539395, 47.04573997325933 ], [ 8.278465098298296, 47.046808302874425 ], [ 8.296924320197565, 47.040752738717067 ], [ 8.302679864006866, 47.026361622040227 ], [ 8.30561525587194, 47.027284024962064 ], [ 8.30769730033456, 47.03399698087199 ], [ 8.313160329465124, 47.035781597913299 ], [ 8.317996229915256, 47.03380160851377 ], [ 8.324348044671652, 47.034409455233416 ], [ 8.326249263154379, 47.03162412295157 ], [ 8.329851774486428, 47.033062495022577 ], [ 8.331895006262069, 47.031715262296338 ], [ 8.333258424535208, 47.036157474531578 ], [ 8.339617317294236, 47.030890280503726 ], [ 8.336354833454783, 47.024618899958533 ], [ 8.342696903729035, 47.018452075946385 ], [ 8.33950166633119, 47.016947942175953 ], [ 8.34223118412876, 47.014227783869885 ], [ 8.341957397359726, 47.005774009287975 ], [ 8.32878439612168, 47.000443586341802 ], [ 8.321051118109114, 47.004344474695728 ], [ 8.317339476114087, 47.011371570924894 ], [ 8.312999805473975, 47.011395725264975 ], [ 8.307736264091618, 47.008782002355893 ], [ 8.307682784051082, 47.006290617822941 ], [ 8.314444706182941, 46.99877569303959 ], [ 8.295037810361999, 46.998406578256514 ], [ 8.294003970879206, 46.996237348586149 ], [ 8.288915402280251, 46.994557012543261 ], [ 8.282157075590632, 46.99536253876537 ], [ 8.277991197130445, 46.998010817873109 ], [ 8.265437168934692, 46.998182939458189 ], [ 8.260003511846833, 46.996242939835852 ], [ 8.24839182528407, 46.987383875072886 ], [ 8.244007816903613, 46.986074397070972 ], [ 8.237673287320542, 46.99180491512189 ], [ 8.228695231418572, 46.992450797341071 ], [ 8.218495225635369, 46.980817367405749 ], [ 8.222878791293457, 46.975866897558653 ], [ 8.228818761553045, 46.973145438857507 ], [ 8.228930542870213, 46.970023196961428 ], [ 8.202852603210824, 46.966871590210395 ], [ 8.187243722235708, 46.971742194280687 ], [ 8.181929802866389, 46.968556352990547 ], [ 8.176606941437791, 46.968500774469312 ], [ 8.162087027204459, 46.963449366345529 ], [ 8.156864490833575, 46.966179335547935 ], [ 8.154940955459677, 46.96974459684899 ], [ 8.145952971287304, 46.970789887002987 ], [ 8.140050752532854, 46.991803599976208 ], [ 8.144223371679402, 47.002203754235396 ], [ 8.131318518089362, 47.005853560224885 ], [ 8.127154180438515, 47.01131185360822 ], [ 8.12866132287817, 47.012948964679424 ], [ 8.141548473192611, 47.02588714055419 ], [ 8.149461861369334, 47.039349514311972 ], [ 8.133224534755545, 47.043415829476821 ], [ 8.135935068073488, 47.049471275513064 ], [ 8.142387651357224, 47.046751302591019 ], [ 8.146287359125859, 47.04807664758853 ], [ 8.153602496288206, 47.046933908320966 ], [ 8.171337359449831, 47.051382802572085 ], [ 8.17356509517219, 47.050675924489518 ], [ 8.176224640000294, 47.057450397320622 ], [ 8.175036413876764, 47.060066681607083 ], [ 8.177538481801069, 47.060140569050887 ], [ 8.179362583232539, 47.063547066483821 ], [ 8.185943255934344, 47.063441480367622 ], [ 8.195308697512697, 47.068507548703657 ], [ 8.206659193100197, 47.071391718236072 ], [ 8.209768093956916, 47.067844697760123 ] ] ], [ [ [ 8.415352763515664, 47.124455216763394 ], [ 8.420235389623704, 47.122632514891109 ], [ 8.430423158176703, 47.123354686325875 ], [ 8.441647860612903, 47.129464267235186 ], [ 8.448236130244375, 47.130045296588364 ], [ 8.451760103224323, 47.114262986648903 ], [ 8.456057415840244, 47.113649311594692 ], [ 8.467301637592911, 47.118667761868657 ], [ 8.473861775541673, 47.115118560140651 ], [ 8.487542180786132, 47.114553754627238 ], [ 8.486933309978712, 47.109701639356928 ], [ 8.47781725097374, 47.106402045255841 ], [ 8.473829900931623, 47.112105300593804 ], [ 8.464440262645413, 47.111011049160354 ], [ 8.449752568914661, 47.114019789245035 ], [ 8.44853755408935, 47.111079904778641 ], [ 8.442430573761586, 47.111448244310779 ], [ 8.43724561311144, 47.108974633745547 ], [ 8.437066944450132, 47.106457412584334 ], [ 8.420751485620825, 47.101902277310458 ], [ 8.409409137564099, 47.09248129700083 ], [ 8.411739181419163, 47.08587679557273 ], [ 8.40640310036706, 47.07992178408962 ], [ 8.389211508787811, 47.070646908433531 ], [ 8.389468037357162, 47.068036053577543 ], [ 8.390532870906496, 47.061271510501548 ], [ 8.400455708986989, 47.059641582110309 ], [ 8.403439592503645, 47.060866949568052 ], [ 8.363613251921581, 47.033847900433599 ], [ 8.354936093463353, 47.033467710907694 ], [ 8.353555590326661, 47.038156455120365 ], [ 8.357728101963055, 47.039769327587301 ], [ 8.357113675610409, 47.042311014043769 ], [ 8.350426668356969, 47.045287892676562 ], [ 8.349826499042763, 47.048692999513875 ], [ 8.352480088008075, 47.049949288107776 ], [ 8.350611740655966, 47.050755755851078 ], [ 8.352288104091645, 47.052586529528817 ], [ 8.357893786779231, 47.053279431356721 ], [ 8.357165780138587, 47.056883500604108 ], [ 8.352298968450965, 47.060178729701278 ], [ 8.353259391281179, 47.061691340307995 ], [ 8.345569893889309, 47.06392924872582 ], [ 8.347702183166565, 47.065459631365343 ], [ 8.34528140157477, 47.067889578471373 ], [ 8.340402744416219, 47.067451217745102 ], [ 8.328739038751046, 47.066714602243138 ], [ 8.322388765033228, 47.068832609620124 ], [ 8.316823283986583, 47.066644400463808 ], [ 8.313863076349213, 47.069185741804674 ], [ 8.296814115422606, 47.062657695393142 ], [ 8.294599137865793, 47.064095514084762 ], [ 8.29214593753119, 47.062980334812288 ], [ 8.290411181355569, 47.068138639987644 ], [ 8.317259811991171, 47.082841992958528 ], [ 8.32712925462207, 47.091076881675754 ], [ 8.337037440661849, 47.096830005347421 ], [ 8.333562138202062, 47.097756668864015 ], [ 8.336553847232949, 47.099415492771953 ], [ 8.334427255030398, 47.099863870560078 ], [ 8.337544202769756, 47.103482710038158 ], [ 8.334544835217001, 47.106897424005496 ], [ 8.338128552133339, 47.108470633031082 ], [ 8.338251839963801, 47.111105343259894 ], [ 8.349062665934632, 47.11302622816806 ], [ 8.353389524548099, 47.115627558994262 ], [ 8.355178426228267, 47.114668785060246 ], [ 8.363583076366387, 47.11863301820091 ], [ 8.376605045772184, 47.118593985111914 ], [ 8.377319199409525, 47.120912911219236 ], [ 8.384810146531716, 47.120591707219702 ], [ 8.395719439441633, 47.123963645466446 ], [ 8.399443556550178, 47.133197974047555 ], [ 8.405085788868805, 47.137603475898089 ], [ 8.412129712193961, 47.140737476844635 ], [ 8.416704128789725, 47.130614675936251 ], [ 8.415352763515664, 47.124455216763394 ] ] ] ] } },
{ "type": "Feature", "properties": { "bezirk_id": "B_313" }, "geometry": { "type": "Polygon", "coordinates": [ [ [ 8.258595258875985, 47.287197076254564 ], [ 8.261630148036334, 47.282543045801191 ], [ 8.270657580645121, 47.283341800966397 ], [ 8.272597886572314, 47.280620291421485 ], [ 8.278714171570108, 47.282069077743699 ], [ 8.287193305467715, 47.279128599413902 ], [ 8.297718989543876, 47.2720075491141 ], [ 8.300459152168884, 47.271465388950546 ], [ 8.294792289757199, 47.264212600623836 ], [ 8.299144281355488, 47.255472951413566 ], [ 8.301300296077089, 47.252353524206931 ], [ 8.305896598524896, 47.250654937435392 ], [ 8.314766793949051, 47.23973071248313 ], [ 8.318565453874191, 47.223366512083267 ], [ 8.320918848033358, 47.221153681684967 ], [ 8.319428944572556, 47.215669004315565 ], [ 8.325509302012341, 47.214524932045869 ], [ 8.32736082987741, 47.210750650363899 ], [ 8.330190887850263, 47.202345196867213 ], [ 8.330550951807947, 47.197026200974022 ], [ 8.338275072634183, 47.188609477229086 ], [ 8.339209812655847, 47.184563272232594 ], [ 8.338435498673311, 47.17853346314277 ], [ 8.340795191129601, 47.17372947136176 ], [ 8.346419487908848, 47.17011409145212 ], [ 8.349495439880009, 47.165610093066817 ], [ 8.347577590582034, 47.164518826247061 ], [ 8.358273914429486, 47.156823734357687 ], [ 8.35827881169601, 47.153270508157476 ], [ 8.361346243692619, 47.152211474439881 ], [ 8.362069520931877, 47.145980834998824 ], [ 8.37483358668875, 47.143026101853522 ], [ 8.375877614520794, 47.139401423308847 ], [ 8.389845335424964, 47.139772510524161 ], [ 8.405085788868805, 47.137603475898089 ], [ 8.399443556550178, 47.133197974047555 ], [ 8.395719439441633, 47.123963645466446 ], [ 8.384810146531716, 47.120591707219702 ], [ 8.377319199409525, 47.120912911219236 ], [ 8.376605045772184, 47.118593985111914 ], [ 8.363583076366387, 47.11863301820091 ], [ 8.355178426228267, 47.114668785060246 ], [ 8.353389524548099, 47.115627558994262 ], [ 8.349062665934632, 47.11302622816806 ], [ 8.338251839963801, 47.111105343259894 ], [ 8.338128552133339, 47.108470633031082 ], [ 8.334544835217001, 47.106897424005496 ], [ 8.337544202769756, 47.103482710038158 ], [ 8.334427255030398, 47.099863870560078 ], [ 8.336553847232949, 47.099415492771953 ], [ 8.333562138202062, 47.097756668864015 ], [ 8.337037440661849, 47.096830005347421 ], [ 8.32712925462207, 47.091076881675754 ], [ 8.317259811991171, 47.082841992958528 ], [ 8.290411181355569, 47.068138639987644 ], [ 8.282567381799581, 47.067485889010285 ], [ 8.27290723369752, 47.072773825866314 ], [ 8.262358091952336, 47.064888961141783 ], [ 8.260306117263445, 47.068438874602123 ], [ 8.256397179764177, 47.069384302977817 ], [ 8.252644948239551, 47.066784278901928 ], [ 8.243184552680333, 47.068020331919058 ], [ 8.246675924783085, 47.072556516358397 ], [ 8.242827928736205, 47.074967304214113 ], [ 8.240111863584376, 47.073843863504912 ], [ 8.231359016610085, 47.078510238266155 ], [ 8.227178652691661, 47.083468479931369 ], [ 8.223779371490599, 47.089653592216784 ], [ 8.233831103436538, 47.092480999062261 ], [ 8.230549862629816, 47.093268260888792 ], [ 8.229587137608393, 47.095865557671893 ], [ 8.236990411468417, 47.112698672808513 ], [ 8.231809007979912, 47.114272735702265 ], [ 8.238171174986652, 47.118537440401148 ], [ 8.238605634232639, 47.12380568281813 ], [ 8.230208003140415, 47.129881652417801 ], [ 8.231422894014274, 47.132706805013598 ], [ 8.243030765217778, 47.133255884577004 ], [ 8.24376743764169, 47.13578740771441 ], [ 8.248647884499032, 47.137732112097815 ], [ 8.247037275910126, 47.14107170432483 ], [ 8.250702712136428, 47.143708497361125 ], [ 8.253014642519526, 47.145752078305414 ], [ 8.251056524782486, 47.151387977697013 ], [ 8.252743687194066, 47.152212614014097 ], [ 8.249182605622892, 47.153901880968739 ], [ 8.249454016377738, 47.157021328197921 ], [ 8.244546790604135, 47.156920871235307 ], [ 8.239281927526042, 47.160240890099544 ], [ 8.234540020994547, 47.160633592246029 ], [ 8.231405113283829, 47.168912852012859 ], [ 8.232898475906406, 47.177106192593698 ], [ 8.231089313390608, 47.176983732486363 ], [ 8.232096921888568, 47.17999018458157 ], [ 8.229167981557891, 47.182663915430766 ], [ 8.232565488493808, 47.183117282276527 ], [ 8.230020223023919, 47.184978818957099 ], [ 8.231745967578261, 47.185686559223072 ], [ 8.226803560838222, 47.187852354728491 ], [ 8.224499686643718, 47.203483690337535 ], [ 8.221789567904665, 47.20769387969434 ], [ 8.223303833965682, 47.208340218577611 ], [ 8.220504235848887, 47.210967839600265 ], [ 8.224522802650341, 47.212244786464794 ], [ 8.218372224512411, 47.224996651340042 ], [ 8.218794169502598, 47.234006856020507 ], [ 8.220373190795385, 47.239033387362191 ], [ 8.216892875374473, 47.245830203672604 ], [ 8.222606850957117, 47.249047686087643 ], [ 8.22547938221869, 47.245861862559117 ], [ 8.228466460517321, 47.246875863762632 ], [ 8.230093931144586, 47.249734118555523 ], [ 8.227765588815359, 47.253087236182502 ], [ 8.233347428084357, 47.264202715744084 ], [ 8.228192664604588, 47.273053214661765 ], [ 8.23287042332908, 47.273893608626651 ], [ 8.242388705746809, 47.272307513245657 ], [ 8.242194983254702, 47.278758268816901 ], [ 8.248589150431025, 47.281169174511014 ], [ 8.250662258514058, 47.28624575513961 ], [ 8.258595258875985, 47.287197076254564 ] ], [ [ 8.263290731609139, 47.183764845352187 ], [ 8.271244429626531, 47.177680786045521 ], [ 8.272477729114597, 47.180631295808872 ], [ 8.275778346552789, 47.180778251196728 ], [ 8.276888777776374, 47.184287312158695 ], [ 8.273160222783401, 47.193093741813975 ], [ 8.26965586495947, 47.196870088284491 ], [ 8.262318420046181, 47.21488617062932 ], [ 8.259175333374005, 47.216536723464181 ], [ 8.246648126484727, 47.217515786445865 ], [ 8.246426453403034, 47.211580550371465 ], [ 8.2437391730871, 47.20845106299457 ], [ 8.257356843358972, 47.19174996700913 ], [ 8.263290731609139, 47.183764845352187 ] ] ] } },
{ "type": "Feature", "properties": { "bezirk_id": "B_314" }, "geometry": { "type": "Polygon", "coordinates": [ [ [ 8.098875280474527, 47.260265711810774 ], [ 8.106015247862366, 47.252210170318641 ], [ 8.109050415420098, 47.244573875025587 ], [ 8.119608316692236, 47.243855368215861 ], [ 8.125017650157927, 47.241313701929897 ], [ 8.129773314142886, 47.243417090783325 ], [ 8.131693004182612, 47.245798220684499 ], [ 8.142768676985039, 47.247287233645665 ], [ 8.160057355733368, 47.249051298250777 ], [ 8.174688274566444, 47.253429317593785 ], [ 8.179510381685683, 47.250574010850912 ], [ 8.179970017507204, 47.245614820284359 ], [ 8.175206323836983, 47.240212381430453 ], [ 8.171177056258056, 47.240148108115029 ], [ 8.169667835573534, 47.241821762421615 ], [ 8.156004925562248, 47.239433979613516 ], [ 8.156023425593609, 47.237859742871514 ], [ 8.161878486132558, 47.23622204568089 ], [ 8.159983577510884, 47.232815822204763 ], [ 8.165629988064651, 47.228507715149938 ], [ 8.171872291624645, 47.228243292377208 ], [ 8.172297525269704, 47.227476009068887 ], [ 8.174425766814608, 47.227642340899664 ], [ 8.172953478685971, 47.225241064414561 ], [ 8.176208445135913, 47.221901108079344 ], [ 8.185988321805633, 47.222575686136103 ], [ 8.194509875037813, 47.22630081273271 ], [ 8.204969465242513, 47.225878132352427 ], [ 8.202769446204298, 47.229931522566282 ], [ 8.205805364757428, 47.238123828492888 ], [ 8.204270670212118, 47.242550592442484 ], [ 8.20801696103087, 47.247715775238731 ], [ 8.220069476122045, 47.252590962365495 ], [ 8.222606850957117, 47.249047686087643 ], [ 8.216892875374473, 47.245830203672604 ], [ 8.220373190795385, 47.239033387362191 ], [ 8.218794169502598, 47.234006856020507 ], [ 8.218372224512411, 47.224996651340042 ], [ 8.224522802650341, 47.212244786464794 ], [ 8.220504235848887, 47.210967839600265 ], [ 8.223303833965682, 47.208340218577611 ], [ 8.221789567904665, 47.20769387969434 ], [ 8.224499686643718, 47.203483690337535 ], [ 8.226803560838222, 47.187852354728491 ], [ 8.231745967578261, 47.185686559223072 ], [ 8.230020223023919, 47.184978818957099 ], [ 8.232565488493808, 47.183117282276527 ], [ 8.229167981557891, 47.182663915430766 ], [ 8.232096921888568, 47.17999018458157 ], [ 8.231089313390608, 47.176983732486363 ], [ 8.232898475906406, 47.177106192593698 ], [ 8.231405113283829, 47.168912852012859 ], [ 8.234540020994547, 47.160633592246029 ], [ 8.239281927526042, 47.160240890099544 ], [ 8.244546790604135, 47.156920871235307 ], [ 8.249454016377738, 47.157021328197921 ], [ 8.249182605622892, 47.153901880968739 ], [ 8.252743687194066, 47.152212614014097 ], [ 8.251056524782486, 47.151387977697013 ], [ 8.253014642519526, 47.145752078305414 ], [ 8.250702712136428, 47.143708497361125 ], [ 8.247037275910126, 47.14107170432483 ], [ 8.248647884499032, 47.137732112097815 ], [ 8.24376743764169, 47.13578740771441 ], [ 8.243030765217778, 47.133255884577004 ], [ 8.231422894014274, 47.132706805013598 ], [ 8.230208003140415, 47.129881652417801 ], [ 8.238605634232639, 47.12380568281813 ], [ 8.238171174986652, 47.118537440401148 ], [ 8.231809007979912, 47.114272735702265 ], [ 8.236990411468417, 47.112698672808513 ], [ 8.229587137608393, 47.095865557671893 ], [ 8.230549862629816, 47.093268260888792 ], [ 8.233831103436538, 47.092480999062261 ], [ 8.223779371490599, 47.089653592216784 ], [ 8.227178652691661, 47.083468479931369 ], [ 8.219068159391856, 47.079970668041092 ], [ 8.217560693888908, 47.075006443552994 ], [ 8.210375490959203, 47.07528880784556 ], [ 8.206659193100197, 47.071391718236072 ], [ 8.195308697512697, 47.068507548703657 ], [ 8.185943255934344, 47.063441480367622 ], [ 8.179362583232539, 47.063547066483821 ], [ 8.177538481801069, 47.060140569050887 ], [ 8.175036413876764, 47.060066681607083 ], [ 8.176224640000294, 47.057450397320622 ], [ 8.17356509517219, 47.050675924489518 ], [ 8.171337359449831, 47.051382802572085 ], [ 8.153602496288206, 47.046933908320966 ], [ 8.146287359125859, 47.04807664758853 ], [ 8.142387651357224, 47.046751302591019 ], [ 8.135935068073488, 47.049471275513064 ], [ 8.133224534755545, 47.043415829476821 ], [ 8.118261653210631, 47.04543035049133 ], [ 8.11176831086142, 47.051279575675089 ], [ 8.107771160694494, 47.049476876930306 ], [ 8.102711199633022, 47.05535319852774 ], [ 8.093337098256431, 47.052978268757904 ], [ 8.086777103280378, 47.053609156392191 ], [ 8.089277107766112, 47.056806347630051 ], [ 8.087030089300683, 47.065832329787987 ], [ 8.088829820821839, 47.06986104017966 ], [ 8.086528920555198, 47.075568038865242 ], [ 8.080445950824684, 47.077788015116035 ], [ 8.083976262715723, 47.08446970717695 ], [ 8.082324711655749, 47.086215048076376 ], [ 8.075542824997147, 47.091802876063916 ], [ 8.079067433686101, 47.092466933212506 ], [ 8.077931320423422, 47.096602060289484 ], [ 8.071729289950909, 47.097895705263767 ], [ 8.066474062231809, 47.102449102531835 ], [ 8.0543496015353, 47.105483066053019 ], [ 8.05381312548408, 47.103506998699608 ], [ 8.050740194085732, 47.103208564582495 ], [ 8.040776850305958, 47.107551854599137 ], [ 8.037428309646934, 47.107362448122757 ], [ 8.033701549787452, 47.111078795351524 ], [ 8.035917318802202, 47.117193000384468 ], [ 8.027764977859496, 47.11879119534801 ], [ 8.029786814457751, 47.120498892126356 ], [ 8.025145931362466, 47.120297767231357 ], [ 8.016344800203836, 47.129022570419686 ], [ 8.026945317981685, 47.134159030600664 ], [ 8.025662225953761, 47.137358838416461 ], [ 8.029167016121288, 47.138402327368688 ], [ 8.027875969796373, 47.139677251199195 ], [ 8.031050634965906, 47.144230452520354 ], [ 8.043549362199494, 47.148932831971891 ], [ 8.049379040040536, 47.156035138066834 ], [ 8.060111784174239, 47.158190482519494 ], [ 8.061049814694535, 47.165147592516121 ], [ 8.05401143646195, 47.166696594569551 ], [ 8.056577617331399, 47.167339488944357 ], [ 8.056189077954976, 47.17024697212257 ], [ 8.052265803248838, 47.17089759906564 ], [ 8.054624132698573, 47.174096233851181 ], [ 8.049193309604394, 47.176760697580093 ], [ 8.041670564752744, 47.177636871078889 ], [ 8.035385398732341, 47.175942568644579 ], [ 8.036559700092313, 47.190139572302797 ], [ 8.047957387105731, 47.191033315869248 ], [ 8.050116454782199, 47.199836953265851 ], [ 8.054901815099731, 47.202806780269597 ], [ 8.049633042938519, 47.203734336903516 ], [ 8.054856025297639, 47.212584540415577 ], [ 8.047006789018115, 47.217690391035759 ], [ 8.038677491609818, 47.218975355182437 ], [ 8.037575650735452, 47.225511387598928 ], [ 8.031497186722067, 47.227476711581851 ], [ 8.029698654361706, 47.232010372422927 ], [ 8.013691443633451, 47.234277076342849 ], [ 8.016811846499566, 47.237067866082064 ], [ 8.014040648377669, 47.24095850723603 ], [ 8.015052967483633, 47.24420058806875 ], [ 8.029093618083005, 47.240603569063218 ], [ 8.030141668391654, 47.242217271241586 ], [ 8.050909764983512, 47.243799899372178 ], [ 8.062909245096375, 47.246586932756159 ], [ 8.056289331097092, 47.255554471833754 ], [ 8.062670082078512, 47.256653473994298 ], [ 8.066041636474045, 47.254620335117572 ], [ 8.072718746992948, 47.255078533670009 ], [ 8.07831388853257, 47.260057770850956 ], [ 8.088311044097711, 47.262925219146872 ], [ 8.098875280474527, 47.260265711810774 ] ], [ [ 8.170475097139894, 47.12228943564579 ], [ 8.179274843000149, 47.118212220816169 ], [ 8.183367948263319, 47.118788470804141 ], [ 8.18631865018871, 47.121539869245559 ], [ 8.185933980306062, 47.124195973497002 ], [ 8.19145163537692, 47.127632163687586 ], [ 8.189844635526013, 47.134281169109371 ], [ 8.184704825649927, 47.140035589267356 ], [ 8.173309711429638, 47.146405567845555 ], [ 8.170097153806038, 47.148665839410434 ], [ 8.166167932204964, 47.148663763302736 ], [ 8.143582662231312, 47.163763277816791 ], [ 8.130214223657234, 47.172326763648897 ], [ 8.126862938929959, 47.17124044798112 ], [ 8.125643503471656, 47.173865305208004 ], [ 8.121581327120415, 47.172891016878722 ], [ 8.125885542694569, 47.170112903441243 ], [ 8.12273292376784, 47.170104694450224 ], [ 8.122236708798857, 47.16636567787279 ], [ 8.122397710952781, 47.154185324815735 ], [ 8.129407820587739, 47.14663251288939 ], [ 8.155288032945498, 47.12879866719264 ], [ 8.170475097139894, 47.12228943564579 ] ] ] } },
{ "type": "Feature", "properties": { "bezirk_id": "B_315" }, "geometry": { "type": "Polygon", "coordinates": [ [ [ 8.003846150039951, 47.274883313408196 ], [ 8.004756033691063, 47.270948144322631 ], [ 8.013798227405061, 47.262010936993399 ], [ 8.016863893661172, 47.256541411864738 ], [ 8.015052967483633, 47.24420058806875 ], [ 8.014040648377669, 47.24095850723603 ], [ 8.016811846499566, 47.237067866082064 ], [ 8.013691443633451, 47.234277076342849 ], [ 8.029698654361706, 47.232010372422927 ], [ 8.031497186722067, 47.227476711581851 ], [ 8.037575650735452, 47.225511387598928 ], [ 8.038677491609818, 47.218975355182437 ], [ 8.047006789018115, 47.217690391035759 ], [ 8.054856025297639, 47.212584540415577 ], [ 8.049633042938519, 47.203734336903516 ], [ 8.054901815099731, 47.202806780269597 ], [ 8.050116454782199, 47.199836953265851 ], [ 8.047957387105731, 47.191033315869248 ], [ 8.036559700092313, 47.190139572302797 ], [ 8.035385398732341, 47.175942568644579 ], [ 8.041670564752744, 47.177636871078889 ], [ 8.049193309604394, 47.176760697580093 ], [ 8.054624132698573, 47.174096233851181 ], [ 8.052265803248838, 47.17089759906564 ], [ 8.056189077954976, 47.17024697212257 ], [ 8.056577617331399, 47.167339488944357 ], [ 8.05401143646195, 47.166696594569551 ], [ 8.061049814694535, 47.165147592516121 ], [ 8.060111784174239, 47.158190482519494 ], [ 8.049379040040536, 47.156035138066834 ], [ 8.043549362199494, 47.148932831971891 ], [ 8.031050634965906, 47.144230452520354 ], [ 8.027875969796373, 47.139677251199195 ], [ 8.029167016121288, 47.138402327368688 ], [ 8.025662225953761, 47.137358838416461 ], [ 8.026945317981685, 47.134159030600664 ], [ 8.016344800203836, 47.129022570419686 ], [ 8.025145931362466, 47.120297767231357 ], [ 8.029786814457751, 47.120498892126356 ], [ 8.027764977859496, 47.11879119534801 ], [ 8.035917318802202, 47.117193000384468 ], [ 8.033701549787452, 47.111078795351524 ], [ 8.037428309646934, 47.107362448122757 ], [ 8.040776850305958, 47.107551854599137 ], [ 8.050740194085732, 47.103208564582495 ], [ 8.05381312548408, 47.103506998699608 ], [ 8.0543496015353, 47.105483066053019 ], [ 8.066474062231809, 47.102449102531835 ], [ 8.071729289950909, 47.097895705263767 ], [ 8.077931320423422, 47.096602060289484 ], [ 8.079067433686101, 47.092466933212506 ], [ 8.075542824997147, 47.091802876063916 ], [ 8.082324711655749, 47.086215048076376 ], [ 8.083976262715723, 47.08446970717695 ], [ 8.080445950824684, 47.077788015116035 ], [ 8.072890865413308, 47.082507478220073 ], [ 8.066830454782391, 47.082270900579246 ], [ 8.062040672073074, 47.078051228007411 ], [ 8.067833972286808, 47.072397633826313 ], [ 8.062417585521752, 47.067434795447639 ], [ 8.061161729995467, 47.061315834194389 ], [ 8.03686657836235, 47.057019222429766 ], [ 8.030724260699856, 47.058625204354122 ], [ 8.024545062481799, 47.048447271993474 ], [ 8.019975538154107, 47.050611353741211 ], [ 8.015846347322908, 47.049696666214594 ], [ 8.01854520302145, 47.049782023807666 ], [ 8.016659954771942, 47.042145557895871 ], [ 8.032748471449956, 47.035775777887579 ], [ 8.014994436347706, 47.025512668074768 ], [ 7.996592350837003, 47.026907858782543 ], [ 7.985576107298018, 47.030244116121608 ], [ 7.969101952970283, 47.029934580537663 ], [ 7.949548494697342, 47.018446336738236 ], [ 7.948299925426094, 47.011615490212279 ], [ 7.951692573437669, 47.0060682931069 ], [ 7.941149285150493, 47.004972518188261 ], [ 7.930285526071398, 47.004731697360775 ], [ 7.922726294760583, 47.010763643850353 ], [ 7.902011186279991, 47.005919698637548 ], [ 7.896960379949348, 47.013477966795115 ], [ 7.900458566354956, 47.018051517640195 ], [ 7.894653829885237, 47.022185517086527 ], [ 7.892274752466497, 47.030182669555799 ], [ 7.884627022445245, 47.032839200052109 ], [ 7.881507798172868, 47.040677061192348 ], [ 7.874825642090292, 47.040954478985398 ], [ 7.868344703447857, 47.046654829609857 ], [ 7.866437048602381, 47.053327340505213 ], [ 7.874153100138077, 47.061870725788992 ], [ 7.871101822551702, 47.06383418222218 ], [ 7.877126991703508, 47.071412231963286 ], [ 7.878938489908945, 47.078781290077913 ], [ 7.877351577206425, 47.079560931522408 ], [ 7.880501863355144, 47.08154578181054 ], [ 7.878518152740826, 47.082120075388211 ], [ 7.881929200395983, 47.088547456747698 ], [ 7.880558314546334, 47.090000937526213 ], [ 7.877563133085335, 47.092549012328597 ], [ 7.879263721022013, 47.09594264440063 ], [ 7.873616910258494, 47.098050982824944 ], [ 7.876241500399765, 47.101684024900599 ], [ 7.872962924637191, 47.105132550731227 ], [ 7.875094720112717, 47.109693960979833 ], [ 7.86863100792811, 47.112003027054726 ], [ 7.871068668869389, 47.11692316204811 ], [ 7.867880428821253, 47.116998060478224 ], [ 7.868340550706502, 47.120153590214258 ], [ 7.87382293281664, 47.123452149947425 ], [ 7.87312253051448, 47.124840024924687 ], [ 7.886146840808923, 47.128415115698452 ], [ 7.886437771875134, 47.131688161591953 ], [ 7.889710482769459, 47.132152120109716 ], [ 7.889886630496273, 47.140552742505619 ], [ 7.881465230208973, 47.147232712160182 ], [ 7.875587479191892, 47.157248539512857 ], [ 7.876382678899773, 47.165808683630964 ], [ 7.88252002391526, 47.172711278644478 ], [ 7.880347265160305, 47.176362560531764 ], [ 7.874851961089983, 47.183534422587272 ], [ 7.860261231028161, 47.192070867878726 ], [ 7.859681455834799, 47.198891071387223 ], [ 7.856134222370406, 47.20094579583813 ], [ 7.849087017206414, 47.209606111637875 ], [ 7.846832091103158, 47.216827933884119 ], [ 7.837456341666407, 47.223570828098687 ], [ 7.836459422815135, 47.229780647238947 ], [ 7.838686053320118, 47.234414232754645 ], [ 7.842010090985658, 47.235652927692847 ], [ 7.853606977465157, 47.23247263642871 ], [ 7.867670201694291, 47.237332325997798 ], [ 7.894696545078125, 47.242607512263007 ], [ 7.909593945839723, 47.243959833742892 ], [ 7.922257316054834, 47.237728032254523 ], [ 7.933466094235369, 47.235881531326683 ], [ 7.961485631214352, 47.254332145634791 ], [ 7.951779864593994, 47.265799053571989 ], [ 7.950770432610822, 47.274915190038378 ], [ 7.956075719469265, 47.27686136743494 ], [ 7.971029531281902, 47.276118749185208 ], [ 7.973470261876829, 47.274431341446238 ], [ 7.986835645040431, 47.276044747203215 ], [ 7.995285558313541, 47.28156304214663 ], [ 7.997671980492172, 47.279725576407444 ], [ 8.003846150039951, 47.274883313408196 ] ] ] } },
{ "type": "Feature", "properties": { "bezirk_id": "B_316" }, "geometry": { "type": "Polygon", "coordinates": [ [ [ 8.089277107766112, 47.056806347630051 ], [ 8.086777103280378, 47.053609156392191 ], [ 8.093337098256431, 47.052978268757904 ], [ 8.102711199633022, 47.05535319852774 ], [ 8.107771160694494, 47.049476876930306 ], [ 8.11176831086142, 47.051279575675089 ], [ 8.118261653210631, 47.04543035049133 ], [ 8.133224534755545, 47.043415829476821 ], [ 8.149461861369334, 47.039349514311972 ], [ 8.141548473192611, 47.02588714055419 ], [ 8.12866132287817, 47.012948964679424 ], [ 8.127154180438515, 47.01131185360822 ], [ 8.131318518089362, 47.005853560224885 ], [ 8.144223371679402, 47.002203754235396 ], [ 8.140050752532854, 46.991803599976208 ], [ 8.145952971287304, 46.970789887002987 ], [ 8.154940955459677, 46.96974459684899 ], [ 8.156864490833575, 46.966179335547935 ], [ 8.162087027204459, 46.963449366345529 ], [ 8.15013131257377, 46.957837478826548 ], [ 8.15103718515997, 46.952830336064061 ], [ 8.164833792130782, 46.939412349257012 ], [ 8.157084549287683, 46.933450095923611 ], [ 8.134785962357007, 46.92234530295493 ], [ 8.122503593803302, 46.909465644795375 ], [ 8.111282169028218, 46.892800303902177 ], [ 8.107568282558502, 46.894891040136507 ], [ 8.106483105657363, 46.898387657821239 ], [ 8.108613620085958, 46.908234363204258 ], [ 8.101363594554888, 46.908942203346086 ], [ 8.094850898513375, 46.912002195676791 ], [ 8.085906656258461, 46.906151997370337 ], [ 8.082836478776434, 46.899674516358296 ], [ 8.069876580603209, 46.895761638257433 ], [ 8.067106915093314, 46.887833797589813 ], [ 8.070956434343852, 46.881560692913276 ], [ 8.070595761302739, 46.877658606634405 ], [ 8.071587968854702, 46.87390197129119 ], [ 8.069465817468737, 46.868552317069366 ], [ 8.065892856115784, 46.866970734645044 ], [ 8.065819965040035, 46.859585756658888 ], [ 8.057342108691657, 46.857913735548628 ], [ 8.058758980140466, 46.853408272992496 ], [ 8.056105589879706, 46.849572503542412 ], [ 8.045529512955198, 46.84420473112241 ], [ 8.042232400807963, 46.8366118938456 ], [ 8.064408526253754, 46.808084537275917 ], [ 8.063825036871394, 46.802960203262856 ], [ 8.054868389754425, 46.79872688900025 ], [ 8.05611180691959, 46.792917978508761 ], [ 8.049088126939637, 46.788008081637777 ], [ 8.046943138962076, 46.787101957531767 ], [ 8.031274542637023, 46.790206794005307 ], [ 8.020666355441305, 46.789046877450545 ], [ 7.997585007462062, 46.782289386937585 ], [ 7.984389021113194, 46.774922757449353 ], [ 7.973580773408862, 46.778266240569813 ], [ 7.967509315076886, 46.785383024267936 ], [ 7.954119445047811, 46.791633134495463 ], [ 7.953019696399272, 46.794426716208832 ], [ 7.950989374523449, 46.79993212550076 ], [ 7.946742566652451, 46.805222470306035 ], [ 7.922416086144262, 46.820017638413468 ], [ 7.877108849727938, 46.837075716304284 ], [ 7.870412279388335, 46.843856759631073 ], [ 7.869823315356514, 46.847259262196395 ], [ 7.867390505675666, 46.851289363219145 ], [ 7.869565103167787, 46.864162675912794 ], [ 7.864519747836299, 46.866322455441249 ], [ 7.86440013959812, 46.869444312792623 ], [ 7.857267157390742, 46.87143159793014 ], [ 7.856211977863556, 46.880835651227521 ], [ 7.858608062650546, 46.88527961939154 ], [ 7.873049044888845, 46.889615548869394 ], [ 7.875355721899259, 46.895759635253881 ], [ 7.881713274302099, 46.899693210266747 ], [ 7.879876736896392, 46.901391427646367 ], [ 7.883218773823976, 46.907189534888502 ], [ 7.879888063684405, 46.910782563030978 ], [ 7.867028387699929, 46.914618379612897 ], [ 7.873218625963657, 46.925272575581779 ], [ 7.897774581472193, 46.934837908130078 ], [ 7.907920718902656, 46.932736905402514 ], [ 7.915226167810841, 46.934685759505875 ], [ 7.920831250891221, 46.941741679729247 ], [ 7.921557957550527, 46.946614103687075 ], [ 7.929032775685132, 46.948147582715457 ], [ 7.931708665698152, 46.950600838239559 ], [ 7.932257305390173, 46.961716721108232 ], [ 7.946041234253694, 46.968798888681839 ], [ 7.94393832243852, 46.977146832842116 ], [ 7.95238948657421, 46.981310125656513 ], [ 7.948327372343094, 46.993714768113804 ], [ 7.956177485263804, 47.00342154471133 ], [ 7.951692573437669, 47.0060682931069 ], [ 7.948299925426094, 47.011615490212279 ], [ 7.949548494697342, 47.018446336738236 ], [ 7.969101952970283, 47.029934580537663 ], [ 7.985576107298018, 47.030244116121608 ], [ 7.996592350837003, 47.026907858782543 ], [ 8.014994436347706, 47.025512668074768 ], [ 8.032748471449956, 47.035775777887579 ], [ 8.016659954771942, 47.042145557895871 ], [ 8.01854520302145, 47.049782023807666 ], [ 8.015846347322908, 47.049696666214594 ], [ 8.019975538154107, 47.050611353741211 ], [ 8.024545062481799, 47.048447271993474 ], [ 8.030724260699856, 47.058625204354122 ], [ 8.03686657836235, 47.057019222429766 ], [ 8.061161729995467, 47.061315834194389 ], [ 8.062417585521752, 47.067434795447639 ], [ 8.067833972286808, 47.072397633826313 ], [ 8.062040672073074, 47.078051228007411 ], [ 8.066830454782391, 47.082270900579246 ], [ 8.072890865413308, 47.082507478220073 ], [ 8.080445950824684, 47.077788015116035 ], [ 8.086528920555198, 47.075568038865242 ], [ 8.088829820821839, 47.06986104017966 ], [ 8.087030089300683, 47.065832329787987 ], [ 8.089277107766112, 47.056806347630051 ] ] ] } },
{ "type": "Feature", "properties": { "bezirk_id": "B_400" }, "geometry": { "type": "Polygon", "coordinates": [ [ [ 8.595250011844753, 46.917181873573 ], [ 8.593089496390224, 46.911338150612814 ], [ 8.592572404778483, 46.905594784198129 ], [ 8.602564716720369, 46.889363367724499 ], [ 8.613149485826817, 46.898746296436158 ], [ 8.621319442107602, 46.900227529234265 ], [ 8.624219847308341, 46.906764805818746 ], [ 8.620252265374514, 46.911393915078513 ], [ 8.622863618263505, 46.91730446379858 ], [ 8.61181374939061, 46.927763860806166 ], [ 8.610038417626104, 46.930660819037691 ], [ 8.618729502077496, 46.94369707862861 ], [ 8.619429636064051, 46.952245247721265 ], [ 8.636511938538876, 46.9498222368453 ], [ 8.669709312761002, 46.944249158922908 ], [ 8.692631285741792, 46.947041309755861 ], [ 8.696612737154995, 46.94315622518679 ], [ 8.700387980950477, 46.93275090369039 ], [ 8.696776722728369, 46.928841226131148 ], [ 8.697533420552231, 46.926385898994923 ], [ 8.70810406037087, 46.917470737534089 ], [ 8.716572833298788, 46.91858205289234 ], [ 8.723925228477224, 46.925705896574641 ], [ 8.729050731830108, 46.927519513775458 ], [ 8.731635825999691, 46.929622510400996 ], [ 8.735265638244551, 46.929293586859536 ], [ 8.737443129374936, 46.932993438301686 ], [ 8.745170276091185, 46.933184442382263 ], [ 8.745443551414368, 46.936321084599626 ], [ 8.749563379109643, 46.933988907704169 ], [ 8.770920103697646, 46.941452467618504 ], [ 8.774488435366102, 46.939683583480694 ], [ 8.778607919064081, 46.932636183581167 ], [ 8.791931559120645, 46.930797172253101 ], [ 8.797925777343435, 46.936726883825891 ], [ 8.810720359490249, 46.941414481559974 ], [ 8.821053749818056, 46.936135192823166 ], [ 8.826834503022974, 46.935687416922249 ], [ 8.829875635825486, 46.931395117729856 ], [ 8.829644427744968, 46.923984708165257 ], [ 8.827580502664228, 46.922372375299439 ], [ 8.836113299049366, 46.907630994743563 ], [ 8.84821073172396, 46.913402491091581 ], [ 8.847819392483386, 46.890960543978217 ], [ 8.853210961927665, 46.885388025182273 ], [ 8.855001645785766, 46.888109878363949 ], [ 8.859621139610448, 46.889609043396277 ], [ 8.86197647493054, 46.895796520503083 ], [ 8.873947733083916, 46.895359113225375 ], [ 8.886866951737435, 46.902348800707053 ], [ 8.895219368426792, 46.902980550840979 ], [ 8.901182573012452, 46.90794272075884 ], [ 8.909618705043851, 46.908716311888931 ], [ 8.910742215156166, 46.911391918267277 ], [ 8.915862588797678, 46.911397933008345 ], [ 8.918003018079501, 46.913799437140398 ], [ 8.935078922631646, 46.920208189426312 ], [ 8.943588393839692, 46.906160474940648 ], [ 8.948787125151512, 46.90149458187485 ], [ 8.953360667895998, 46.900759375197502 ], [ 8.957342358475147, 46.887903955780551 ], [ 8.956017380915007, 46.875361776850852 ], [ 8.946559332005688, 46.873075656657669 ], [ 8.93271174070096, 46.865753920913519 ], [ 8.918002053790792, 46.860807891053398 ], [ 8.908551076462286, 46.861505551211799 ], [ 8.89650668166685, 46.850728522678708 ], [ 8.871189426214659, 46.842069668403596 ], [ 8.87425331877072, 46.839943970090502 ], [ 8.874476222125594, 46.835028893953059 ], [ 8.881849098913861, 46.829348995388074 ], [ 8.880168870266388, 46.81995946962769 ], [ 8.876125559149767, 46.816276697787359 ], [ 8.877168405270675, 46.813123664191039 ], [ 8.873929982735946, 46.808638958550802 ], [ 8.859884105271725, 46.805701626098674 ], [ 8.852532957220543, 46.799692975659198 ], [ 8.847650577210976, 46.798358788578994 ], [ 8.848069740995934, 46.794350024154056 ], [ 8.83445516780302, 46.795218948958535 ], [ 8.827933167846737, 46.791735722598766 ], [ 8.827898228815654, 46.779203589961838 ], [ 8.833945956885421, 46.766957135816654 ], [ 8.831493470542126, 46.764773859071802 ], [ 8.826014521197937, 46.765551321266969 ], [ 8.817613592733434, 46.762153339151219 ], [ 8.818352283154201, 46.758788600418193 ], [ 8.809868353197068, 46.743830161518915 ], [ 8.812974229647928, 46.737315083875238 ], [ 8.799517725723243, 46.731448498680734 ], [ 8.793569640232652, 46.731663237117104 ], [ 8.781984760919462, 46.728309470274567 ], [ 8.772820414375214, 46.73971693073041 ], [ 8.769584786183913, 46.740645391306842 ], [ 8.769638759748849, 46.744423393148757 ], [ 8.765548343576226, 46.745199759143617 ], [ 8.747766097650986, 46.736201490807353 ], [ 8.744332775486065, 46.728971492003247 ], [ 8.749065407907485, 46.720739216645541 ], [ 8.747529970312321, 46.718381709619607 ], [ 8.735276545726441, 46.713636439605885 ], [ 8.726110610728103, 46.707739474605432 ], [ 8.718192407431305, 46.706398112163512 ], [ 8.716854363390116, 46.702913408809991 ], [ 8.708568099438908, 46.699227382824439 ], [ 8.700196367150403, 46.703584716962453 ], [ 8.69258420638994, 46.701851347831564 ], [ 8.68628667466375, 46.694174322874147 ], [ 8.678302345262264, 46.694945148604958 ], [ 8.673950263081164, 46.69217644108187 ], [ 8.673649056417887, 46.676723518819678 ], [ 8.67371444619981, 46.671009953802127 ], [ 8.678591345391244, 46.664263503540468 ], [ 8.666301859013181, 46.655966718858082 ], [ 8.661221473849759, 46.6560663250254 ], [ 8.654864887035835, 46.649971674084981 ], [ 8.658433381880545, 46.647162567005694 ], [ 8.657642899884401, 46.64165610032493 ], [ 8.652510027121103, 46.638778015043123 ], [ 8.651197411540542, 46.635580204405798 ], [ 8.65658723401897, 46.631330272227999 ], [ 8.657959436994421, 46.62616052047705 ], [ 8.667852704871471, 46.620188347695859 ], [ 8.676985867854082, 46.61931567545809 ], [ 8.678737680546936, 46.615994830115078 ], [ 8.677565916536132, 46.609871852282957 ], [ 8.680066483106607, 46.606200955105379 ], [ 8.677599403448527, 46.598229779625015 ], [ 8.680894075340795, 46.595063019647093 ], [ 8.681918485904788, 46.588529227175336 ], [ 8.678729036735144, 46.579189468012345 ], [ 8.666666129960293, 46.576576312683187 ], [ 8.648183661702648, 46.565699420231752 ], [ 8.634654621909229, 46.564412003214862 ], [ 8.630799009406147, 46.565837955929531 ], [ 8.62982206580895, 46.573603275086747 ], [ 8.62645061955449, 46.576319513001351 ], [ 8.614841394324381, 46.578221439946283 ], [ 8.611341006395762, 46.57503679336709 ], [ 8.590499128295384, 46.573477377806647 ], [ 8.58131153610357, 46.577024688676509 ], [ 8.573401363024065, 46.583680303410603 ], [ 8.554788899019291, 46.580777984446385 ], [ 8.539199882600156, 46.586778112401191 ], [ 8.531299664639082, 46.58456014132701 ], [ 8.526171894505721, 46.58132555840303 ], [ 8.525031401760836, 46.577809848517795 ], [ 8.521172748181703, 46.57731583277161 ], [ 8.521029604751925, 46.566899322719188 ], [ 8.513446030076338, 46.558766476861805 ], [ 8.519531898102274, 46.538934625141991 ], [ 8.505533048003873, 46.535126395812817 ], [ 8.48270110865624, 46.53214461629603 ], [ 8.477673481161768, 46.527602514014674 ], [ 8.473441828212353, 46.52852275449019 ], [ 8.464973377071047, 46.535616683578716 ], [ 8.457957436157994, 46.5334127110563 ], [ 8.445273555535557, 46.536917328000179 ], [ 8.439553899244745, 46.540629321613928 ], [ 8.435098394963925, 46.540101680852722 ], [ 8.432803732434573, 46.542937610998592 ], [ 8.429006767703775, 46.543492525132351 ], [ 8.424634347885222, 46.551114398322241 ], [ 8.423608267925838, 46.559939657748821 ], [ 8.420681277845624, 46.561071505265467 ], [ 8.416912277336257, 46.571188806974078 ], [ 8.410029167051089, 46.577257279793514 ], [ 8.410172190739546, 46.580863560543904 ], [ 8.406195061778684, 46.586097276763041 ], [ 8.410300898419861, 46.596749853254614 ], [ 8.408045723960109, 46.601267202985412 ], [ 8.413870547520027, 46.605085848084251 ], [ 8.417420516089589, 46.610830983591597 ], [ 8.422301142392147, 46.627243080343639 ], [ 8.418746259182726, 46.635721194516876 ], [ 8.421984469127485, 46.647883194381173 ], [ 8.418170445262467, 46.652234232593379 ], [ 8.410333372574792, 46.652999610518307 ], [ 8.408170946362683, 46.666506758168232 ], [ 8.402200427220142, 46.668788437040469 ], [ 8.398099713706678, 46.674094786441103 ], [ 8.397299860422935, 46.684258195588889 ], [ 8.39952925300944, 46.692740811681951 ], [ 8.412342906959347, 46.690616989090998 ], [ 8.414808345650485, 46.687420257346467 ], [ 8.428183429139139, 46.686072499306896 ], [ 8.432725048035946, 46.687076559346345 ], [ 8.441089440192236, 46.685545946971494 ], [ 8.452286696222531, 46.688712598376014 ], [ 8.455041038625383, 46.697522395807141 ], [ 8.452031421119205, 46.704368322220283 ], [ 8.453786725929035, 46.710785019846341 ], [ 8.448584563276787, 46.712351552794722 ], [ 8.447239590985857, 46.714567524029427 ], [ 8.447469411663887, 46.726863310339972 ], [ 8.449723210821874, 46.729848096519206 ], [ 8.44077163182302, 46.737456860039835 ], [ 8.442870962166502, 46.746902391945156 ], [ 8.43872422369167, 46.753362057037869 ], [ 8.443934289713873, 46.754098969013768 ], [ 8.446365705904341, 46.756731406115534 ], [ 8.448959356452928, 46.764517162638747 ], [ 8.466528270882248, 46.770000987734043 ], [ 8.473247412104957, 46.768078103582496 ], [ 8.491425606525231, 46.7730578131141 ], [ 8.486025661431768, 46.784244765786717 ], [ 8.478344293829128, 46.789325810245614 ], [ 8.481719870082948, 46.793874099989388 ], [ 8.481220308680502, 46.798520688385302 ], [ 8.471404551375844, 46.795587114353289 ], [ 8.464633205998796, 46.798391943451591 ], [ 8.464200543856972, 46.800437953545668 ], [ 8.472106517239812, 46.799404137428027 ], [ 8.481823578640606, 46.803292151704653 ], [ 8.483341847424049, 46.80862200815195 ], [ 8.478134309908777, 46.813752319803768 ], [ 8.482517712612003, 46.817481761874546 ], [ 8.486627576307212, 46.831370202997448 ], [ 8.490047039905228, 46.835980822286722 ], [ 8.503975979426828, 46.840970715188298 ], [ 8.50702816349769, 46.845467310045564 ], [ 8.497855128658914, 46.85372112957802 ], [ 8.487885728129232, 46.853561121325271 ], [ 8.480787235478367, 46.857413375140389 ], [ 8.476902712898605, 46.855235657473166 ], [ 8.471987252517778, 46.855352135795691 ], [ 8.467959769105949, 46.860759108358828 ], [ 8.471376059705255, 46.867925183226887 ], [ 8.466556485543926, 46.875183425026719 ], [ 8.467951179996865, 46.877455887171408 ], [ 8.479069618653336, 46.88253707835598 ], [ 8.472889313598447, 46.891382236511198 ], [ 8.474003962669469, 46.893387273853776 ], [ 8.46614502118315, 46.897605254239522 ], [ 8.458676782712098, 46.898958469450044 ], [ 8.464817869270766, 46.9044001556559 ], [ 8.481227611837239, 46.908587995003273 ], [ 8.486067288764097, 46.918484441481375 ], [ 8.49105729837739, 46.918528655112667 ], [ 8.498151531808178, 46.918751116398795 ], [ 8.502910473589829, 46.914415872959033 ], [ 8.515506097483291, 46.917968516767509 ], [ 8.519791929717559, 46.922822000168715 ], [ 8.531690635287385, 46.923590676283297 ], [ 8.544056028923537, 46.927880088050557 ], [ 8.547642454973847, 46.934952340010533 ], [ 8.54376606936553, 46.939325915655715 ], [ 8.558748433093076, 46.940385887923426 ], [ 8.555730231130603, 46.94115303754733 ], [ 8.557322164520835, 46.947587706331824 ], [ 8.554925377737607, 46.963111321326977 ], [ 8.56032426580343, 46.965541527096612 ], [ 8.562200403313435, 46.972935909713783 ], [ 8.568384510551283, 46.975142140100466 ], [ 8.574265422595122, 46.981633173296196 ], [ 8.573866882712666, 46.983922120029405 ], [ 8.58947556359437, 46.988444477511109 ], [ 8.595879368374861, 46.986068031430065 ], [ 8.597568599878866, 46.983325151856626 ], [ 8.591992546944917, 46.97525790199338 ], [ 8.594636763705017, 46.966819898879244 ], [ 8.585358657643393, 46.943415214352136 ], [ 8.579360634923137, 46.933129526057456 ], [ 8.580214807876157, 46.930062323715127 ], [ 8.596544331196133, 46.919975608395156 ], [ 8.595250011844753, 46.917181873573 ] ] ] } },
{ "type": "Feature", "properties": { "bezirk_id": "B_501" }, "geometry": { "type": "Polygon", "coordinates": [ [ [ 8.79385190092451, 47.173603489411988 ], [ 8.799532521911042, 47.171314397312351 ], [ 8.80021893111422, 47.168220608690135 ], [ 8.809973271930778, 47.165360921306167 ], [ 8.812003506333324, 47.158121784346243 ], [ 8.821045460169422, 47.154837808805631 ], [ 8.820106075305105, 47.151655449307142 ], [ 8.825540714921329, 47.145094772501153 ], [ 8.83192864211461, 47.141778903253645 ], [ 8.833790082039924, 47.142880861706921 ], [ 8.841287726357667, 47.141188309164711 ], [ 8.83935794786415, 47.136470806601395 ], [ 8.831265074966597, 47.134517977293505 ], [ 8.835510287183846, 47.12947354653204 ], [ 8.841979950070105, 47.130879133112053 ], [ 8.846804156691718, 47.12785136199237 ], [ 8.847820085970604, 47.123880538423386 ], [ 8.842356844917191, 47.120114965158265 ], [ 8.841875325429253, 47.116828197051355 ], [ 8.858166200985423, 47.11042964292848 ], [ 8.857616098974866, 47.106576999177662 ], [ 8.859951375869368, 47.104209079512778 ], [ 8.869773401984725, 47.1004885976024 ], [ 8.867442836462478, 47.098565387193588 ], [ 8.868693415974217, 47.093592806517456 ], [ 8.886795344691071, 47.074653370541604 ], [ 8.885785074341397, 47.070401770965127 ], [ 8.881812514331813, 47.072420055071561 ], [ 8.870349792933949, 47.069308776821742 ], [ 8.853989207381288, 47.070546202857344 ], [ 8.848154104630773, 47.074981238847968 ], [ 8.834057685626016, 47.078782153107554 ], [ 8.817096287770511, 47.079856420672691 ], [ 8.806417494204561, 47.075800810828433 ], [ 8.802077237054695, 47.077048932676021 ], [ 8.792241759623215, 47.074511375902546 ], [ 8.785514501433571, 47.076677611313421 ], [ 8.774092423127804, 47.077017916477509 ], [ 8.773544794830297, 47.078823533469006 ], [ 8.766922934075293, 47.079979858949855 ], [ 8.761302955840652, 47.069447155898317 ], [ 8.753558890012016, 47.064003412579233 ], [ 8.744902044091857, 47.063715390066449 ], [ 8.740744126470201, 47.068692542604055 ], [ 8.741387151541582, 47.073480224843806 ], [ 8.73765599077214, 47.081439132319048 ], [ 8.723537361804, 47.08377396826679 ], [ 8.722761312680374, 47.088123058689099 ], [ 8.707110118140809, 47.09124444743972 ], [ 8.701877073766681, 47.100028308324156 ], [ 8.703162183373248, 47.107031104125937 ], [ 8.712153990065614, 47.116692536743727 ], [ 8.708543819368053, 47.129506854622349 ], [ 8.703246747201778, 47.134054254339617 ], [ 8.687225381402985, 47.13669425708482 ], [ 8.684239597227393, 47.140387997526162 ], [ 8.688324042722103, 47.145921173759355 ], [ 8.701132311515352, 47.15114290398359 ], [ 8.719189199625333, 47.151878818346113 ], [ 8.726691090378768, 47.156742847550532 ], [ 8.731540444756808, 47.166404117565904 ], [ 8.743241959159221, 47.164832649548472 ], [ 8.755314508638424, 47.167645801017557 ], [ 8.755923465084381, 47.172019894762201 ], [ 8.757399359851547, 47.171418245132969 ], [ 8.76340321372785, 47.178402155953293 ], [ 8.770112467062001, 47.177614027357713 ], [ 8.773466104168161, 47.173481968660532 ], [ 8.79385190092451, 47.173603489411988 ] ], [ [ 8.781951015362033, 47.154122584157022 ], [ 8.779375842722875, 47.153981707349118 ], [ 8.777435585481635, 47.150225944907298 ], [ 8.765548463043205, 47.149464105989097 ], [ 8.75874612040646, 47.140456345401674 ], [ 8.764367246604683, 47.139042255201055 ], [ 8.775597597047815, 47.124158536120746 ], [ 8.776103680640642, 47.118035253335222 ], [ 8.784415998709585, 47.113170236939879 ], [ 8.780605601369235, 47.108356847780279 ], [ 8.782082797824097, 47.10421032594234 ], [ 8.793955067892089, 47.099563781038619 ], [ 8.799437937102592, 47.092391920262287 ], [ 8.80856640020029, 47.088774866301641 ], [ 8.810310905221767, 47.084885635849055 ], [ 8.812877200080322, 47.087373926958357 ], [ 8.816836708664702, 47.087686338969505 ], [ 8.818910112225133, 47.091988670935969 ], [ 8.814528847795049, 47.095270903461589 ], [ 8.802118526332482, 47.099377226780909 ], [ 8.798385817355241, 47.102840041539274 ], [ 8.799422043990829, 47.107325897675331 ], [ 8.795749905547503, 47.11320787969867 ], [ 8.796523350619241, 47.122923652673535 ], [ 8.791365964458395, 47.132160574868863 ], [ 8.788277573779528, 47.13306050617431 ], [ 8.79122781113192, 47.137649864390561 ], [ 8.787416155041701, 47.142822449475503 ], [ 8.789729456768281, 47.150891818986132 ], [ 8.785213604501346, 47.150135133099603 ], [ 8.781951015362033, 47.154122584157022 ] ] ] } },
{ "type": "Feature", "properties": { "bezirk_id": "B_502" }, "geometry": { "type": "Polygon", "coordinates": [ [ [ 8.473662390748117, 46.995674478713539 ], [ 8.500639230899628, 47.000825406555272 ], [ 8.508929677917983, 47.004436675532247 ], [ 8.513402301074041, 47.012392230025185 ], [ 8.513593251229185, 47.021926101383251 ], [ 8.5139889210786, 47.024603170945163 ], [ 8.519714790257982, 47.028030783030161 ], [ 8.548832418518955, 47.022445173197994 ], [ 8.559956893144923, 47.010264390979238 ], [ 8.548927625224394, 46.999072712404114 ], [ 8.553871435476255, 46.995894137167433 ], [ 8.557175210579368, 46.990383387902604 ], [ 8.550563882346612, 46.988558522185862 ], [ 8.5351499137836, 46.98825715118884 ], [ 8.517275546287763, 46.993734290784133 ], [ 8.496292160032549, 46.990421313938285 ], [ 8.486511813429459, 46.993839583505036 ], [ 8.480719094752178, 46.993442568953476 ], [ 8.473662390748117, 46.995674478713539 ] ] ] } },
{ "type": "Feature", "properties": { "bezirk_id": "B_503" }, "geometry": { "type": "MultiPolygon", "coordinates": [ [ [ [ 8.74297779558343, 47.208106236724255 ], [ 8.738048819265414, 47.20627283217074 ], [ 8.755262497082345, 47.208416200279991 ], [ 8.771683359457979, 47.205708365542812 ], [ 8.775313654747809, 47.207825307223381 ], [ 8.790592932109654, 47.206477411064725 ], [ 8.792371590862288, 47.207904867691482 ], [ 8.794873564371073, 47.207137746906866 ], [ 8.793441334642013, 47.204275884398974 ], [ 8.798697237142994, 47.203323300927167 ], [ 8.800324291924465, 47.205013313105312 ], [ 8.804615044330035, 47.202452582875011 ], [ 8.806014268884034, 47.198324772750915 ], [ 8.802642806275131, 47.197582117796195 ], [ 8.799037067247358, 47.191777354414924 ], [ 8.80169274114825, 47.18102260607828 ], [ 8.79385190092451, 47.173603489411988 ], [ 8.773466104168161, 47.173481968660532 ], [ 8.770112467062001, 47.177614027357713 ], [ 8.76340321372785, 47.178402155953293 ], [ 8.757399359851547, 47.171418245132969 ], [ 8.755923465084381, 47.172019894762201 ], [ 8.755314508638424, 47.167645801017557 ], [ 8.743241959159221, 47.164832649548472 ], [ 8.731540444756808, 47.166404117565904 ], [ 8.726691090378768, 47.156742847550532 ], [ 8.719189199625333, 47.151878818346113 ], [ 8.701132311515352, 47.15114290398359 ], [ 8.695720820375872, 47.163310683882088 ], [ 8.692483457550349, 47.163624888962644 ], [ 8.692042278454224, 47.166751280030752 ], [ 8.690265463664874, 47.169739274170894 ], [ 8.682030018819912, 47.17411061312022 ], [ 8.681326953482765, 47.183599853142205 ], [ 8.694029500318804, 47.196353060549825 ], [ 8.702614720339234, 47.198301169079144 ], [ 8.703909324426064, 47.202254121092253 ], [ 8.709938916883225, 47.200478477080701 ], [ 8.714476412747157, 47.203118044054918 ], [ 8.721827496871796, 47.201417079831081 ], [ 8.723123683901118, 47.202626065504539 ], [ 8.741836057973025, 47.210008307641687 ], [ 8.74297779558343, 47.208106236724255 ] ] ], [ [ [ 8.799437954489132, 47.211680852430504 ], [ 8.797339362896498, 47.207027707494241 ], [ 8.792572511099905, 47.208019453108534 ], [ 8.794752757037346, 47.214344974410082 ], [ 8.806318669067853, 47.216933964106083 ], [ 8.807018469891611, 47.213840013506669 ], [ 8.799437954489132, 47.211680852430504 ] ] ] ] } },
{ "type": "Feature", "properties": { "bezirk_id": "B_504" }, "geometry": { "type": "Polygon", "coordinates": [ [ [ 8.488912288686874, 47.080258567242538 ], [ 8.483008890550222, 47.070605973798244 ], [ 8.485742281901276, 47.05685352993688 ], [ 8.474450794674334, 47.054940889992018 ], [ 8.464438265477368, 47.048283951068605 ], [ 8.461857406251074, 47.050286050912959 ], [ 8.446066375548305, 47.058144036276005 ], [ 8.44134200242841, 47.063142026491199 ], [ 8.430178095690241, 47.065262987774865 ], [ 8.43262434956749, 47.072942151081179 ], [ 8.439185950052542, 47.078822334314616 ], [ 8.436081242651568, 47.081817905155582 ], [ 8.419204349825904, 47.066310745931169 ], [ 8.413360152931485, 47.063481878909577 ], [ 8.409164375771068, 47.06441697886909 ], [ 8.403439592503645, 47.060866949568052 ], [ 8.400455708986989, 47.059641582110309 ], [ 8.390532870906496, 47.061271510501548 ], [ 8.389468037357162, 47.068036053577543 ], [ 8.389211508787811, 47.070646908433531 ], [ 8.40640310036706, 47.07992178408962 ], [ 8.411739181419163, 47.08587679557273 ], [ 8.409409137564099, 47.09248129700083 ], [ 8.420751485620825, 47.101902277310458 ], [ 8.437066944450132, 47.106457412584334 ], [ 8.43724561311144, 47.108974633745547 ], [ 8.442430573761586, 47.111448244310779 ], [ 8.44853755408935, 47.111079904778641 ], [ 8.449752568914661, 47.114019789245035 ], [ 8.464440262645413, 47.111011049160354 ], [ 8.473829900931623, 47.112105300593804 ], [ 8.47781725097374, 47.106402045255841 ], [ 8.466162126815812, 47.097736054164571 ], [ 8.465984032954037, 47.095317807486694 ], [ 8.472133106479337, 47.089721315136053 ], [ 8.488912288686874, 47.080258567242538 ] ] ] } },
{ "type": "Feature", "properties": { "bezirk_id": "B_505" }, "geometry": { "type": "Polygon", "coordinates": [ [ [ 8.941183893056536, 47.218437656600344 ], [ 8.952727872486522, 47.216694080635882 ], [ 8.96581835492267, 47.21780766654669 ], [ 8.971046312076639, 47.217315374308711 ], [ 8.97427355463501, 47.21290913184253 ], [ 8.968590139016568, 47.211311476249485 ], [ 8.964945052901903, 47.198324104384547 ], [ 8.957753003500816, 47.199309897642749 ], [ 8.961726165921142, 47.183558662241047 ], [ 8.962024162071311, 47.179659264121703 ], [ 8.970236035745474, 47.178902495475107 ], [ 8.97400756993598, 47.18204596798229 ], [ 8.982449960262405, 47.183093364868718 ], [ 8.995033574342246, 47.178940768798235 ], [ 8.997501203288033, 47.177706123131529 ], [ 8.996313350485657, 47.176550483581472 ], [ 9.004565548235542, 47.173145451755936 ], [ 8.991718698446837, 47.162150874184633 ], [ 8.97391824402645, 47.140321398173093 ], [ 8.967260388046329, 47.136649563821294 ], [ 8.969175108912637, 47.130299514720207 ], [ 8.965135579409916, 47.121779515002146 ], [ 8.973747816982629, 47.115070302067856 ], [ 8.96927590406054, 47.108004653053733 ], [ 8.971039094100746, 47.103770737786661 ], [ 8.959643685352122, 47.10012560460676 ], [ 8.954178776982511, 47.094170114464738 ], [ 8.954481023676554, 47.091350191044754 ], [ 8.975125770670749, 47.08592979859813 ], [ 8.9659187269898, 47.081770202380547 ], [ 8.964754414857152, 47.077422306963854 ], [ 8.9607826851986, 47.076224489208748 ], [ 8.961143294033045, 47.071766366800006 ], [ 8.95102248308554, 47.060762278974295 ], [ 8.948134049215033, 47.049356548254153 ], [ 8.942715640960328, 47.048581998212306 ], [ 8.938534466602412, 47.044507253348122 ], [ 8.920707435264219, 47.038081359201598 ], [ 8.914154786481438, 47.040028103148892 ], [ 8.901684744499379, 47.037830660624252 ], [ 8.900841791072732, 47.032011613461158 ], [ 8.903685306574694, 47.027243124858309 ], [ 8.892996335626956, 47.023645537591001 ], [ 8.895072661986264, 47.021136133833195 ], [ 8.88906999620108, 47.020024637576135 ], [ 8.872087201000772, 47.026940542721476 ], [ 8.872954003340748, 47.031311026049472 ], [ 8.883483250018539, 47.037278582912982 ], [ 8.880446435652283, 47.044244114371857 ], [ 8.890038362735661, 47.055332899076376 ], [ 8.888364220381026, 47.059141591580065 ], [ 8.878657584134878, 47.064868578530721 ], [ 8.885254457892295, 47.0678174668585 ], [ 8.885785074341397, 47.070401770965127 ], [ 8.886795344691071, 47.074653370541604 ], [ 8.868693415974217, 47.093592806517456 ], [ 8.867442836462478, 47.098565387193588 ], [ 8.869773401984725, 47.1004885976024 ], [ 8.859951375869368, 47.104209079512778 ], [ 8.857616098974866, 47.106576999177662 ], [ 8.858166200985423, 47.11042964292848 ], [ 8.841875325429253, 47.116828197051355 ], [ 8.842356844917191, 47.120114965158265 ], [ 8.847820085970604, 47.123880538423386 ], [ 8.846804156691718, 47.12785136199237 ], [ 8.841979950070105, 47.130879133112053 ], [ 8.835510287183846, 47.12947354653204 ], [ 8.831265074966597, 47.134517977293505 ], [ 8.83935794786415, 47.136470806601395 ], [ 8.841287726357667, 47.141188309164711 ], [ 8.833790082039924, 47.142880861706921 ], [ 8.83192864211461, 47.141778903253645 ], [ 8.825540714921329, 47.145094772501153 ], [ 8.820106075305105, 47.151655449307142 ], [ 8.821045460169422, 47.154837808805631 ], [ 8.812003506333324, 47.158121784346243 ], [ 8.809973271930778, 47.165360921306167 ], [ 8.80021893111422, 47.168220608690135 ], [ 8.799532521911042, 47.171314397312351 ], [ 8.79385190092451, 47.173603489411988 ], [ 8.80169274114825, 47.18102260607828 ], [ 8.799037067247358, 47.191777354414924 ], [ 8.802642806275131, 47.197582117796195 ], [ 8.806014268884034, 47.198324772750915 ], [ 8.804615044330035, 47.202452582875011 ], [ 8.814861301988174, 47.200522329639746 ], [ 8.818162165730193, 47.195445009014605 ], [ 8.83202299967869, 47.195547924217308 ], [ 8.843476863719339, 47.191945173240143 ], [ 8.85059576478511, 47.194152076209591 ], [ 8.852990930605205, 47.199880209177252 ], [ 8.855035936584841, 47.199846066627316 ], [ 8.85134447116611, 47.202509310900005 ], [ 8.859062522179247, 47.204843293131511 ], [ 8.858604528896008, 47.20250994298739 ], [ 8.861440015579909, 47.204894897549359 ], [ 8.863594944052336, 47.201548656970665 ], [ 8.863438879490506, 47.205598863590893 ], [ 8.873242886904395, 47.206916489342383 ], [ 8.877688642651144, 47.205331647982561 ], [ 8.878791964724895, 47.207575894088947 ], [ 8.886236596462913, 47.209002878272457 ], [ 8.889394179076074, 47.208603281591813 ], [ 8.888389649902752, 47.20563819073783 ], [ 8.894193873129462, 47.205483979780546 ], [ 8.891495949113907, 47.208216927252757 ], [ 8.896197848957286, 47.20635824598984 ], [ 8.895765183186855, 47.205014289098706 ], [ 8.909589878600679, 47.207537338408436 ], [ 8.940676339512246, 47.215412525878229 ], [ 8.943564444094667, 47.217165076166367 ], [ 8.941183893056536, 47.218437656600344 ] ] ] } },
{ "type": "Feature", "properties": { "bezirk_id": "B_506" }, "geometry": { "type": "Polygon", "coordinates": [ [ [ 8.701877073766681, 47.100028308324156 ], [ 8.707110118140809, 47.09124444743972 ], [ 8.722761312680374, 47.088123058689099 ], [ 8.723537361804, 47.08377396826679 ], [ 8.73765599077214, 47.081439132319048 ], [ 8.741387151541582, 47.073480224843806 ], [ 8.740744126470201, 47.068692542604055 ], [ 8.744902044091857, 47.063715390066449 ], [ 8.753558890012016, 47.064003412579233 ], [ 8.761302955840652, 47.069447155898317 ], [ 8.766922934075293, 47.079979858949855 ], [ 8.773544794830297, 47.078823533469006 ], [ 8.774092423127804, 47.077017916477509 ], [ 8.785514501433571, 47.076677611313421 ], [ 8.792241759623215, 47.074511375902546 ], [ 8.802077237054695, 47.077048932676021 ], [ 8.806417494204561, 47.075800810828433 ], [ 8.817096287770511, 47.079856420672691 ], [ 8.834057685626016, 47.078782153107554 ], [ 8.848154104630773, 47.074981238847968 ], [ 8.853989207381288, 47.070546202857344 ], [ 8.870349792933949, 47.069308776821742 ], [ 8.881812514331813, 47.072420055071561 ], [ 8.885785074341397, 47.070401770965127 ], [ 8.885254457892295, 47.0678174668585 ], [ 8.878657584134878, 47.064868578530721 ], [ 8.888364220381026, 47.059141591580065 ], [ 8.890038362735661, 47.055332899076376 ], [ 8.880446435652283, 47.044244114371857 ], [ 8.883483250018539, 47.037278582912982 ], [ 8.872954003340748, 47.031311026049472 ], [ 8.872087201000772, 47.026940542721476 ], [ 8.88906999620108, 47.020024637576135 ], [ 8.895072661986264, 47.021136133833195 ], [ 8.90075046228276, 47.020937953859722 ], [ 8.910458407686093, 47.017071204076302 ], [ 8.911338359261517, 47.008872954453508 ], [ 8.915573073713993, 47.00742401366751 ], [ 8.918139642951138, 47.0022448288777 ], [ 8.928566770049853, 46.997449524742613 ], [ 8.937612510910665, 46.986571514754701 ], [ 8.941479045629251, 46.987555519123546 ], [ 8.940818473681308, 46.984622234823078 ], [ 8.932062091212238, 46.982235550053417 ], [ 8.945638784226462, 46.967132179139384 ], [ 8.948829004645976, 46.968880546643781 ], [ 8.956470725810007, 46.962571772592987 ], [ 8.970679267931942, 46.959440700076172 ], [ 8.963907242718456, 46.956040268111863 ], [ 8.962016437868614, 46.948211159339039 ], [ 8.95521267727543, 46.938962689798792 ], [ 8.959158470300148, 46.932180702082469 ], [ 8.964282705609143, 46.928549774825875 ], [ 8.962940282358462, 46.926597329412537 ], [ 8.948224856248483, 46.925415751975379 ], [ 8.943249046315847, 46.92217939168188 ], [ 8.935078922631646, 46.920208189426312 ], [ 8.918003018079501, 46.913799437140398 ], [ 8.915862588797678, 46.911397933008345 ], [ 8.910742215156166, 46.911391918267277 ], [ 8.909618705043851, 46.908716311888931 ], [ 8.901182573012452, 46.90794272075884 ], [ 8.895219368426792, 46.902980550840979 ], [ 8.886866951737435, 46.902348800707053 ], [ 8.873947733083916, 46.895359113225375 ], [ 8.86197647493054, 46.895796520503083 ], [ 8.859621139610448, 46.889609043396277 ], [ 8.855001645785766, 46.888109878363949 ], [ 8.853210961927665, 46.885388025182273 ], [ 8.847819392483386, 46.890960543978217 ], [ 8.84821073172396, 46.913402491091581 ], [ 8.836113299049366, 46.907630994743563 ], [ 8.827580502664228, 46.922372375299439 ], [ 8.829644427744968, 46.923984708165257 ], [ 8.829875635825486, 46.931395117729856 ], [ 8.826834503022974, 46.935687416922249 ], [ 8.821053749818056, 46.936135192823166 ], [ 8.810720359490249, 46.941414481559974 ], [ 8.797925777343435, 46.936726883825891 ], [ 8.791931559120645, 46.930797172253101 ], [ 8.778607919064081, 46.932636183581167 ], [ 8.774488435366102, 46.939683583480694 ], [ 8.770920103697646, 46.941452467618504 ], [ 8.749563379109643, 46.933988907704169 ], [ 8.745443551414368, 46.936321084599626 ], [ 8.745170276091185, 46.933184442382263 ], [ 8.737443129374936, 46.932993438301686 ], [ 8.735265638244551, 46.929293586859536 ], [ 8.731635825999691, 46.929622510400996 ], [ 8.729050731830108, 46.927519513775458 ], [ 8.723925228477224, 46.925705896574641 ], [ 8.716572833298788, 46.91858205289234 ], [ 8.70810406037087, 46.917470737534089 ], [ 8.697533420552231, 46.926385898994923 ], [ 8.696776722728369, 46.928841226131148 ], [ 8.700387980950477, 46.93275090369039 ], [ 8.696612737154995, 46.94315622518679 ], [ 8.692631285741792, 46.947041309755861 ], [ 8.669709312761002, 46.944249158922908 ], [ 8.636511938538876, 46.9498222368453 ], [ 8.619429636064051, 46.952245247721265 ], [ 8.609474231665791, 46.972885628426596 ], [ 8.610652689786141, 46.982922265998759 ], [ 8.607570701592618, 46.992309685411158 ], [ 8.592260864625203, 46.995703312111509 ], [ 8.586715952102717, 47.000796748633533 ], [ 8.572338316306732, 46.998690759128593 ], [ 8.557175210579368, 46.990383387902604 ], [ 8.553871435476255, 46.995894137167433 ], [ 8.548927625224394, 46.999072712404114 ], [ 8.559956893144923, 47.010264390979238 ], [ 8.548832418518955, 47.022445173197994 ], [ 8.519714790257982, 47.028030783030161 ], [ 8.5139889210786, 47.024603170945163 ], [ 8.513593251229185, 47.021926101383251 ], [ 8.50721427430838, 47.024621477537508 ], [ 8.501468016047175, 47.024090111121424 ], [ 8.475171142412632, 47.043176893263627 ], [ 8.471105280412267, 47.047306617791122 ], [ 8.464438265477368, 47.048283951068605 ], [ 8.474450794674334, 47.054940889992018 ], [ 8.485742281901276, 47.05685352993688 ], [ 8.483008890550222, 47.070605973798244 ], [ 8.488912288686874, 47.080258567242538 ], [ 8.505048231310221, 47.073174156386479 ], [ 8.517204569445159, 47.062193695666728 ], [ 8.527125276036404, 47.071005964329892 ], [ 8.520768223238759, 47.090047174042574 ], [ 8.539672303006128, 47.092116518425321 ], [ 8.544988344448601, 47.094404363341894 ], [ 8.563392263361262, 47.092606427048239 ], [ 8.563531240315578, 47.081657109997359 ], [ 8.574303163150834, 47.082243800568868 ], [ 8.57751634894516, 47.084712844705756 ], [ 8.580911780257804, 47.083977452583049 ], [ 8.586942408437514, 47.085761486248487 ], [ 8.595410717421277, 47.091235994802808 ], [ 8.607569837521121, 47.091904564886207 ], [ 8.608986569620363, 47.094651888953379 ], [ 8.611603457346892, 47.095048010909899 ], [ 8.63738306503639, 47.093288599352206 ], [ 8.644988487365714, 47.095844814573113 ], [ 8.645455904648227, 47.099636206992734 ], [ 8.64945448235845, 47.103435420855043 ], [ 8.659756496070923, 47.110910016674403 ], [ 8.659828825289621, 47.114660567373981 ], [ 8.671371197430043, 47.115742808705754 ], [ 8.670821291198479, 47.118762358718818 ], [ 8.677362639259183, 47.122380402107744 ], [ 8.677805799777717, 47.124444700978287 ], [ 8.681777696286263, 47.125211454624186 ], [ 8.687225381402985, 47.13669425708482 ], [ 8.703246747201778, 47.134054254339617 ], [ 8.708543819368053, 47.129506854622349 ], [ 8.712153990065614, 47.116692536743727 ], [ 8.703162183373248, 47.107031104125937 ], [ 8.701877073766681, 47.100028308324156 ] ] ] } },
{ "type": "Feature", "properties": { "bezirk_id": "B_600" }, "geometry": { "type": "MultiPolygon", "coordinates": [ [ [ [ 8.375014847636207, 46.857842240751729 ], [ 8.374777234164863, 46.847948634541019 ], [ 8.381392435760551, 46.856575410596527 ], [ 8.384305999690966, 46.85446430018996 ], [ 8.398544403639299, 46.864601129571 ], [ 8.40594326583715, 46.865411428509546 ], [ 8.412804695771127, 46.86985121050904 ], [ 8.41825600157873, 46.865225709582866 ], [ 8.418669954306194, 46.853383417712514 ], [ 8.424476055661271, 46.851066529218699 ], [ 8.430164611682143, 46.85022570989414 ], [ 8.438563819073099, 46.853436151000878 ], [ 8.471987252517778, 46.855352135795691 ], [ 8.476902712898605, 46.855235657473166 ], [ 8.480787235478367, 46.857413375140389 ], [ 8.487885728129232, 46.853561121325271 ], [ 8.497855128658914, 46.85372112957802 ], [ 8.50702816349769, 46.845467310045564 ], [ 8.503975979426828, 46.840970715188298 ], [ 8.490047039905228, 46.835980822286722 ], [ 8.486627576307212, 46.831370202997448 ], [ 8.482517712612003, 46.817481761874546 ], [ 8.478134309908777, 46.813752319803768 ], [ 8.483341847424049, 46.80862200815195 ], [ 8.481823578640606, 46.803292151704653 ], [ 8.472106517239812, 46.799404137428027 ], [ 8.464200543856972, 46.800437953545668 ], [ 8.464633205998796, 46.798391943451591 ], [ 8.471404551375844, 46.795587114353289 ], [ 8.481220308680502, 46.798520688385302 ], [ 8.481719870082948, 46.793874099989388 ], [ 8.478344293829128, 46.789325810245614 ], [ 8.486025661431768, 46.784244765786717 ], [ 8.491425606525231, 46.7730578131141 ], [ 8.473247412104957, 46.768078103582496 ], [ 8.466528270882248, 46.770000987734043 ], [ 8.448959356452928, 46.764517162638747 ], [ 8.445941093450829, 46.766936804339686 ], [ 8.446551910719215, 46.770197020900625 ], [ 8.436955936445518, 46.772386399154144 ], [ 8.4229658941099, 46.770618636636762 ], [ 8.421105381085367, 46.772703763046415 ], [ 8.414454867475772, 46.774209147403134 ], [ 8.396294862130702, 46.765438727778054 ], [ 8.395224792093158, 46.771538045228837 ], [ 8.416520380606169, 46.77835668034232 ], [ 8.426376455215939, 46.774538491571704 ], [ 8.426464347207869, 46.777191587362566 ], [ 8.418764184931518, 46.789411651133115 ], [ 8.410419842143149, 46.790076668496901 ], [ 8.402066259050653, 46.795365130576918 ], [ 8.396525840991263, 46.795393716059756 ], [ 8.385077141329104, 46.803594540092945 ], [ 8.388624341734641, 46.809358555480827 ], [ 8.387790066740513, 46.812577067565599 ], [ 8.373872551507837, 46.816245203016273 ], [ 8.377550800948921, 46.822782133278075 ], [ 8.377291442620805, 46.827453183873956 ], [ 8.371215301583648, 46.83533839912365 ], [ 8.368837815591633, 46.849481420549466 ], [ 8.371114871035413, 46.852251626714249 ], [ 8.37006453533327, 46.858998146398903 ], [ 8.363870566595995, 46.859534184386426 ], [ 8.361256907087361, 46.86237101548442 ], [ 8.364200255172847, 46.86726801482839 ], [ 8.369702793233023, 46.867655179659977 ], [ 8.369604377769749, 46.871065436365726 ], [ 8.373115635870548, 46.874599204403161 ], [ 8.380084641136987, 46.874029319213442 ], [ 8.382003660017526, 46.871998426310753 ], [ 8.380257943212303, 46.870438514656691 ], [ 8.384798688874179, 46.866083005697092 ], [ 8.378374596186807, 46.862492587562869 ], [ 8.375014847636207, 46.857842240751729 ] ] ], [ [ [ 8.260799174301443, 46.980368992855183 ], [ 8.262539898066146, 46.978170564732253 ], [ 8.272561790009508, 46.978592887568134 ], [ 8.281890312650518, 46.975861962375596 ], [ 8.301252644456554, 46.977670008222688 ], [ 8.307347352653286, 46.975806872791203 ], [ 8.310968938253426, 46.968976048804571 ], [ 8.303551877675792, 46.967820407411473 ], [ 8.292345310258529, 46.963028737976778 ], [ 8.284957871112999, 46.958675626825197 ], [ 8.283270610788184, 46.954981848755736 ], [ 8.287672615833781, 46.954202686115657 ], [ 8.289894384280709, 46.956785963921384 ], [ 8.291964981515607, 46.953972907165152 ], [ 8.295113240706351, 46.954498164826454 ], [ 8.295330082250075, 46.951617918704471 ], [ 8.306039477839263, 46.955855318838772 ], [ 8.309776578047705, 46.95216572002883 ], [ 8.298702376593576, 46.946447114505254 ], [ 8.291815761386252, 46.940435474094315 ], [ 8.288270919360304, 46.933876942484993 ], [ 8.301417025742209, 46.929802589811089 ], [ 8.309997766724884, 46.924484125429295 ], [ 8.32266885101461, 46.925295620018431 ], [ 8.338112522148242, 46.929340458444784 ], [ 8.341133894619299, 46.926276115814495 ], [ 8.338495705881794, 46.918497503173107 ], [ 8.343371637930924, 46.914896747623992 ], [ 8.341078100023255, 46.908869645776626 ], [ 8.336873386723624, 46.905475291116616 ], [ 8.337718420296412, 46.890067775622207 ], [ 8.333071680150587, 46.886029053579989 ], [ 8.332741554921958, 46.881164873808537 ], [ 8.328372577759195, 46.877987396547475 ], [ 8.329475157278178, 46.871681714809704 ], [ 8.333971401179815, 46.8675535027823 ], [ 8.33454678098404, 46.861143928767262 ], [ 8.330918830595712, 46.856692325524804 ], [ 8.328126231934377, 46.846413771331264 ], [ 8.332255527627792, 46.833724335256541 ], [ 8.335796483211231, 46.833039908736836 ], [ 8.335156101841111, 46.828430018420015 ], [ 8.321944362873694, 46.820445502982857 ], [ 8.326346050624116, 46.814779956894682 ], [ 8.342705083061297, 46.804180452078448 ], [ 8.34479040877612, 46.799638961375813 ], [ 8.354055386297038, 46.795202067512662 ], [ 8.358775750838451, 46.795479017192143 ], [ 8.368889716039186, 46.787975413788097 ], [ 8.360002720458427, 46.782964672486877 ], [ 8.333002227653028, 46.780804284324887 ], [ 8.315935038753079, 46.770105465779302 ], [ 8.283475113844455, 46.753203878251298 ], [ 8.275624007465366, 46.75502489624165 ], [ 8.268650195647048, 46.754347123706864 ], [ 8.25940690699159, 46.763643741251201 ], [ 8.239125103859115, 46.769572031833782 ], [ 8.233877040858335, 46.761719297684238 ], [ 8.222057818084895, 46.760928373368245 ], [ 8.208145084661728, 46.769353106563791 ], [ 8.196314836612135, 46.767866902495783 ], [ 8.189801355258064, 46.77020385091906 ], [ 8.172200959915347, 46.764138090820531 ], [ 8.16752535805999, 46.765922200685722 ], [ 8.158561095836639, 46.759313153153279 ], [ 8.146360494929439, 46.755260323279067 ], [ 8.121891873690819, 46.770333271019418 ], [ 8.113615197770828, 46.773297083249162 ], [ 8.102295670839863, 46.773795178410602 ], [ 8.099627337498877, 46.778290515057705 ], [ 8.090975800664378, 46.784025514224155 ], [ 8.089816681672888, 46.787810319963278 ], [ 8.0745578205659, 46.786600844799224 ], [ 8.068962524514355, 46.788574902440715 ], [ 8.059965808729665, 46.786375235433447 ], [ 8.054830109282085, 46.788499025114398 ], [ 8.049088126939637, 46.788008081637777 ], [ 8.05611180691959, 46.792917978508761 ], [ 8.054868389754425, 46.79872688900025 ], [ 8.063825036871394, 46.802960203262856 ], [ 8.064408526253754, 46.808084537275917 ], [ 8.042232400807963, 46.8366118938456 ], [ 8.045529512955198, 46.84420473112241 ], [ 8.056105589879706, 46.849572503542412 ], [ 8.058758980140466, 46.853408272992496 ], [ 8.057342108691657, 46.857913735548628 ], [ 8.065819965040035, 46.859585756658888 ], [ 8.065892856115784, 46.866970734645044 ], [ 8.069465817468737, 46.868552317069366 ], [ 8.071587968854702, 46.87390197129119 ], [ 8.070595761302739, 46.877658606634405 ], [ 8.070956434343852, 46.881560692913276 ], [ 8.067106915093314, 46.887833797589813 ], [ 8.069876580603209, 46.895761638257433 ], [ 8.082836478776434, 46.899674516358296 ], [ 8.085906656258461, 46.906151997370337 ], [ 8.094850898513375, 46.912002195676791 ], [ 8.101363594554888, 46.908942203346086 ], [ 8.108613620085958, 46.908234363204258 ], [ 8.106483105657363, 46.898387657821239 ], [ 8.107568282558502, 46.894891040136507 ], [ 8.111282169028218, 46.892800303902177 ], [ 8.122503593803302, 46.909465644795375 ], [ 8.134785962357007, 46.92234530295493 ], [ 8.157084549287683, 46.933450095923611 ], [ 8.164833792130782, 46.939412349257012 ], [ 8.15103718515997, 46.952830336064061 ], [ 8.15013131257377, 46.957837478826548 ], [ 8.162087027204459, 46.963449366345529 ], [ 8.176606941437791, 46.968500774469312 ], [ 8.181929802866389, 46.968556352990547 ], [ 8.187243722235708, 46.971742194280687 ], [ 8.202852603210824, 46.966871590210395 ], [ 8.228930542870213, 46.970023196961428 ], [ 8.228818761553045, 46.973145438857507 ], [ 8.234687494405469, 46.974526155087865 ], [ 8.240600066548907, 46.973540422020328 ], [ 8.253324638354174, 46.979792638585252 ], [ 8.260799174301443, 46.980368992855183 ] ], [ [ 8.20033474017943, 46.848568421242852 ], [ 8.200823515875566, 46.846046357386648 ], [ 8.203458259216983, 46.84692834963235 ], [ 8.217032008567747, 46.860780226454693 ], [ 8.240034052307358, 46.87303561067295 ], [ 8.242912132918633, 46.881291517538685 ], [ 8.241592570507381, 46.889576862557242 ], [ 8.235076723798894, 46.889073632809762 ], [ 8.220519353724855, 46.875149638210573 ], [ 8.196518583033388, 46.866225389548212 ], [ 8.18975952953118, 46.855511081717033 ], [ 8.191180031202629, 46.853063895370518 ], [ 8.20033474017943, 46.848568421242852 ] ] ] ] } },
{ "type": "Feature", "properties": { "bezirk_id": "B_700" }, "geometry": { "type": "MultiPolygon", "coordinates": [ [ [ [ 8.314444706182941, 46.99877569303959 ], [ 8.317654706924138, 46.990463255583293 ], [ 8.315095051764541, 46.981037382153033 ], [ 8.319959602451677, 46.980307433067686 ], [ 8.331679408015805, 46.982393726281416 ], [ 8.333847792586035, 46.981576202318365 ], [ 8.332189912869641, 46.978314693997149 ], [ 8.330345725166131, 46.973318437101526 ], [ 8.310968938253426, 46.968976048804571 ], [ 8.307347352653286, 46.975806872791203 ], [ 8.301252644456554, 46.977670008222688 ], [ 8.281890312650518, 46.975861962375596 ], [ 8.272561790009508, 46.978592887568134 ], [ 8.262539898066146, 46.978170564732253 ], [ 8.260799174301443, 46.980368992855183 ], [ 8.253324638354174, 46.979792638585252 ], [ 8.240600066548907, 46.973540422020328 ], [ 8.234687494405469, 46.974526155087865 ], [ 8.228818761553045, 46.973145438857507 ], [ 8.222878791293457, 46.975866897558653 ], [ 8.218495225635369, 46.980817367405749 ], [ 8.228695231418572, 46.992450797341071 ], [ 8.237673287320542, 46.99180491512189 ], [ 8.244007816903613, 46.986074397070972 ], [ 8.24839182528407, 46.987383875072886 ], [ 8.260003511846833, 46.996242939835852 ], [ 8.265437168934692, 46.998182939458189 ], [ 8.277991197130445, 46.998010817873109 ], [ 8.282157075590632, 46.99536253876537 ], [ 8.288915402280251, 46.994557012543261 ], [ 8.294003970879206, 46.996237348586149 ], [ 8.295037810361999, 46.998406578256514 ], [ 8.314444706182941, 46.99877569303959 ] ] ], [ [ [ 8.382883610755016, 47.000658741079704 ], [ 8.385472623942194, 46.998343485356486 ], [ 8.396259371886325, 47.000826729407123 ], [ 8.425994916253881, 46.998235730177768 ], [ 8.426325944165818, 47.002649819829216 ], [ 8.455491573645689, 47.001225530591327 ], [ 8.463186674745536, 46.997918547312835 ], [ 8.457214445766111, 46.99500310620801 ], [ 8.443266434905023, 46.994406460518924 ], [ 8.427676656671196, 46.990313919235831 ], [ 8.419199992835148, 46.986878339719077 ], [ 8.419098179121839, 46.981301801206151 ], [ 8.425662313874295, 46.979428328017924 ], [ 8.426362025913912, 46.976021874441173 ], [ 8.441066689974559, 46.975174585017925 ], [ 8.447748377633664, 46.972642103837764 ], [ 8.467426472627732, 46.972152350385045 ], [ 8.480556673977485, 46.964747059385466 ], [ 8.495756363668878, 46.962538815940682 ], [ 8.513396861456711, 46.964173960076522 ], [ 8.525707325799221, 46.969257561732022 ], [ 8.549727304586431, 46.973543268054613 ], [ 8.573866882712666, 46.983922120029405 ], [ 8.574265422595122, 46.981633173296196 ], [ 8.568384510551283, 46.975142140100466 ], [ 8.562200403313435, 46.972935909713783 ], [ 8.56032426580343, 46.965541527096612 ], [ 8.554925377737607, 46.963111321326977 ], [ 8.557322164520835, 46.947587706331824 ], [ 8.555730231130603, 46.94115303754733 ], [ 8.558748433093076, 46.940385887923426 ], [ 8.54376606936553, 46.939325915655715 ], [ 8.547642454973847, 46.934952340010533 ], [ 8.544056028923537, 46.927880088050557 ], [ 8.531690635287385, 46.923590676283297 ], [ 8.519791929717559, 46.922822000168715 ], [ 8.515506097483291, 46.917968516767509 ], [ 8.502910473589829, 46.914415872959033 ], [ 8.498151531808178, 46.918751116398795 ], [ 8.49105729837739, 46.918528655112667 ], [ 8.486067288764097, 46.918484441481375 ], [ 8.481227611837239, 46.908587995003273 ], [ 8.464817869270766, 46.9044001556559 ], [ 8.458676782712098, 46.898958469450044 ], [ 8.46614502118315, 46.897605254239522 ], [ 8.474003962669469, 46.893387273853776 ], [ 8.472889313598447, 46.891382236511198 ], [ 8.479069618653336, 46.88253707835598 ], [ 8.467951179996865, 46.877455887171408 ], [ 8.466556485543926, 46.875183425026719 ], [ 8.471376059705255, 46.867925183226887 ], [ 8.467959769105949, 46.860759108358828 ], [ 8.471987252517778, 46.855352135795691 ], [ 8.438563819073099, 46.853436151000878 ], [ 8.430164611682143, 46.85022570989414 ], [ 8.424476055661271, 46.851066529218699 ], [ 8.418669954306194, 46.853383417712514 ], [ 8.41825600157873, 46.865225709582866 ], [ 8.412804695771127, 46.86985121050904 ], [ 8.40594326583715, 46.865411428509546 ], [ 8.398544403639299, 46.864601129571 ], [ 8.384305999690966, 46.85446430018996 ], [ 8.381392435760551, 46.856575410596527 ], [ 8.374777234164863, 46.847948634541019 ], [ 8.375014847636207, 46.857842240751729 ], [ 8.378374596186807, 46.862492587562869 ], [ 8.384798688874179, 46.866083005697092 ], [ 8.380257943212303, 46.870438514656691 ], [ 8.382003660017526, 46.871998426310753 ], [ 8.380084641136987, 46.874029319213442 ], [ 8.373115635870548, 46.874599204403161 ], [ 8.369604377769749, 46.871065436365726 ], [ 8.369702793233023, 46.867655179659977 ], [ 8.364200255172847, 46.86726801482839 ], [ 8.361256907087361, 46.86237101548442 ], [ 8.363870566595995, 46.859534184386426 ], [ 8.37006453533327, 46.858998146398903 ], [ 8.371114871035413, 46.852251626714249 ], [ 8.368837815591633, 46.849481420549466 ], [ 8.371215301583648, 46.83533839912365 ], [ 8.377291442620805, 46.827453183873956 ], [ 8.377550800948921, 46.822782133278075 ], [ 8.373872551507837, 46.816245203016273 ], [ 8.387790066740513, 46.812577067565599 ], [ 8.388624341734641, 46.809358555480827 ], [ 8.385077141329104, 46.803594540092945 ], [ 8.396525840991263, 46.795393716059756 ], [ 8.402066259050653, 46.795365130576918 ], [ 8.410419842143149, 46.790076668496901 ], [ 8.418764184931518, 46.789411651133115 ], [ 8.426464347207869, 46.777191587362566 ], [ 8.426376455215939, 46.774538491571704 ], [ 8.416520380606169, 46.77835668034232 ], [ 8.395224792093158, 46.771538045228837 ], [ 8.392086285359944, 46.777681617225177 ], [ 8.386652774889711, 46.778473511765426 ], [ 8.37740451384164, 46.785809694418944 ], [ 8.368889716039186, 46.787975413788097 ], [ 8.358775750838451, 46.795479017192143 ], [ 8.354055386297038, 46.795202067512662 ], [ 8.34479040877612, 46.799638961375813 ], [ 8.342705083061297, 46.804180452078448 ], [ 8.326346050624116, 46.814779956894682 ], [ 8.321944362873694, 46.820445502982857 ], [ 8.335156101841111, 46.828430018420015 ], [ 8.335796483211231, 46.833039908736836 ], [ 8.332255527627792, 46.833724335256541 ], [ 8.328126231934377, 46.846413771331264 ], [ 8.330918830595712, 46.856692325524804 ], [ 8.33454678098404, 46.861143928767262 ], [ 8.333971401179815, 46.8675535027823 ], [ 8.329475157278178, 46.871681714809704 ], [ 8.328372577759195, 46.877987396547475 ], [ 8.332741554921958, 46.881164873808537 ], [ 8.333071680150587, 46.886029053579989 ], [ 8.337718420296412, 46.890067775622207 ], [ 8.336873386723624, 46.905475291116616 ], [ 8.341078100023255, 46.908869645776626 ], [ 8.343371637930924, 46.914896747623992 ], [ 8.338495705881794, 46.918497503173107 ], [ 8.341133894619299, 46.926276115814495 ], [ 8.338112522148242, 46.929340458444784 ], [ 8.32266885101461, 46.925295620018431 ], [ 8.309997766724884, 46.924484125429295 ], [ 8.301417025742209, 46.929802589811089 ], [ 8.288270919360304, 46.933876942484993 ], [ 8.291815761386252, 46.940435474094315 ], [ 8.298702376593576, 46.946447114505254 ], [ 8.309776578047705, 46.95216572002883 ], [ 8.306039477839263, 46.955855318838772 ], [ 8.330391134544069, 46.966553300276573 ], [ 8.337642217007632, 46.97189411060728 ], [ 8.333019427918973, 46.976823934485154 ], [ 8.334239469827732, 46.98062859464634 ], [ 8.34627989199511, 46.982980766440427 ], [ 8.351585115220871, 46.985763313786407 ], [ 8.352241303789492, 46.989563278973037 ], [ 8.361003724911845, 46.995322377014311 ], [ 8.367439919774451, 47.003321614015981 ], [ 8.384732657513196, 47.003360220280797 ], [ 8.382883610755016, 47.000658741079704 ] ] ] ] } },
{ "type": "Feature", "properties": { "bezirk_id": "B_800" }, "geometry": { "type": "Polygon", "coordinates": [ [ [ 9.066801268187087, 47.130550517857564 ], [ 9.072165539612456, 47.13007854770877 ], [ 9.098840820873335, 47.132827243961003 ], [ 9.106965378442714, 47.128283146406915 ], [ 9.136317671341343, 47.126863665233913 ], [ 9.16902238060136, 47.119088302254937 ], [ 9.188900607566202, 47.116726907799325 ], [ 9.186204862736355, 47.097532093258906 ], [ 9.190891466861045, 47.090568869801395 ], [ 9.188733088293295, 47.084987548169721 ], [ 9.191805091887794, 47.072596542128437 ], [ 9.182278677992809, 47.058274129769636 ], [ 9.174574562410568, 47.052920613301005 ], [ 9.171313522896586, 47.052627999130642 ], [ 9.16874930557506, 47.049859561089171 ], [ 9.153571713810777, 47.047388223966294 ], [ 9.138161322803466, 47.039187176707323 ], [ 9.156337167969257, 47.030171249511838 ], [ 9.168329105071431, 47.026635099783093 ], [ 9.17534817487507, 47.028850336111205 ], [ 9.180558445342793, 47.026000181560022 ], [ 9.201689172377217, 47.035187506890637 ], [ 9.208421436538922, 47.035812635485037 ], [ 9.214709453296038, 47.03295328328214 ], [ 9.22000613496316, 47.0331500783672 ], [ 9.222332989374289, 47.033077934816276 ], [ 9.230233618656113, 47.025738920932667 ], [ 9.236411710992618, 47.023986735272828 ], [ 9.242872649688751, 47.014617928066805 ], [ 9.242771854102987, 47.006926692526243 ], [ 9.24797191001832, 47.000429555056904 ], [ 9.249911545244725, 46.995162387481543 ], [ 9.245372133108399, 46.991572041126254 ], [ 9.246573742848176, 46.987036351313108 ], [ 9.243629593883295, 46.982377059484612 ], [ 9.246531014632513, 46.978741320863726 ], [ 9.243292176824083, 46.966474764754835 ], [ 9.24571257715829, 46.957942936392968 ], [ 9.236755429153412, 46.954565843625531 ], [ 9.236298408198536, 46.944837680268414 ], [ 9.240178750681459, 46.939099248525046 ], [ 9.24965065437973, 46.935602745341463 ], [ 9.253228362376746, 46.92718732566032 ], [ 9.250238297907091, 46.924202480531605 ], [ 9.251505557214312, 46.922058982369542 ], [ 9.248880733853884, 46.916261062608854 ], [ 9.243178294257557, 46.913417878998558 ], [ 9.239762015809896, 46.908253073839255 ], [ 9.226584016508523, 46.905598464757844 ], [ 9.217954839050471, 46.894773911978902 ], [ 9.212966780958691, 46.891981145427195 ], [ 9.204156803348139, 46.883092883486931 ], [ 9.188272183692833, 46.87645382232288 ], [ 9.177321525642311, 46.879059117637283 ], [ 9.152977700016747, 46.879786429737855 ], [ 9.156817724065906, 46.873889477347888 ], [ 9.146535507067268, 46.871128302213918 ], [ 9.140440888077931, 46.861780855220751 ], [ 9.1285927918391, 46.859176362452025 ], [ 9.126960948881694, 46.856915128667751 ], [ 9.111320072875186, 46.850378976434179 ], [ 9.104783215384318, 46.853155631954621 ], [ 9.103608478432541, 46.859695815261112 ], [ 9.094669456507589, 46.867581294686836 ], [ 9.094924171615473, 46.871167529372485 ], [ 9.074107268652391, 46.875173939050498 ], [ 9.065631655745182, 46.874745973242469 ], [ 9.061381780878575, 46.874347483810482 ], [ 9.053554997995786, 46.867116533603962 ], [ 9.046150959313081, 46.866501061632974 ], [ 9.044183363001158, 46.855516137515281 ], [ 9.045952584376362, 46.850200925233139 ], [ 9.037578943870516, 46.845117954282081 ], [ 9.033727589162904, 46.839053662821854 ], [ 9.03440437350142, 46.835346368113782 ], [ 9.029967427200988, 46.833383855380816 ], [ 9.019964771603417, 46.817327749499938 ], [ 9.009012278427669, 46.811180773929628 ], [ 8.957779807199106, 46.804432864943884 ], [ 8.95456487471901, 46.805195334413121 ], [ 8.950721425525067, 46.802709100169487 ], [ 8.928275001219099, 46.796472165840505 ], [ 8.915288703701854, 46.799213915476614 ], [ 8.914855889149573, 46.811149492310847 ], [ 8.906741758466476, 46.81009343012667 ], [ 8.898388711832853, 46.814231075096117 ], [ 8.888578113077703, 46.814904792539366 ], [ 8.877168405270675, 46.813123664191039 ], [ 8.876125559149767, 46.816276697787359 ], [ 8.880168870266388, 46.81995946962769 ], [ 8.881849098913861, 46.829348995388074 ], [ 8.874476222125594, 46.835028893953059 ], [ 8.87425331877072, 46.839943970090502 ], [ 8.871189426214659, 46.842069668403596 ], [ 8.89650668166685, 46.850728522678708 ], [ 8.908551076462286, 46.861505551211799 ], [ 8.918002053790792, 46.860807891053398 ], [ 8.93271174070096, 46.865753920913519 ], [ 8.946559332005688, 46.873075656657669 ], [ 8.956017380915007, 46.875361776850852 ], [ 8.957342358475147, 46.887903955780551 ], [ 8.953360667895998, 46.900759375197502 ], [ 8.948787125151512, 46.90149458187485 ], [ 8.943588393839692, 46.906160474940648 ], [ 8.935078922631646, 46.920208189426312 ], [ 8.943249046315847, 46.92217939168188 ], [ 8.948224856248483, 46.925415751975379 ], [ 8.962940282358462, 46.926597329412537 ], [ 8.964282705609143, 46.928549774825875 ], [ 8.959158470300148, 46.932180702082469 ], [ 8.95521267727543, 46.938962689798792 ], [ 8.962016437868614, 46.948211159339039 ], [ 8.963907242718456, 46.956040268111863 ], [ 8.970679267931942, 46.959440700076172 ], [ 8.956470725810007, 46.962571772592987 ], [ 8.948829004645976, 46.968880546643781 ], [ 8.945638784226462, 46.967132179139384 ], [ 8.932062091212238, 46.982235550053417 ], [ 8.940818473681308, 46.984622234823078 ], [ 8.941479045629251, 46.987555519123546 ], [ 8.937612510910665, 46.986571514754701 ], [ 8.928566770049853, 46.997449524742613 ], [ 8.918139642951138, 47.0022448288777 ], [ 8.915573073713993, 47.00742401366751 ], [ 8.911338359261517, 47.008872954453508 ], [ 8.910458407686093, 47.017071204076302 ], [ 8.90075046228276, 47.020937953859722 ], [ 8.895072661986264, 47.021136133833195 ], [ 8.892996335626956, 47.023645537591001 ], [ 8.903685306574694, 47.027243124858309 ], [ 8.900841791072732, 47.032011613461158 ], [ 8.901684744499379, 47.037830660624252 ], [ 8.914154786481438, 47.040028103148892 ], [ 8.920707435264219, 47.038081359201598 ], [ 8.938534466602412, 47.044507253348122 ], [ 8.942715640960328, 47.048581998212306 ], [ 8.948134049215033, 47.049356548254153 ], [ 8.95102248308554, 47.060762278974295 ], [ 8.961143294033045, 47.071766366800006 ], [ 8.9607826851986, 47.076224489208748 ], [ 8.964754414857152, 47.077422306963854 ], [ 8.9659187269898, 47.081770202380547 ], [ 8.975125770670749, 47.08592979859813 ], [ 8.954481023676554, 47.091350191044754 ], [ 8.954178776982511, 47.094170114464738 ], [ 8.959643685352122, 47.10012560460676 ], [ 8.971039094100746, 47.103770737786661 ], [ 8.96927590406054, 47.108004653053733 ], [ 8.973747816982629, 47.115070302067856 ], [ 8.965135579409916, 47.121779515002146 ], [ 8.969175108912637, 47.130299514720207 ], [ 8.967260388046329, 47.136649563821294 ], [ 8.97391824402645, 47.140321398173093 ], [ 8.991718698446837, 47.162150874184633 ], [ 9.004565548235542, 47.173145451755936 ], [ 9.005774393865877, 47.174123558038623 ], [ 9.008513298495792, 47.172142959177847 ], [ 9.05430819847729, 47.138122126113956 ], [ 9.066801268187087, 47.130550517857564 ] ] ] } },
{ "type": "Feature", "properties": { "bezirk_id": "B_900" }, "geometry": { "type": "Polygon", "coordinates": [ [ [ 8.418714691077895, 47.22679480890158 ], [ 8.422124506143538, 47.22336550983951 ], [ 8.429468934110693, 47.224948720545939 ], [ 8.437038815968162, 47.223731953867897 ], [ 8.441067719951549, 47.225226176722835 ], [ 8.443754971279507, 47.222774009218298 ], [ 8.446408225474306, 47.223434475865943 ], [ 8.447849584712603, 47.220048586515318 ], [ 8.451986907278007, 47.219598473249455 ], [ 8.453035263890884, 47.217790164769518 ], [ 8.45668083943707, 47.218567586152716 ], [ 8.461418897081041, 47.213641096353804 ], [ 8.470630437110287, 47.213468966874274 ], [ 8.473113679862406, 47.208760058730029 ], [ 8.476213843158073, 47.210018517693918 ], [ 8.479922080864799, 47.20859974505418 ], [ 8.483903911999334, 47.208356774449108 ], [ 8.490027775276923, 47.210981676581781 ], [ 8.49844450508782, 47.212028960113969 ], [ 8.512177565409981, 47.215490961659718 ], [ 8.512559928104334, 47.219409432747149 ], [ 8.521223784064228, 47.220182894698098 ], [ 8.531327751475754, 47.217757638767992 ], [ 8.532484024251632, 47.222001544091142 ], [ 8.536405770699433, 47.22072285001336 ], [ 8.53919974608773, 47.223035022881703 ], [ 8.543365537492154, 47.222068602656861 ], [ 8.552771970186194, 47.221681142481856 ], [ 8.55392635720932, 47.223217204411995 ], [ 8.560785124512252, 47.2197142803644 ], [ 8.574314288452278, 47.217017920913214 ], [ 8.578312861362079, 47.218786535275612 ], [ 8.583186578614885, 47.217631742467788 ], [ 8.582651998796711, 47.211160210831501 ], [ 8.585280156764941, 47.210594332254487 ], [ 8.58822830438743, 47.212633932077871 ], [ 8.59455021077668, 47.211940950435583 ], [ 8.598055380793708, 47.209207015904482 ], [ 8.598687262626228, 47.201824207881614 ], [ 8.60322977848727, 47.203127698510194 ], [ 8.608302541373694, 47.205127288999279 ], [ 8.615493180677374, 47.199575632683199 ], [ 8.617883474423779, 47.192453551485656 ], [ 8.628158577233169, 47.17975376449251 ], [ 8.624189739682661, 47.17331776520632 ], [ 8.639191092807419, 47.171632933090542 ], [ 8.64111281020968, 47.169094037138905 ], [ 8.652239772451741, 47.171136205348482 ], [ 8.660839589708798, 47.170505422680115 ], [ 8.661627321726295, 47.160529637399776 ], [ 8.665841656848716, 47.15968412121029 ], [ 8.674791437394795, 47.159444357300899 ], [ 8.692483457550349, 47.163624888962644 ], [ 8.695720820375872, 47.163310683882088 ], [ 8.701132311515352, 47.15114290398359 ], [ 8.688324042722103, 47.145921173759355 ], [ 8.684239597227393, 47.140387997526162 ], [ 8.687225381402985, 47.13669425708482 ], [ 8.681777696286263, 47.125211454624186 ], [ 8.677805799777717, 47.124444700978287 ], [ 8.677362639259183, 47.122380402107744 ], [ 8.670821291198479, 47.118762358718818 ], [ 8.671371197430043, 47.115742808705754 ], [ 8.659828825289621, 47.114660567373981 ], [ 8.659756496070923, 47.110910016674403 ], [ 8.64945448235845, 47.103435420855043 ], [ 8.645455904648227, 47.099636206992734 ], [ 8.644988487365714, 47.095844814573113 ], [ 8.63738306503639, 47.093288599352206 ], [ 8.611603457346892, 47.095048010909899 ], [ 8.608986569620363, 47.094651888953379 ], [ 8.607569837521121, 47.091904564886207 ], [ 8.595410717421277, 47.091235994802808 ], [ 8.586942408437514, 47.085761486248487 ], [ 8.580911780257804, 47.083977452583049 ], [ 8.57751634894516, 47.084712844705756 ], [ 8.574303163150834, 47.082243800568868 ], [ 8.563531240315578, 47.081657109997359 ], [ 8.563392263361262, 47.092606427048239 ], [ 8.544988344448601, 47.094404363341894 ], [ 8.539672303006128, 47.092116518425321 ], [ 8.520768223238759, 47.090047174042574 ], [ 8.502582264406907, 47.107488831896553 ], [ 8.499411107085461, 47.114354880621143 ], [ 8.494332536448187, 47.124116970895159 ], [ 8.498022079571836, 47.130739828540563 ], [ 8.504726176153815, 47.13643509267277 ], [ 8.503838496630236, 47.146815302559062 ], [ 8.509569077993648, 47.15447135031453 ], [ 8.513938055229902, 47.16845476926629 ], [ 8.492618391383678, 47.177656590531825 ], [ 8.481246410485596, 47.176320889320422 ], [ 8.478711497604666, 47.181651189427583 ], [ 8.475271218778765, 47.181142495228471 ], [ 8.469985944949066, 47.180740201380416 ], [ 8.467547493212107, 47.177433686312185 ], [ 8.462956605616831, 47.178823964490903 ], [ 8.454216307593253, 47.173621063210682 ], [ 8.453300481123897, 47.170543682622537 ], [ 8.456021959188348, 47.167290262778707 ], [ 8.460889515498247, 47.160401518941825 ], [ 8.459664992023722, 47.158433372774169 ], [ 8.463445860283981, 47.156150867261125 ], [ 8.462166308997917, 47.151304655998423 ], [ 8.457868600684314, 47.14720485668019 ], [ 8.458688603555492, 47.141800242770444 ], [ 8.465876484923946, 47.138497853418301 ], [ 8.47067364923803, 47.141153584491413 ], [ 8.472768641931856, 47.140406121927541 ], [ 8.464113902199204, 47.129068198151714 ], [ 8.467301637592911, 47.118667761868657 ], [ 8.456057415840244, 47.113649311594692 ], [ 8.451760103224323, 47.114262986648903 ], [ 8.448236130244375, 47.130045296588364 ], [ 8.441647860612903, 47.129464267235186 ], [ 8.430423158176703, 47.123354686325875 ], [ 8.420235389623704, 47.122632514891109 ], [ 8.415352763515664, 47.124455216763394 ], [ 8.416704128789725, 47.130614675936251 ], [ 8.412129712193961, 47.140737476844635 ], [ 8.415250570370578, 47.145595583497382 ], [ 8.412095484819842, 47.153358455282955 ], [ 8.414340970549249, 47.157180505611827 ], [ 8.41507099154687, 47.164667543836856 ], [ 8.41166731846153, 47.173332012130174 ], [ 8.409724767840592, 47.175327416376184 ], [ 8.402756636551404, 47.176645359441892 ], [ 8.400241685847833, 47.183520904200797 ], [ 8.405613906080539, 47.196051468146095 ], [ 8.400169485614805, 47.208870480288574 ], [ 8.400556406884807, 47.215703708440927 ], [ 8.39648018765349, 47.220307302583471 ], [ 8.395532245585088, 47.227835257721658 ], [ 8.405951584127887, 47.236617611702613 ], [ 8.408095974565612, 47.24270738982753 ], [ 8.410715820142322, 47.248037510292498 ], [ 8.414197062471395, 47.244077156620101 ], [ 8.41698704489156, 47.241345920846449 ], [ 8.414841540069837, 47.23886342425201 ], [ 8.418206203157462, 47.233635580383613 ], [ 8.418714691077895, 47.22679480890158 ] ], [ [ 8.624976907699176, 47.108269658538639 ], [ 8.631059349541975, 47.102719188969381 ], [ 8.639120337539245, 47.103804730448125 ], [ 8.642260664694145, 47.114567015134881 ], [ 8.629150284500612, 47.129456832078894 ], [ 8.618942486106846, 47.132800591674822 ], [ 8.613379376833556, 47.131589151421899 ], [ 8.604004235762156, 47.136911135071927 ], [ 8.598449219909845, 47.136076714422259 ], [ 8.588943564292816, 47.137269688606487 ], [ 8.594316601088387, 47.133950334184085 ], [ 8.595149812349792, 47.129803880245916 ], [ 8.597504434924446, 47.128970546226533 ], [ 8.591851371938755, 47.12353993612053 ], [ 8.601633669863519, 47.121849122284289 ], [ 8.607610188583907, 47.120322176352616 ], [ 8.611504194178442, 47.118798191791527 ], [ 8.621448539029307, 47.114962996883158 ], [ 8.624604525181073, 47.114660598287159 ], [ 8.624976907699176, 47.108269658538639 ] ] ] } },
{ "type": "Feature", "properties": { "bezirk_id": "B_1001" }, "geometry": { "type": "MultiPolygon", "coordinates": [ [ [ [ 6.773065703528745, 46.751418621021053 ], [ 6.776152641591385, 46.749439559351678 ], [ 6.778681895206984, 46.751298371706355 ], [ 6.786238308999455, 46.747671638894651 ], [ 6.78444973651133, 46.7354721302926 ], [ 6.77749592073228, 46.72958471593283 ], [ 6.777407641483832, 46.726120829375496 ], [ 6.770737968488679, 46.720684425033035 ], [ 6.762499872713053, 46.71735232748064 ], [ 6.758622053161908, 46.72198905444553 ], [ 6.759079237290229, 46.725149309656096 ], [ 6.751727146878395, 46.728244724726686 ], [ 6.748620234563348, 46.731806268143373 ], [ 6.752615073734802, 46.736589181371684 ], [ 6.759031278918965, 46.73723936676916 ], [ 6.768179062880294, 46.744454227447925 ], [ 6.773065703528745, 46.751418621021053 ] ] ], [ [ [ 6.857740128944337, 46.762703757854979 ], [ 6.859249616405245, 46.761110217217201 ], [ 6.863849141913932, 46.763103571273106 ], [ 6.867794250958372, 46.760181830092797 ], [ 6.876976095661605, 46.755864585938056 ], [ 6.875727437696078, 46.753861384229012 ], [ 6.882078245161462, 46.749781583260031 ], [ 6.866420710374273, 46.733025984608631 ], [ 6.865534182351555, 46.729045428542641 ], [ 6.867934995461689, 46.728409800621073 ], [ 6.861801109646994, 46.724591692233552 ], [ 6.846359149459482, 46.727516957837793 ], [ 6.838440841805133, 46.732540073023728 ], [ 6.828334294553746, 46.735400958086707 ], [ 6.817356182919635, 46.733191603578398 ], [ 6.811333890037822, 46.727914064708784 ], [ 6.806203289206013, 46.72700409539636 ], [ 6.792981744585624, 46.725553527948151 ], [ 6.788465726540549, 46.727956683508104 ], [ 6.793631832704475, 46.735713423869818 ], [ 6.796515492638031, 46.736377416174832 ], [ 6.798048449009849, 46.734002176972325 ], [ 6.803991966404197, 46.737031043146189 ], [ 6.806117759771794, 46.735396651079057 ], [ 6.812102293351767, 46.73720189874085 ], [ 6.81653584382888, 46.738512597333596 ], [ 6.815060393569915, 46.74050157865571 ], [ 6.830467605430378, 46.753871570621058 ], [ 6.829084884964004, 46.755771267473136 ], [ 6.844424953605037, 46.765261813790438 ], [ 6.848863955624141, 46.771132067557822 ], [ 6.846257386816178, 46.771235487790264 ], [ 6.849040170100866, 46.775360941594236 ], [ 6.86016058051669, 46.766476263391702 ], [ 6.857740128944337, 46.762703757854979 ] ] ], [ [ [ 6.891718147535125, 46.886776910360354 ], [ 6.903665734469989, 46.879421248046803 ], [ 6.905335938431678, 46.880328612640248 ], [ 6.90695342104561, 46.8786180210598 ], [ 6.910869216697535, 46.88063319191393 ], [ 6.92100840605053, 46.871315331887402 ], [ 6.911488386950392, 46.867016883230797 ], [ 6.909405163998933, 46.869454015900914 ], [ 6.891874902930204, 46.864954574909795 ], [ 6.896278108895621, 46.861413363795727 ], [ 6.912811018724081, 46.86588955298361 ], [ 6.93013256118702, 46.853869123063575 ], [ 6.919353159807405, 46.847172878877487 ], [ 6.910989584360586, 46.839038520166135 ], [ 6.90520019433026, 46.827672005218034 ], [ 6.910804261681167, 46.812545762654445 ], [ 6.90492909435401, 46.806473380048644 ], [ 6.907341877185098, 46.804928416935546 ], [ 6.911328947403313, 46.803175793215914 ], [ 6.919577616391627, 46.810391132324121 ], [ 6.923394648816381, 46.808573355630557 ], [ 6.927740268011027, 46.809006712883694 ], [ 6.931442391537404, 46.805443014805469 ], [ 6.926132180997914, 46.799032405928742 ], [ 6.921177180022724, 46.796671164192169 ], [ 6.916607984402183, 46.786998058814518 ], [ 6.9159355353323, 46.783423724299567 ], [ 6.910994776940768, 46.779802707952804 ], [ 6.908301231748366, 46.782057093723765 ], [ 6.909806136055101, 46.783494389984043 ], [ 6.90648153481126, 46.78332598465947 ], [ 6.905045410657479, 46.781565124355751 ], [ 6.899191463542683, 46.781609522016694 ], [ 6.899887339188318, 46.780119542946217 ], [ 6.894987690701472, 46.779043780707546 ], [ 6.894193907134775, 46.77725885720502 ], [ 6.888199171725376, 46.778309526077138 ], [ 6.879600383741657, 46.775389054821076 ], [ 6.863800482245853, 46.781130612917032 ], [ 6.861853232623761, 46.783207761666787 ], [ 6.863975190364718, 46.784387916011227 ], [ 6.859155924262488, 46.788033731520457 ], [ 6.85150980053225, 46.785879729253196 ], [ 6.848552957881703, 46.780957339788543 ], [ 6.843111216671804, 46.778685489093618 ], [ 6.840010467666042, 46.780801213447496 ], [ 6.833192192549036, 46.774612150228677 ], [ 6.827483697347345, 46.776893563406745 ], [ 6.825405158961496, 46.773149187745886 ], [ 6.81875406880659, 46.777674010448912 ], [ 6.813163921684225, 46.779323678035951 ], [ 6.80459652959043, 46.78567424858209 ], [ 6.798056210286767, 46.78282202250589 ], [ 6.782533259632938, 46.792871878040103 ], [ 6.775970922109987, 46.789703410795418 ], [ 6.779033441817424, 46.794156057502846 ], [ 6.787311531763548, 46.799565089936173 ], [ 6.784084852527902, 46.803135890489685 ], [ 6.778863172305774, 46.800560011172671 ], [ 6.776860764435604, 46.802536454754566 ], [ 6.767336467217446, 46.808858727554572 ], [ 6.807936651627682, 46.836986015323397 ], [ 6.83455992253529, 46.846350588894005 ], [ 6.839755842225057, 46.850695860774053 ], [ 6.838884526514643, 46.852400444021946 ], [ 6.857878813423113, 46.860189904370145 ], [ 6.891718147535125, 46.886776910360354 ] ] ], [ [ [ 6.961404441700086, 46.927811728267116 ], [ 6.971982183056035, 46.920911008478434 ], [ 6.978118283513484, 46.923400649900884 ], [ 6.98614285418685, 46.920005493183048 ], [ 6.987523261177563, 46.918220876390841 ], [ 6.98193041387939, 46.913619996446258 ], [ 6.984530171536062, 46.912002201869953 ], [ 6.981244433833097, 46.909398414927331 ], [ 6.984171683242037, 46.907835912035061 ], [ 7.009484184216651, 46.889043565820799 ], [ 6.994864463576447, 46.878238745453714 ], [ 6.999618350000416, 46.874460449433123 ], [ 7.007773306275269, 46.873349121837848 ], [ 7.013315982550243, 46.877408863359136 ], [ 7.015639486999425, 46.877210607691019 ], [ 7.016384835739244, 46.880847514003285 ], [ 7.021641912006563, 46.876261202129278 ], [ 7.025105261409903, 46.877937959781057 ], [ 7.035383344488205, 46.873602990841007 ], [ 7.029930810868295, 46.866153372787515 ], [ 7.039677669859162, 46.860592737434956 ], [ 7.033223493687934, 46.857385593314575 ], [ 7.034064673371188, 46.855391595809628 ], [ 7.029953739122178, 46.852813236959975 ], [ 7.031866521932873, 46.847836604429077 ], [ 7.033170798831481, 46.848740794468029 ], [ 7.037377447835519, 46.845627896199815 ], [ 7.039556920663381, 46.848233823130116 ], [ 7.042913882374249, 46.846921239672511 ], [ 7.050212258790604, 46.85462017047216 ], [ 7.052090874730187, 46.852314731898247 ], [ 7.055538518185225, 46.852434314616886 ], [ 7.055226469767424, 46.850229386957054 ], [ 7.051075167067705, 46.842263387643477 ], [ 7.053927817025916, 46.839340538949081 ], [ 7.052035164227143, 46.832749469620438 ], [ 7.046909426502055, 46.82925972121523 ], [ 7.040726562033608, 46.828797523086976 ], [ 7.039639286251045, 46.825195536462715 ], [ 7.02607842217987, 46.821342163885177 ], [ 7.026558955175501, 46.818492335642148 ], [ 7.02341987044186, 46.817734315425099 ], [ 7.026552088876354, 46.814264433537247 ], [ 7.015529106712276, 46.813036629849982 ], [ 7.016449283579384, 46.810989070159174 ], [ 7.007657691799258, 46.806098583138763 ], [ 7.01137766088673, 46.802892202538402 ], [ 7.009557704643835, 46.801131237890807 ], [ 7.013250806590187, 46.797951681245074 ], [ 7.012221270834865, 46.795635984525951 ], [ 7.002300620049722, 46.791433487475331 ], [ 6.994452108903646, 46.790233733213718 ], [ 6.991125682040987, 46.783914839631557 ], [ 6.981975631370081, 46.778850007279168 ], [ 6.9799981326828, 46.77581055783169 ], [ 6.971208533641997, 46.782269617812609 ], [ 6.969070315656137, 46.787190388674375 ], [ 6.958657475788418, 46.79025945478103 ], [ 6.956455464829825, 46.79044805859246 ], [ 6.956022811463952, 46.793414760970769 ], [ 6.966681955967349, 46.802652860667244 ], [ 6.957853955810596, 46.8112696646157 ], [ 6.959365252959708, 46.812229556481498 ], [ 6.956523785710128, 46.814952214296063 ], [ 6.961630791265193, 46.818266064224872 ], [ 6.95866499143421, 46.820214638639378 ], [ 6.965606361031877, 46.828105734359596 ], [ 6.971786324452531, 46.824299123625828 ], [ 6.98515918414, 46.82211322895553 ], [ 6.992414376888441, 46.830588631422494 ], [ 6.992365885122068, 46.833269096408003 ], [ 6.986021261519957, 46.834890257545773 ], [ 6.987023977530927, 46.837233059887062 ], [ 6.982898312518477, 46.839906292892138 ], [ 6.986005168237233, 46.840177299626333 ], [ 6.988566446858531, 46.843563756505638 ], [ 6.98449999134673, 46.846675168155748 ], [ 6.981399100606265, 46.845845347215018 ], [ 6.977477075096338, 46.850165451205619 ], [ 6.98051811553758, 46.85803207583065 ], [ 6.977024615374614, 46.860612416706253 ], [ 6.980113479997497, 46.866295563877117 ], [ 6.989057865858683, 46.873396384884813 ], [ 6.98615500947188, 46.876272128370118 ], [ 6.973691053617159, 46.887365133953978 ], [ 6.966129493844047, 46.883349101626095 ], [ 6.962212426348097, 46.88417838743495 ], [ 6.958052035806642, 46.881399343086748 ], [ 6.96989166487149, 46.867199803529729 ], [ 6.965122406444995, 46.865156129890984 ], [ 6.959978073894886, 46.871386507039134 ], [ 6.957281178604478, 46.870808447472577 ], [ 6.95399995205283, 46.875391236788701 ], [ 6.951672896446957, 46.874517765923507 ], [ 6.95114322785891, 46.877951768507629 ], [ 6.941902931155045, 46.884145772552593 ], [ 6.938624567964842, 46.889600691218199 ], [ 6.936098737045106, 46.888896949539564 ], [ 6.933178719371185, 46.892437259006606 ], [ 6.925959914669908, 46.892611963036494 ], [ 6.923901305516839, 46.895184393990455 ], [ 6.929764475471419, 46.899618445515607 ], [ 6.92204505370689, 46.905340860917669 ], [ 6.926424393688634, 46.905810361157023 ], [ 6.928862227779438, 46.910318984270461 ], [ 6.935009175351774, 46.9127120542773 ], [ 6.941564109592862, 46.915052594792677 ], [ 6.961404441700086, 46.927811728267116 ] ] ] ] } },
{ "type": "Feature", "properties": { "bezirk_id": "B_1002" }, "geometry": { "type": "Polygon", "coordinates": [ [ [ 6.969070315656137, 46.787190388674375 ], [ 6.971208533641997, 46.782269617812609 ], [ 6.9799981326828, 46.77581055783169 ], [ 6.978344552832735, 46.767078187475178 ], [ 6.974323120994229, 46.764318210108634 ], [ 6.979598014034105, 46.758267584440098 ], [ 6.978387523459208, 46.754412588113169 ], [ 6.980354974454388, 46.750849278360498 ], [ 6.978429168615069, 46.746487643281931 ], [ 6.990351511250545, 46.736999900001059 ], [ 6.9970037269749, 46.73474103139926 ], [ 7.000303847011573, 46.731155555476697 ], [ 7.006585321161606, 46.732564902456247 ], [ 7.009303630236951, 46.731297819022117 ], [ 7.005151557619348, 46.730274569194599 ], [ 7.007037168155448, 46.728428646214056 ], [ 7.005849275781133, 46.727596279990998 ], [ 7.010062865952311, 46.726317125106803 ], [ 7.012911123661922, 46.721803036875443 ], [ 7.004126399622295, 46.716282503385344 ], [ 7.010455313462232, 46.703307852447963 ], [ 7.016420199073674, 46.704688493579447 ], [ 7.021001944209269, 46.698984207059574 ], [ 7.021695044949668, 46.693904230089224 ], [ 7.024725493989619, 46.694248141455382 ], [ 7.040590958038424, 46.684463606504877 ], [ 7.021914843746835, 46.67733510178045 ], [ 7.013767247440348, 46.671367816410573 ], [ 7.015698959806035, 46.670007685031038 ], [ 7.012847261591273, 46.663763055945211 ], [ 7.013540397022135, 46.662029491662324 ], [ 7.004793707512612, 46.661096867085632 ], [ 7.001603061280857, 46.658197034803472 ], [ 6.999948833258409, 46.657578955334984 ], [ 6.991406979841098, 46.655692548712942 ], [ 6.985395230116483, 46.657494847947859 ], [ 6.982431236277631, 46.655746822434693 ], [ 6.975727929019979, 46.661971704681108 ], [ 6.972372672087332, 46.660149857907506 ], [ 6.964265114002053, 46.660934911572383 ], [ 6.955511158279964, 46.655095817152485 ], [ 6.949025770771423, 46.65569775918987 ], [ 6.945341168675716, 46.647180888716726 ], [ 6.947056450713438, 46.64529922485908 ], [ 6.943917856897849, 46.641435440052497 ], [ 6.950693898352831, 46.633071749073345 ], [ 6.947993286719998, 46.628481298644672 ], [ 6.950783029855328, 46.626109450782337 ], [ 6.948345525640208, 46.624209854489251 ], [ 6.951624597952975, 46.62112044025676 ], [ 6.947812660054264, 46.61676809216204 ], [ 6.944947408975897, 46.618869667436776 ], [ 6.941947845245269, 46.617102421852131 ], [ 6.934468846297347, 46.614136856731925 ], [ 6.934771129700366, 46.6153166394759 ], [ 6.929510540851482, 46.615266190310138 ], [ 6.922112828354416, 46.618903047987189 ], [ 6.9072925275491, 46.615146424420544 ], [ 6.899836891857023, 46.619204370326905 ], [ 6.895736198445547, 46.624510334067253 ], [ 6.888365586841193, 46.623863158553696 ], [ 6.888349889550422, 46.62540135801958 ], [ 6.884358383500386, 46.626281530005016 ], [ 6.880985942695458, 46.62410604163653 ], [ 6.880069651165513, 46.62180761846664 ], [ 6.875839500343755, 46.62054532302988 ], [ 6.877458188610042, 46.618061501133866 ], [ 6.87289686335213, 46.611067143743114 ], [ 6.868501253629593, 46.613204153145595 ], [ 6.867203139235, 46.610049103588153 ], [ 6.864475889555776, 46.611186810973514 ], [ 6.862015532807908, 46.608106780997851 ], [ 6.860842790627491, 46.609135337577776 ], [ 6.856820247020741, 46.606910831865235 ], [ 6.853951969364469, 46.600581046587486 ], [ 6.84963723529902, 46.601296406464478 ], [ 6.847724303274674, 46.598398812901067 ], [ 6.842516336550953, 46.590194392000384 ], [ 6.842772473276228, 46.582360372010484 ], [ 6.834761769406366, 46.575355266216263 ], [ 6.828727551575817, 46.577158157402003 ], [ 6.823728089979348, 46.577419053981593 ], [ 6.820564242671843, 46.583707962761139 ], [ 6.814123021258857, 46.585606823653627 ], [ 6.811701267463897, 46.580672744371633 ], [ 6.813033569309844, 46.57828719579495 ], [ 6.804870920804707, 46.577936062029465 ], [ 6.799319884280214, 46.574081692726438 ], [ 6.795105857471214, 46.575218350556547 ], [ 6.799168554672018, 46.583553491449358 ], [ 6.801309930241866, 46.592255534934395 ], [ 6.798295817186102, 46.599930039783764 ], [ 6.801927625216964, 46.60073309719742 ], [ 6.803466289271384, 46.62191793420304 ], [ 6.802274839849042, 46.6277315748154 ], [ 6.796883024165957, 46.633125743581537 ], [ 6.803486052538616, 46.644632518189063 ], [ 6.798820392011559, 46.649248198327321 ], [ 6.811204545664524, 46.650342747515957 ], [ 6.814569439406239, 46.647428635733924 ], [ 6.818467373620429, 46.648106662665086 ], [ 6.817252398588609, 46.649251490927831 ], [ 6.827969779256738, 46.660284437741154 ], [ 6.831335785681682, 46.65956481248282 ], [ 6.833447604268929, 46.662319787098703 ], [ 6.838422540057816, 46.662616031944545 ], [ 6.844073239709451, 46.660882550293124 ], [ 6.842175465066122, 46.658812577214562 ], [ 6.853551991586042, 46.655516273297977 ], [ 6.859475093238825, 46.659927540933523 ], [ 6.864902068366752, 46.658254860590318 ], [ 6.86802432977257, 46.660753403652343 ], [ 6.868314378703051, 46.662976809895234 ], [ 6.864401930547647, 46.664729279510965 ], [ 6.871850231583291, 46.673402568506397 ], [ 6.864709425639786, 46.676344343148095 ], [ 6.862790770774024, 46.680994438758475 ], [ 6.865480419002362, 46.681268901857464 ], [ 6.866582555048453, 46.684566890417344 ], [ 6.868557049131542, 46.685737253861959 ], [ 6.873105270248603, 46.683322116993615 ], [ 6.881152941743518, 46.690045670624812 ], [ 6.883729839794976, 46.689896348617872 ], [ 6.887944929304187, 46.694459668540325 ], [ 6.889610283418065, 46.693972954824218 ], [ 6.893472869879415, 46.699856730601503 ], [ 6.892386358541831, 46.702559224073489 ], [ 6.898067705918788, 46.708433560663096 ], [ 6.904523418463142, 46.714158315629511 ], [ 6.916016896526317, 46.719824982361857 ], [ 6.917081037787952, 46.717994749299301 ], [ 6.920444524765273, 46.721860258763641 ], [ 6.922141860449205, 46.723550162942999 ], [ 6.934288840215575, 46.73248334517406 ], [ 6.935668698841956, 46.733227093638895 ], [ 6.936031242964428, 46.737834459435497 ], [ 6.9412513515689, 46.744972928272155 ], [ 6.937218818829993, 46.749399074326007 ], [ 6.930226175033191, 46.75398281615837 ], [ 6.920568072602582, 46.751150637417425 ], [ 6.9168731483251, 46.754282235869596 ], [ 6.914632290813393, 46.753219456923581 ], [ 6.911869714355517, 46.754655007077552 ], [ 6.910561697609171, 46.753236634104304 ], [ 6.908189439491644, 46.757552507771543 ], [ 6.914368604423379, 46.762816576746076 ], [ 6.920023991829419, 46.760071820310699 ], [ 6.928776659131334, 46.76744276698286 ], [ 6.935415475735826, 46.771493326854625 ], [ 6.931216342037926, 46.772500195023056 ], [ 6.9330550634, 46.774676310243784 ], [ 6.931530102224549, 46.775326209709043 ], [ 6.938830996546852, 46.781529451751815 ], [ 6.945652364752042, 46.784509725596024 ], [ 6.950082137867993, 46.782693712674813 ], [ 6.958657475788418, 46.79025945478103 ], [ 6.969070315656137, 46.787190388674375 ] ] ] } },
{ "type": "Feature", "properties": { "bezirk_id": "B_1003" }, "geometry": { "type": "Polygon", "coordinates": [ [ [ 7.113716660429447, 46.720498553258544 ], [ 7.121806708411719, 46.714944157043043 ], [ 7.128474560434062, 46.715340362877043 ], [ 7.139535234307481, 46.713705839646408 ], [ 7.145971181587899, 46.715854539867287 ], [ 7.151945969990525, 46.713534308639005 ], [ 7.153295017318748, 46.715338958523127 ], [ 7.156447141409543, 46.715035338886253 ], [ 7.158684873784913, 46.712603087545844 ], [ 7.178708820513342, 46.707505359148442 ], [ 7.182617036649144, 46.702386788438538 ], [ 7.185686175989721, 46.703158287065726 ], [ 7.192733156666009, 46.700493102582648 ], [ 7.193449040497519, 46.701205297444588 ], [ 7.216745996532857, 46.695667015714136 ], [ 7.22164595496791, 46.702827927988245 ], [ 7.238357237846481, 46.709695243529744 ], [ 7.251244287519625, 46.689297464983852 ], [ 7.245777493910728, 46.682721567193497 ], [ 7.246228652685928, 46.677190085619898 ], [ 7.254050883612448, 46.671445956658957 ], [ 7.259061883466543, 46.665768833133235 ], [ 7.265580181068961, 46.662333689419299 ], [ 7.272787205755358, 46.661641404940582 ], [ 7.274379600122076, 46.659871268688399 ], [ 7.27773603397354, 46.660804382592843 ], [ 7.286438440957246, 46.669739981365275 ], [ 7.292548735752705, 46.670045347052344 ], [ 7.298502541841438, 46.663728563022559 ], [ 7.303734668530337, 46.66148604301145 ], [ 7.304434128392947, 46.658698261709382 ], [ 7.318297833852597, 46.652102158167779 ], [ 7.303120716257091, 46.640759597023511 ], [ 7.308239470485065, 46.635809073826522 ], [ 7.313252497165946, 46.636579369228073 ], [ 7.312125328800057, 46.621690479131445 ], [ 7.317837998922915, 46.618503312564563 ], [ 7.318287370432511, 46.616057001256841 ], [ 7.314851076815504, 46.600356029752454 ], [ 7.320756156109307, 46.591654640847231 ], [ 7.312528275976292, 46.589144977226567 ], [ 7.308045691057883, 46.581322723931095 ], [ 7.298697157620889, 46.579152585637857 ], [ 7.28179977247258, 46.584689665004078 ], [ 7.26801814813917, 46.573578145052672 ], [ 7.259768781526178, 46.563400371508386 ], [ 7.245762612509486, 46.55586602100886 ], [ 7.237020397034939, 46.553799776854852 ], [ 7.223287813483972, 46.547729416018939 ], [ 7.207327975407176, 46.532792162261877 ], [ 7.200823681997749, 46.541657366796166 ], [ 7.192170636115621, 46.546622434257422 ], [ 7.182755750258591, 46.538694381847641 ], [ 7.171078876090133, 46.532748253482062 ], [ 7.159102477153208, 46.527249960483424 ], [ 7.148382408410032, 46.528491372351169 ], [ 7.144717027208389, 46.526637807233982 ], [ 7.135736478119655, 46.50819101690054 ], [ 7.126410713598014, 46.503200067559646 ], [ 7.124205677231811, 46.499307831768903 ], [ 7.110333651140975, 46.494806590295184 ], [ 7.100392101931344, 46.486978057004045 ], [ 7.09797300962965, 46.48851806167076 ], [ 7.08881446523386, 46.486915882208514 ], [ 7.077692591818104, 46.488815043999672 ], [ 7.072499337444741, 46.4863965144121 ], [ 7.065865149934114, 46.489037595614342 ], [ 7.061097707671814, 46.487258639595936 ], [ 7.027873563611656, 46.46676765031723 ], [ 7.020248843025369, 46.459480161682855 ], [ 7.01683977621938, 46.447620108603111 ], [ 6.992822367312145, 46.438883118311317 ], [ 6.983955073761932, 46.438047214905779 ], [ 6.992090380664155, 46.448739592468847 ], [ 6.989661424425917, 46.452868036336831 ], [ 6.979872389213392, 46.459161810675376 ], [ 6.977891432178582, 46.473187169075722 ], [ 6.98043016103312, 46.474753737473463 ], [ 6.987410809774699, 46.482374189735729 ], [ 6.992214411569549, 46.492045671444352 ], [ 6.991352518383144, 46.501757684694716 ], [ 7.002964287871032, 46.507668156812784 ], [ 6.998326066598599, 46.517257680700197 ], [ 7.001152468319642, 46.527073980537935 ], [ 7.005068423408026, 46.529580845352953 ], [ 7.00097851951261, 46.534062994164927 ], [ 7.01077930532293, 46.545776858782496 ], [ 6.995488969486657, 46.553337511653972 ], [ 6.990654624413851, 46.551357448517649 ], [ 6.981719426401387, 46.554828596091731 ], [ 6.985800817131275, 46.562618817786429 ], [ 6.999994813179053, 46.573316529800678 ], [ 6.980481477477054, 46.582379060623254 ], [ 6.962630249321314, 46.604929837553364 ], [ 6.951814235471095, 46.601564550226641 ], [ 6.941947845245269, 46.617102421852131 ], [ 6.944947408975897, 46.618869667436776 ], [ 6.947812660054264, 46.61676809216204 ], [ 6.951624597952975, 46.62112044025676 ], [ 6.948345525640208, 46.624209854489251 ], [ 6.950783029855328, 46.626109450782337 ], [ 6.947993286719998, 46.628481298644672 ], [ 6.950693898352831, 46.633071749073345 ], [ 6.943917856897849, 46.641435440052497 ], [ 6.947056450713438, 46.64529922485908 ], [ 6.945341168675716, 46.647180888716726 ], [ 6.949025770771423, 46.65569775918987 ], [ 6.955511158279964, 46.655095817152485 ], [ 6.964265114002053, 46.660934911572383 ], [ 6.972372672087332, 46.660149857907506 ], [ 6.975727929019979, 46.661971704681108 ], [ 6.982431236277631, 46.655746822434693 ], [ 6.985395230116483, 46.657494847947859 ], [ 6.991406979841098, 46.655692548712942 ], [ 6.999948833258409, 46.657578955334984 ], [ 7.001603061280857, 46.658197034803472 ], [ 7.004793707512612, 46.661096867085632 ], [ 7.013540397022135, 46.662029491662324 ], [ 7.012847261591273, 46.663763055945211 ], [ 7.015698959806035, 46.670007685031038 ], [ 7.013767247440348, 46.671367816410573 ], [ 7.021914843746835, 46.67733510178045 ], [ 7.040590958038424, 46.684463606504877 ], [ 7.043715138404392, 46.686228648904489 ], [ 7.046964874405232, 46.688731676890882 ], [ 7.047744768188665, 46.692944303184575 ], [ 7.060802785385766, 46.691414231258818 ], [ 7.066236253372113, 46.69779204513226 ], [ 7.07865572136823, 46.70190705436972 ], [ 7.077067823266457, 46.704708633454231 ], [ 7.081073299204862, 46.706052648217984 ], [ 7.081368788948585, 46.708815216748114 ], [ 7.090511147287817, 46.710624704343665 ], [ 7.093597787740358, 46.708538150067049 ], [ 7.087519214693664, 46.706180689080199 ], [ 7.096375424789363, 46.703598989046853 ], [ 7.091819223490632, 46.700436728361815 ], [ 7.09223695936651, 46.696479951321528 ], [ 7.089007354359754, 46.694509025735883 ], [ 7.098273763483759, 46.692899964484909 ], [ 7.099467358749189, 46.690204861660781 ], [ 7.105317952948762, 46.693280669840775 ], [ 7.10625226594723, 46.692293894351636 ], [ 7.103014885695443, 46.68733681259517 ], [ 7.084783617660094, 46.676756657752264 ], [ 7.087146650156557, 46.675144786878214 ], [ 7.086897031545419, 46.673344895456566 ], [ 7.083236697155169, 46.673513414696423 ], [ 7.08535067224286, 46.67001172595041 ], [ 7.078683836694647, 46.66643753253404 ], [ 7.080933999920056, 46.666039838733603 ], [ 7.078882417141474, 46.660186214776516 ], [ 7.081987672359684, 46.664783767551775 ], [ 7.086692132078632, 46.664708486404557 ], [ 7.08941271048799, 46.668315123759172 ], [ 7.094906092498273, 46.667522277703625 ], [ 7.095182355996106, 46.66518425845473 ], [ 7.088573460367589, 46.660729248670457 ], [ 7.094856432847301, 46.654838330825868 ], [ 7.091150342509831, 46.642053280916663 ], [ 7.092036465104792, 46.636280802689811 ], [ 7.090976758827056, 46.628478356152598 ], [ 7.094517866814196, 46.626051333445545 ], [ 7.092708380198061, 46.623167231296037 ], [ 7.096432959536583, 46.614398788401587 ], [ 7.102895885733385, 46.612142202382067 ], [ 7.106734005200114, 46.614213494904746 ], [ 7.104666593844843, 46.631838849991205 ], [ 7.101639532945811, 46.635608061466577 ], [ 7.096297832401087, 46.656210017461014 ], [ 7.098754593710377, 46.658178438822546 ], [ 7.097297511570445, 46.661322528351263 ], [ 7.101465506542975, 46.663403967210726 ], [ 7.103561104577947, 46.662600566343897 ], [ 7.103422603672542, 46.663859540820944 ], [ 7.099183022220189, 46.673112407556246 ], [ 7.103863562080646, 46.676994400864302 ], [ 7.10597077427127, 46.674391872709101 ], [ 7.110121989962592, 46.679441480398616 ], [ 7.107348516589437, 46.684111125569643 ], [ 7.11154655220871, 46.681604529922403 ], [ 7.111406000401032, 46.683223328605102 ], [ 7.11522867503568, 46.68223576783145 ], [ 7.119235127958633, 46.685494505286727 ], [ 7.121559233551575, 46.690376613094635 ], [ 7.11934181556342, 46.689542810312361 ], [ 7.114918336137923, 46.686022019559324 ], [ 7.111514283970646, 46.686911825280411 ], [ 7.11043013444774, 46.693205596504811 ], [ 7.104530989577738, 46.695797117509926 ], [ 7.103587807150808, 46.700292122950614 ], [ 7.099396457381926, 46.701449111599565 ], [ 7.097668741077903, 46.705851767068566 ], [ 7.100522900477251, 46.70945851709493 ], [ 7.105494445470828, 46.709113375690258 ], [ 7.10796857878893, 46.710829755884184 ], [ 7.112009140701322, 46.717363211019503 ], [ 7.113716660429447, 46.720498553258544 ] ] ] } },
{ "type": "Feature", "properties": { "bezirk_id": "B_1004" }, "geometry": { "type": "Polygon", "coordinates": [ [ [ 7.06740060096481, 46.847391149757684 ], [ 7.07362426298608, 46.84220290159211 ], [ 7.078367632301707, 46.844502832067413 ], [ 7.078394701896203, 46.84632898747649 ], [ 7.086047618196537, 46.848889626574383 ], [ 7.094463036501349, 46.845119289430976 ], [ 7.093757188649997, 46.842751362074623 ], [ 7.097185705596085, 46.843733191695719 ], [ 7.111477675814777, 46.849847018603079 ], [ 7.122053503846792, 46.846278736431024 ], [ 7.125614213359551, 46.842708407737199 ], [ 7.123757502501856, 46.839644854524245 ], [ 7.12616527811785, 46.840380112180178 ], [ 7.130451884888827, 46.838115953943024 ], [ 7.12958051315437, 46.836917204394112 ], [ 7.144733869721194, 46.84753192592872 ], [ 7.145121613957754, 46.837902832448016 ], [ 7.147741863427977, 46.833339893683039 ], [ 7.15973558078992, 46.82822453493003 ], [ 7.168800869186404, 46.826456299061967 ], [ 7.17174049331475, 46.820400328318478 ], [ 7.175376922178249, 46.81906848261724 ], [ 7.176189344825373, 46.81371809044122 ], [ 7.181307592485599, 46.809277050814096 ], [ 7.181717956087991, 46.802927211934588 ], [ 7.183850352138714, 46.800782101609329 ], [ 7.182720576938046, 46.798710617335836 ], [ 7.175893128941812, 46.793945463755001 ], [ 7.177790068050481, 46.789020329535539 ], [ 7.18613284672507, 46.78897619024071 ], [ 7.195918130327498, 46.79140827360775 ], [ 7.19208830414752, 46.784041766958048 ], [ 7.198647028055654, 46.781582054245547 ], [ 7.199710511983717, 46.779232930613638 ], [ 7.195930832760371, 46.774128058129484 ], [ 7.18954116371553, 46.774186200228158 ], [ 7.187011556723616, 46.771958752138779 ], [ 7.184026522967726, 46.763667285652943 ], [ 7.190525045810546, 46.75961570567744 ], [ 7.189979746336626, 46.755827420862204 ], [ 7.193945171753202, 46.753047431840329 ], [ 7.208010859955085, 46.741751550292783 ], [ 7.208809827937973, 46.7385147962964 ], [ 7.217705645769893, 46.738892270066152 ], [ 7.2205978208532, 46.736351329750519 ], [ 7.215966724263709, 46.732268197351729 ], [ 7.216355588738627, 46.717345434109248 ], [ 7.208171192955927, 46.713551001113061 ], [ 7.207236637931439, 46.708871434693862 ], [ 7.196657226949119, 46.704854636114035 ], [ 7.193449040497519, 46.701205297444588 ], [ 7.192733156666009, 46.700493102582648 ], [ 7.185686175989721, 46.703158287065726 ], [ 7.182617036649144, 46.702386788438538 ], [ 7.178708820513342, 46.707505359148442 ], [ 7.158684873784913, 46.712603087545844 ], [ 7.156447141409543, 46.715035338886253 ], [ 7.153295017318748, 46.715338958523127 ], [ 7.151945969990525, 46.713534308639005 ], [ 7.145971181587899, 46.715854539867287 ], [ 7.139535234307481, 46.713705839646408 ], [ 7.128474560434062, 46.715340362877043 ], [ 7.121806708411719, 46.714944157043043 ], [ 7.113716660429447, 46.720498553258544 ], [ 7.112009140701322, 46.717363211019503 ], [ 7.108843178930544, 46.717489002627872 ], [ 7.105066424615492, 46.714869273512178 ], [ 7.103649088504606, 46.711446795791034 ], [ 7.098939438963924, 46.711702684728444 ], [ 7.093597787740358, 46.708538150067049 ], [ 7.090511147287817, 46.710624704343665 ], [ 7.081368788948585, 46.708815216748114 ], [ 7.081073299204862, 46.706052648217984 ], [ 7.077067823266457, 46.704708633454231 ], [ 7.07865572136823, 46.70190705436972 ], [ 7.066236253372113, 46.69779204513226 ], [ 7.060802785385766, 46.691414231258818 ], [ 7.047744768188665, 46.692944303184575 ], [ 7.046964874405232, 46.688731676890882 ], [ 7.043715138404392, 46.686228648904489 ], [ 7.040590958038424, 46.684463606504877 ], [ 7.024725493989619, 46.694248141455382 ], [ 7.021695044949668, 46.693904230089224 ], [ 7.021001944209269, 46.698984207059574 ], [ 7.016420199073674, 46.704688493579447 ], [ 7.010455313462232, 46.703307852447963 ], [ 7.004126399622295, 46.716282503385344 ], [ 7.012911123661922, 46.721803036875443 ], [ 7.010062865952311, 46.726317125106803 ], [ 7.005849275781133, 46.727596279990998 ], [ 7.007037168155448, 46.728428646214056 ], [ 7.005151557619348, 46.730274569194599 ], [ 7.009303630236951, 46.731297819022117 ], [ 7.006585321161606, 46.732564902456247 ], [ 7.000303847011573, 46.731155555476697 ], [ 6.9970037269749, 46.73474103139926 ], [ 6.990351511250545, 46.736999900001059 ], [ 6.978429168615069, 46.746487643281931 ], [ 6.980354974454388, 46.750849278360498 ], [ 6.978387523459208, 46.754412588113169 ], [ 6.979598014034105, 46.758267584440098 ], [ 6.974323120994229, 46.764318210108634 ], [ 6.978344552832735, 46.767078187475178 ], [ 6.9799981326828, 46.77581055783169 ], [ 6.981975631370081, 46.778850007279168 ], [ 6.991125682040987, 46.783914839631557 ], [ 6.994452108903646, 46.790233733213718 ], [ 7.002300620049722, 46.791433487475331 ], [ 7.012221270834865, 46.795635984525951 ], [ 7.013250806590187, 46.797951681245074 ], [ 7.009557704643835, 46.801131237890807 ], [ 7.01137766088673, 46.802892202538402 ], [ 7.007657691799258, 46.806098583138763 ], [ 7.016449283579384, 46.810989070159174 ], [ 7.015529106712276, 46.813036629849982 ], [ 7.026552088876354, 46.814264433537247 ], [ 7.02341987044186, 46.817734315425099 ], [ 7.026558955175501, 46.818492335642148 ], [ 7.02607842217987, 46.821342163885177 ], [ 7.039639286251045, 46.825195536462715 ], [ 7.040726562033608, 46.828797523086976 ], [ 7.046909426502055, 46.82925972121523 ], [ 7.052035164227143, 46.832749469620438 ], [ 7.053927817025916, 46.839340538949081 ], [ 7.051075167067705, 46.842263387643477 ], [ 7.055226469767424, 46.850229386957054 ], [ 7.058723693248237, 46.85073584393529 ], [ 7.060968470690449, 46.848494447542087 ], [ 7.06740060096481, 46.847391149757684 ] ] ] } },
{ "type": "Feature", "properties": { "bezirk_id": "B_1005" }, "geometry": { "type": "MultiPolygon", "coordinates": [ [ [ [ 7.234894025630187, 46.933018016575694 ], [ 7.234618960585308, 46.929427729310746 ], [ 7.230639740247234, 46.929573452867736 ], [ 7.218633198400553, 46.9243786380313 ], [ 7.216702438823093, 46.927712130314617 ], [ 7.217428955209344, 46.933011738934667 ], [ 7.229311476128195, 46.93680318628833 ], [ 7.228187416882315, 46.938780065312947 ], [ 7.230166089545666, 46.939917100256061 ], [ 7.235308344476888, 46.938055386211282 ], [ 7.234894025630187, 46.933018016575694 ] ] ], [ [ [ 7.213033372739061, 47.006880520151256 ], [ 7.215432451319837, 47.005490993932654 ], [ 7.217254772877162, 47.006807830432479 ], [ 7.223298982457949, 46.998193074551793 ], [ 7.225859002807344, 46.999142365915787 ], [ 7.226736361944518, 46.996724309472881 ], [ 7.223619086976328, 46.993795058740417 ], [ 7.234926026735577, 46.986682666648051 ], [ 7.235511308851098, 46.984866691237144 ], [ 7.229703740940637, 46.980925317986909 ], [ 7.221298744284295, 46.976016243109122 ], [ 7.222539929632134, 46.974579374892372 ], [ 7.214721126020575, 46.97129004980804 ], [ 7.214292494584499, 46.966962526148762 ], [ 7.207561574286215, 46.967704683513283 ], [ 7.206737308452299, 46.963853070463315 ], [ 7.195424513997621, 46.963820515553259 ], [ 7.197158949596992, 46.960900761365693 ], [ 7.206593772778747, 46.960596518570163 ], [ 7.211051399820501, 46.956647614194281 ], [ 7.207799939882714, 46.949022137795097 ], [ 7.209628017168724, 46.948504101688158 ], [ 7.209755702970545, 46.943224165037549 ], [ 7.203708989737857, 46.938372433261094 ], [ 7.211618814878982, 46.931309209441004 ], [ 7.211111627021825, 46.927062443262997 ], [ 7.211158974509506, 46.92519152620433 ], [ 7.206290345075513, 46.924606008682176 ], [ 7.205462636858999, 46.921716841700409 ], [ 7.207879573150299, 46.909263319162235 ], [ 7.18797035372493, 46.900243968022195 ], [ 7.195417255002206, 46.89898277483519 ], [ 7.200034792155185, 46.902356776482975 ], [ 7.208235992783434, 46.902697486982134 ], [ 7.212465988979781, 46.901761458870936 ], [ 7.21744434161097, 46.897543451026671 ], [ 7.200127064205602, 46.881649785603173 ], [ 7.196785108809455, 46.880887131608979 ], [ 7.193139709054999, 46.883380031298259 ], [ 7.188029120271342, 46.882082572355159 ], [ 7.185549129288494, 46.878791885317355 ], [ 7.186663317630829, 46.874198035056338 ], [ 7.169782005243308, 46.860836143999116 ], [ 7.163345653512428, 46.851825023840007 ], [ 7.144733869721194, 46.84753192592872 ], [ 7.12958051315437, 46.836917204394112 ], [ 7.130451884888827, 46.838115953943024 ], [ 7.12616527811785, 46.840380112180178 ], [ 7.123757502501856, 46.839644854524245 ], [ 7.125614213359551, 46.842708407737199 ], [ 7.122053503846792, 46.846278736431024 ], [ 7.111477675814777, 46.849847018603079 ], [ 7.097185705596085, 46.843733191695719 ], [ 7.093757188649997, 46.842751362074623 ], [ 7.094463036501349, 46.845119289430976 ], [ 7.086047618196537, 46.848889626574383 ], [ 7.078394701896203, 46.84632898747649 ], [ 7.078367632301707, 46.844502832067413 ], [ 7.07362426298608, 46.84220290159211 ], [ 7.06740060096481, 46.847391149757684 ], [ 7.060968470690449, 46.848494447542087 ], [ 7.058723693248237, 46.85073584393529 ], [ 7.055226469767424, 46.850229386957054 ], [ 7.055538518185225, 46.852434314616886 ], [ 7.052090874730187, 46.852314731898247 ], [ 7.050212258790604, 46.85462017047216 ], [ 7.053962941976163, 46.856386993727718 ], [ 7.062569110006937, 46.86704827560488 ], [ 7.066662764996004, 46.868716855897716 ], [ 7.070669491837754, 46.873533393291531 ], [ 7.069219474019368, 46.87647019563331 ], [ 7.064667563293544, 46.878344390482233 ], [ 7.066999610314664, 46.8787837916597 ], [ 7.066212636084967, 46.880652263320663 ], [ 7.061693303968612, 46.8796929019732 ], [ 7.061979464090836, 46.883777749057181 ], [ 7.079818577908753, 46.894152941112274 ], [ 7.074634752166792, 46.894226471271857 ], [ 7.074599772636879, 46.895512695118335 ], [ 7.083309410003262, 46.89608887283147 ], [ 7.088915388132439, 46.899722324615034 ], [ 7.08671119398711, 46.90163155307777 ], [ 7.09126653424764, 46.903462572160194 ], [ 7.093149325903784, 46.906607659295581 ], [ 7.090083801696662, 46.907731746201243 ], [ 7.084206892054683, 46.913173803759754 ], [ 7.089235573742997, 46.917039307824723 ], [ 7.088679914618643, 46.921715166235082 ], [ 7.094002175398793, 46.920939776249512 ], [ 7.100403208409328, 46.921867453753947 ], [ 7.107554280569367, 46.926808851457643 ], [ 7.109938377044956, 46.927724267524489 ], [ 7.12066308098802, 46.934851929096098 ], [ 7.132147190211156, 46.94288913185008 ], [ 7.132311918042128, 46.946235807303275 ], [ 7.119243773566189, 46.957039258003348 ], [ 7.11012676178152, 46.956950423301258 ], [ 7.067135917308161, 46.942426221965952 ], [ 7.062160860642618, 46.940161104956694 ], [ 7.059809180990346, 46.936555208533512 ], [ 7.057916798310976, 46.938581851777343 ], [ 7.061382974567075, 46.942452336783937 ], [ 7.059662619608816, 46.951702786492618 ], [ 7.056471332830403, 46.955263276809454 ], [ 7.059607125625403, 46.95583143242542 ], [ 7.058054865686016, 46.965361249113677 ], [ 7.060872677895059, 46.966387065149938 ], [ 7.063190686124547, 46.971243144459038 ], [ 7.051846820572603, 46.977115180204152 ], [ 7.093540782756455, 46.97625924526033 ], [ 7.138105592005532, 46.983464417479844 ], [ 7.146562390604722, 46.984934583435184 ], [ 7.153745337407607, 46.986266024991295 ], [ 7.160521520688878, 46.987524063645019 ], [ 7.171070804671519, 46.991399201475552 ], [ 7.178866366143984, 46.994115750339056 ], [ 7.187252524132226, 46.997219858809551 ], [ 7.196705098097741, 47.000226668207752 ], [ 7.196381753969142, 47.001944052758603 ], [ 7.199775156658437, 47.001708335112831 ], [ 7.204961722256109, 47.006342564476817 ], [ 7.210297423484257, 47.003987646038887 ], [ 7.213033372739061, 47.006880520151256 ] ], [ [ 7.134881153629657, 46.919382805719025 ], [ 7.126687515339981, 46.917381729552744 ], [ 7.125247272050468, 46.918969949087135 ], [ 7.114829040869441, 46.91585546747654 ], [ 7.11323293691774, 46.910633648230878 ], [ 7.118776145858815, 46.905584965454572 ], [ 7.118624166517646, 46.902463163911506 ], [ 7.11959363685073, 46.900549876598546 ], [ 7.123007908181497, 46.900199563989716 ], [ 7.128452317650221, 46.905071972551887 ], [ 7.138724312435316, 46.908283786531292 ], [ 7.134881153629657, 46.919382805719025 ] ] ] ] } },
{ "type": "Feature", "properties": { "bezirk_id": "B_1006" }, "geometry": { "type": "Polygon", "coordinates": [ [ [ 7.236903937203661, 46.898056338043595 ], [ 7.243137976942925, 46.897914294819941 ], [ 7.244048967018574, 46.900011755480314 ], [ 7.256811072448883, 46.898278780939975 ], [ 7.281009833670044, 46.889553490253498 ], [ 7.290156004191907, 46.894000477532209 ], [ 7.307441524641667, 46.892537534915157 ], [ 7.325612124003616, 46.894014318786652 ], [ 7.349410936746406, 46.889070170748177 ], [ 7.353561823357529, 46.886158900356733 ], [ 7.353045629841428, 46.872656591421936 ], [ 7.357378074837324, 46.870141106535989 ], [ 7.35889723877675, 46.862954944416408 ], [ 7.351108578906139, 46.854124780992244 ], [ 7.338162115828262, 46.849544401965105 ], [ 7.334262367477063, 46.852446363956858 ], [ 7.325740984463386, 46.851763544036508 ], [ 7.322875867684345, 46.85486404028196 ], [ 7.330645995893241, 46.857660258929222 ], [ 7.323610077582411, 46.860990597957127 ], [ 7.317381903086606, 46.860534343443987 ], [ 7.316406811859196, 46.862566237457202 ], [ 7.312699870747635, 46.860673166994523 ], [ 7.312043002134724, 46.855635057915592 ], [ 7.302165038341662, 46.852070454495134 ], [ 7.308144524648661, 46.846527369203912 ], [ 7.322618161072538, 46.840714123454561 ], [ 7.33090938489654, 46.833538337789896 ], [ 7.328391197584534, 46.828783064197125 ], [ 7.31967736704043, 46.825014191107108 ], [ 7.321417284913364, 46.820455356090704 ], [ 7.318803304239822, 46.817394197239487 ], [ 7.320904025706075, 46.815507371974157 ], [ 7.311483770673366, 46.809650200261501 ], [ 7.305752170628636, 46.796330452881698 ], [ 7.302038375948673, 46.793924267773157 ], [ 7.302928413260521, 46.789004851915557 ], [ 7.301587442847175, 46.785890828027725 ], [ 7.304213613486541, 46.783105395884498 ], [ 7.290491621884293, 46.773013426736739 ], [ 7.295198376864131, 46.765715191636161 ], [ 7.300728254992819, 46.763581142502346 ], [ 7.304374701445031, 46.750236290252992 ], [ 7.296296144339982, 46.736886169297627 ], [ 7.298477060200646, 46.72345865599204 ], [ 7.307779709660752, 46.717172957513363 ], [ 7.326797771338311, 46.716707604088612 ], [ 7.348843390022876, 46.712283519652047 ], [ 7.348998760774294, 46.705429088298267 ], [ 7.345244183431299, 46.698913310904196 ], [ 7.359797671545952, 46.698015885148116 ], [ 7.362606888935926, 46.699277185427746 ], [ 7.368603867240995, 46.692651403557022 ], [ 7.376944550634452, 46.692665289253355 ], [ 7.380267870923886, 46.690184312116834 ], [ 7.375995954104995, 46.687789206950953 ], [ 7.377765509049897, 46.683571293058833 ], [ 7.37293349928946, 46.680123292319038 ], [ 7.375723701094423, 46.674835534631896 ], [ 7.371587635065907, 46.669462822544446 ], [ 7.368496260916484, 46.655257015107694 ], [ 7.375850783238719, 46.655756122542385 ], [ 7.358780058057985, 46.644177041182338 ], [ 7.355757552270324, 46.639182334813619 ], [ 7.354818400782732, 46.646746882174305 ], [ 7.349107156709199, 46.648604561388019 ], [ 7.349637969695968, 46.651456564308276 ], [ 7.344641544682349, 46.65502373155325 ], [ 7.322106031833755, 46.655002711492081 ], [ 7.329749446910418, 46.641705948904594 ], [ 7.322288511866426, 46.637155758300551 ], [ 7.313252497165946, 46.636579369228073 ], [ 7.308239470485065, 46.635809073826522 ], [ 7.303120716257091, 46.640759597023511 ], [ 7.318297833852597, 46.652102158167779 ], [ 7.304434128392947, 46.658698261709382 ], [ 7.303734668530337, 46.66148604301145 ], [ 7.298502541841438, 46.663728563022559 ], [ 7.292548735752705, 46.670045347052344 ], [ 7.286438440957246, 46.669739981365275 ], [ 7.27773603397354, 46.660804382592843 ], [ 7.274379600122076, 46.659871268688399 ], [ 7.272787205755358, 46.661641404940582 ], [ 7.265580181068961, 46.662333689419299 ], [ 7.259061883466543, 46.665768833133235 ], [ 7.254050883612448, 46.671445956658957 ], [ 7.246228652685928, 46.677190085619898 ], [ 7.245777493910728, 46.682721567193497 ], [ 7.251244287519625, 46.689297464983852 ], [ 7.238357237846481, 46.709695243529744 ], [ 7.22164595496791, 46.702827927988245 ], [ 7.216745996532857, 46.695667015714136 ], [ 7.193449040497519, 46.701205297444588 ], [ 7.196657226949119, 46.704854636114035 ], [ 7.207236637931439, 46.708871434693862 ], [ 7.208171192955927, 46.713551001113061 ], [ 7.216355588738627, 46.717345434109248 ], [ 7.215966724263709, 46.732268197351729 ], [ 7.2205978208532, 46.736351329750519 ], [ 7.217705645769893, 46.738892270066152 ], [ 7.208809827937973, 46.7385147962964 ], [ 7.208010859955085, 46.741751550292783 ], [ 7.193945171753202, 46.753047431840329 ], [ 7.189979746336626, 46.755827420862204 ], [ 7.190525045810546, 46.75961570567744 ], [ 7.184026522967726, 46.763667285652943 ], [ 7.187011556723616, 46.771958752138779 ], [ 7.18954116371553, 46.774186200228158 ], [ 7.195930832760371, 46.774128058129484 ], [ 7.199710511983717, 46.779232930613638 ], [ 7.198647028055654, 46.781582054245547 ], [ 7.19208830414752, 46.784041766958048 ], [ 7.195918130327498, 46.79140827360775 ], [ 7.18613284672507, 46.78897619024071 ], [ 7.177790068050481, 46.789020329535539 ], [ 7.175893128941812, 46.793945463755001 ], [ 7.182720576938046, 46.798710617335836 ], [ 7.183850352138714, 46.800782101609329 ], [ 7.181717956087991, 46.802927211934588 ], [ 7.181307592485599, 46.809277050814096 ], [ 7.176189344825373, 46.81371809044122 ], [ 7.175376922178249, 46.81906848261724 ], [ 7.17174049331475, 46.820400328318478 ], [ 7.168800869186404, 46.826456299061967 ], [ 7.15973558078992, 46.82822453493003 ], [ 7.147741863427977, 46.833339893683039 ], [ 7.145121613957754, 46.837902832448016 ], [ 7.144733869721194, 46.84753192592872 ], [ 7.163345653512428, 46.851825023840007 ], [ 7.169782005243308, 46.860836143999116 ], [ 7.186663317630829, 46.874198035056338 ], [ 7.185549129288494, 46.878791885317355 ], [ 7.188029120271342, 46.882082572355159 ], [ 7.193139709054999, 46.883380031298259 ], [ 7.196785108809455, 46.880887131608979 ], [ 7.200127064205602, 46.881649785603173 ], [ 7.21744434161097, 46.897543451026671 ], [ 7.223001200053789, 46.90261845201259 ], [ 7.230384571303663, 46.904062441729955 ], [ 7.232529088688861, 46.899307841772419 ], [ 7.236903937203661, 46.898056338043595 ] ] ] } },
{ "type": "Feature", "properties": { "bezirk_id": "B_1007" }, "geometry": { "type": "Polygon", "coordinates": [ [ [ 6.888349889550422, 46.62540135801958 ], [ 6.888365586841193, 46.623863158553696 ], [ 6.895736198445547, 46.624510334067253 ], [ 6.899836891857023, 46.619204370326905 ], [ 6.9072925275491, 46.615146424420544 ], [ 6.922112828354416, 46.618903047987189 ], [ 6.929510540851482, 46.615266190310138 ], [ 6.934771129700366, 46.6153166394759 ], [ 6.934468846297347, 46.614136856731925 ], [ 6.941947845245269, 46.617102421852131 ], [ 6.951814235471095, 46.601564550226641 ], [ 6.962630249321314, 46.604929837553364 ], [ 6.980481477477054, 46.582379060623254 ], [ 6.999994813179053, 46.573316529800678 ], [ 6.985800817131275, 46.562618817786429 ], [ 6.981719426401387, 46.554828596091731 ], [ 6.990654624413851, 46.551357448517649 ], [ 6.995488969486657, 46.553337511653972 ], [ 7.01077930532293, 46.545776858782496 ], [ 7.00097851951261, 46.534062994164927 ], [ 7.005068423408026, 46.529580845352953 ], [ 7.001152468319642, 46.527073980537935 ], [ 6.998326066598599, 46.517257680700197 ], [ 7.002964287871032, 46.507668156812784 ], [ 6.991352518383144, 46.501757684694716 ], [ 6.992214411569549, 46.492045671444352 ], [ 6.987410809774699, 46.482374189735729 ], [ 6.98043016103312, 46.474753737473463 ], [ 6.973683218569656, 46.481059260743166 ], [ 6.973349894733621, 46.489513487358359 ], [ 6.962044988447926, 46.496879436238416 ], [ 6.950440346663879, 46.502461387961787 ], [ 6.93377335738518, 46.501578739264993 ], [ 6.930227352088736, 46.504621456255705 ], [ 6.926839348247785, 46.504696165041167 ], [ 6.924725857059519, 46.507745172136495 ], [ 6.914798228526501, 46.510398465301641 ], [ 6.91195865004238, 46.512985094514633 ], [ 6.901350765264171, 46.513124224854934 ], [ 6.896078506777224, 46.507440744734488 ], [ 6.897707912101429, 46.520375518480762 ], [ 6.883300648805068, 46.513451048113616 ], [ 6.881563587831239, 46.512578926276596 ], [ 6.866313566252705, 46.500736401911404 ], [ 6.862765421527119, 46.493845601508816 ], [ 6.858186861163825, 46.493246509853954 ], [ 6.847800981886008, 46.493669623254448 ], [ 6.845462531073941, 46.496671023668092 ], [ 6.841998345125043, 46.496598866291819 ], [ 6.836761922247858, 46.500097563504873 ], [ 6.832758993461332, 46.505068948933456 ], [ 6.830110442855417, 46.512350417158011 ], [ 6.824431531953097, 46.512157870511032 ], [ 6.817892266135971, 46.51653923736955 ], [ 6.810793868114323, 46.52520817635228 ], [ 6.81221751677408, 46.526070657440023 ], [ 6.825432814407214, 46.543342978483487 ], [ 6.827553005477188, 46.542625753681854 ], [ 6.8251805170797, 46.538007066283249 ], [ 6.832461355712556, 46.537416496423738 ], [ 6.854789031710847, 46.541320865965432 ], [ 6.85653028117122, 46.537011812180687 ], [ 6.859409606895364, 46.535947051918647 ], [ 6.858415121959751, 46.531444049278065 ], [ 6.861174503865759, 46.530594532130507 ], [ 6.866531112985033, 46.540490107569426 ], [ 6.868342011374081, 46.541839604978534 ], [ 6.887994121812554, 46.557949244683094 ], [ 6.891391897577918, 46.557246019770659 ], [ 6.893432256007173, 46.559234918482552 ], [ 6.902463338395652, 46.561203054914941 ], [ 6.8987722473786, 46.565143700962473 ], [ 6.90164856802685, 46.569691226048313 ], [ 6.897973981244321, 46.570618336423109 ], [ 6.888143013505935, 46.567647440282713 ], [ 6.884510304673793, 46.561944412847524 ], [ 6.879422520900449, 46.567119029437457 ], [ 6.874462564873355, 46.564962472863066 ], [ 6.87180618832156, 46.569519107850304 ], [ 6.865528597357422, 46.57722398081517 ], [ 6.852691848334279, 46.582016186682885 ], [ 6.851423609845976, 46.581065072424423 ], [ 6.847157096927977, 46.583471795591038 ], [ 6.842772473276228, 46.582360372010484 ], [ 6.842516336550953, 46.590194392000384 ], [ 6.847724303274674, 46.598398812901067 ], [ 6.84963723529902, 46.601296406464478 ], [ 6.853951969364469, 46.600581046587486 ], [ 6.856820247020741, 46.606910831865235 ], [ 6.860842790627491, 46.609135337577776 ], [ 6.862015532807908, 46.608106780997851 ], [ 6.864475889555776, 46.611186810973514 ], [ 6.867203139235, 46.610049103588153 ], [ 6.868501253629593, 46.613204153145595 ], [ 6.87289686335213, 46.611067143743114 ], [ 6.877458188610042, 46.618061501133866 ], [ 6.875839500343755, 46.62054532302988 ], [ 6.880069651165513, 46.62180761846664 ], [ 6.880985942695458, 46.62410604163653 ], [ 6.884358383500386, 46.626281530005016 ], [ 6.888349889550422, 46.62540135801958 ] ] ] } },
{ "type": "Feature", "properties": { "bezirk_id": "B_1101" }, "geometry": { "type": "Polygon", "coordinates": [ [ [ 7.830367257461042, 47.31033951101076 ], [ 7.840563354442512, 47.294483051229747 ], [ 7.822457095940685, 47.286152679329867 ], [ 7.814151534730414, 47.279910741592268 ], [ 7.828080240565881, 47.266894354276026 ], [ 7.824905910772, 47.265476881237028 ], [ 7.814194526240719, 47.26156155379519 ], [ 7.806286250765408, 47.264375345826302 ], [ 7.804725295331622, 47.267978160096447 ], [ 7.801818830339169, 47.268077283515531 ], [ 7.785052901926878, 47.25629184759358 ], [ 7.775863225176609, 47.261347053654482 ], [ 7.774355516175809, 47.267431813479114 ], [ 7.764810496465008, 47.266703612489685 ], [ 7.756923430242963, 47.258090774690608 ], [ 7.750467949712009, 47.258962872236559 ], [ 7.744050073320557, 47.257199082214186 ], [ 7.738278850494455, 47.259957556094342 ], [ 7.732659435603177, 47.259189461693985 ], [ 7.724770142340677, 47.266288024851661 ], [ 7.724827474259585, 47.269597893920178 ], [ 7.715007056666228, 47.276898407806399 ], [ 7.712058489126727, 47.274054140210673 ], [ 7.700886624693024, 47.286609438548489 ], [ 7.688544798407461, 47.290414468684638 ], [ 7.68489909688884, 47.293930150278882 ], [ 7.696193799661283, 47.294822994389833 ], [ 7.701572038158909, 47.299667930357955 ], [ 7.708515573618487, 47.300056690379975 ], [ 7.713262199129524, 47.302608951569951 ], [ 7.713283109343835, 47.306683410012035 ], [ 7.721410268151615, 47.305647447601032 ], [ 7.729951058713125, 47.308898976585539 ], [ 7.742084204495209, 47.315947709977522 ], [ 7.742608872102778, 47.319831946438043 ], [ 7.745405211066206, 47.320777977238713 ], [ 7.748487876105485, 47.325464871106455 ], [ 7.768251357016327, 47.327631865916722 ], [ 7.77485411445167, 47.329969407329813 ], [ 7.782700370703142, 47.332194944264778 ], [ 7.783615969512754, 47.334665692044545 ], [ 7.788584070700635, 47.33566713830227 ], [ 7.787988684104366, 47.337692689746824 ], [ 7.79343969502975, 47.339627889736605 ], [ 7.805243211178074, 47.33970800110248 ], [ 7.814999715227076, 47.330952023608099 ], [ 7.817573822636485, 47.324548533246798 ], [ 7.819422690956636, 47.322257854195712 ], [ 7.824634751996504, 47.313147107334018 ], [ 7.830367257461042, 47.31033951101076 ] ] ] } },
{ "type": "Feature", "properties": { "bezirk_id": "B_1102" }, "geometry": { "type": "Polygon", "coordinates": [ [ [ 7.769131549542921, 47.341615717799783 ], [ 7.769154503803105, 47.338908328338803 ], [ 7.782126251445423, 47.339617071652306 ], [ 7.787988684104366, 47.337692689746824 ], [ 7.788584070700635, 47.33566713830227 ], [ 7.783615969512754, 47.334665692044545 ], [ 7.782700370703142, 47.332194944264778 ], [ 7.77485411445167, 47.329969407329813 ], [ 7.768251357016327, 47.327631865916722 ], [ 7.748487876105485, 47.325464871106455 ], [ 7.745405211066206, 47.320777977238713 ], [ 7.742608872102778, 47.319831946438043 ], [ 7.742084204495209, 47.315947709977522 ], [ 7.729951058713125, 47.308898976585539 ], [ 7.721410268151615, 47.305647447601032 ], [ 7.713283109343835, 47.306683410012035 ], [ 7.713262199129524, 47.302608951569951 ], [ 7.708515573618487, 47.300056690379975 ], [ 7.701572038158909, 47.299667930357955 ], [ 7.696193799661283, 47.294822994389833 ], [ 7.68489909688884, 47.293930150278882 ], [ 7.676826296469504, 47.289108001241516 ], [ 7.660492524335965, 47.287224639351635 ], [ 7.651777498366588, 47.282959623394994 ], [ 7.648602164403429, 47.282182903344733 ], [ 7.612976620762574, 47.280982792082149 ], [ 7.606855369950667, 47.280470159330534 ], [ 7.580039938193813, 47.276341505868572 ], [ 7.568864622061845, 47.273197508246831 ], [ 7.559347274659709, 47.27220040809059 ], [ 7.530296229624422, 47.269798423538006 ], [ 7.532079151056171, 47.269194371646719 ], [ 7.518692856571287, 47.260227783667403 ], [ 7.51611271282397, 47.257603114941375 ], [ 7.502764492836824, 47.25376153613032 ], [ 7.484624768982025, 47.251908182773796 ], [ 7.473702465023973, 47.255797591234504 ], [ 7.452933575285693, 47.251673363355849 ], [ 7.443752485744896, 47.250639685166391 ], [ 7.433805996068393, 47.245917459186828 ], [ 7.420902199182294, 47.242875915790194 ], [ 7.416341437447627, 47.252139508047904 ], [ 7.418784388444966, 47.25454152585155 ], [ 7.434901101233548, 47.259742166406603 ], [ 7.440185966437399, 47.262647500537895 ], [ 7.445695755852893, 47.263097067543136 ], [ 7.467736135111937, 47.265450360632812 ], [ 7.478104906939155, 47.278462440365814 ], [ 7.485313011501419, 47.284288243704147 ], [ 7.495295368761352, 47.286820297213154 ], [ 7.494675479058733, 47.288169768698111 ], [ 7.51460288507297, 47.292565816106929 ], [ 7.532427005720892, 47.294441675318836 ], [ 7.537945082210038, 47.29718041228552 ], [ 7.539077956389516, 47.30203645061794 ], [ 7.546953665053244, 47.306148843254803 ], [ 7.548040358695606, 47.313811088270633 ], [ 7.548415903776719, 47.316374145874605 ], [ 7.558401772224895, 47.322372557698174 ], [ 7.561666926647971, 47.321469705757131 ], [ 7.56879044045176, 47.324430098534769 ], [ 7.572571643674041, 47.328914005592161 ], [ 7.572178884042453, 47.330569426103558 ], [ 7.576882626351943, 47.333370170938615 ], [ 7.584699283815326, 47.33731812778673 ], [ 7.602614775284813, 47.341728421606312 ], [ 7.609401560339866, 47.34542430770523 ], [ 7.637726426365222, 47.35401371370088 ], [ 7.637275801702308, 47.357414347131446 ], [ 7.643196534499966, 47.358483370940824 ], [ 7.641876360526828, 47.366373714314939 ], [ 7.644196550333969, 47.3672690549568 ], [ 7.687572219576298, 47.371258422814392 ], [ 7.700353874492396, 47.372327557058242 ], [ 7.727927122388947, 47.368799144640441 ], [ 7.728909888600852, 47.366925862350627 ], [ 7.734154832398019, 47.357783321286448 ], [ 7.751482307214399, 47.344372111907695 ], [ 7.766360329720187, 47.342855838312524 ], [ 7.769131549542921, 47.341615717799783 ] ] ] } },
{ "type": "Feature", "properties": { "bezirk_id": "B_1103" }, "geometry": { "type": "Polygon", "coordinates": [ [ [ 7.514773521941226, 47.179143606676405 ], [ 7.510520252976725, 47.175080682203856 ], [ 7.514894457349758, 47.171345075613516 ], [ 7.514535042740698, 47.169006671506537 ], [ 7.520623754572824, 47.165764423045573 ], [ 7.519895125359113, 47.163606187699159 ], [ 7.522990031499782, 47.160815601041442 ], [ 7.520417137904816, 47.159953939499744 ], [ 7.521865650494377, 47.158585703758504 ], [ 7.529418656333752, 47.148829683161068 ], [ 7.524181281034731, 47.146899772687306 ], [ 7.523067518990147, 47.142870907658519 ], [ 7.514751707647441, 47.135482896795459 ], [ 7.512237618584494, 47.128396575342471 ], [ 7.50448134363149, 47.122923350066223 ], [ 7.498206838148997, 47.121433575996818 ], [ 7.492087971392058, 47.117047039109231 ], [ 7.474862598645704, 47.112160407547648 ], [ 7.461131976900046, 47.108206054190241 ], [ 7.466659126997083, 47.095917846271171 ], [ 7.474912192616508, 47.087487359558843 ], [ 7.466387170324588, 47.07889050368415 ], [ 7.459368664746103, 47.078226301849824 ], [ 7.454390486632041, 47.074835954817168 ], [ 7.453943140103266, 47.076005355785455 ], [ 7.443172631055649, 47.07449504540822 ], [ 7.440671015625679, 47.074396151820061 ], [ 7.435074717867294, 47.081448109023334 ], [ 7.433243472736105, 47.088877839511454 ], [ 7.434981492661395, 47.093645232103796 ], [ 7.437207388219497, 47.094086050817801 ], [ 7.43340018187989, 47.100391342331868 ], [ 7.423205339266027, 47.09754794926247 ], [ 7.419595155026758, 47.100335799278106 ], [ 7.414221921137377, 47.097708224559675 ], [ 7.411667158707961, 47.096511308316778 ], [ 7.390069028684929, 47.09259123485225 ], [ 7.389408109953519, 47.095127515515465 ], [ 7.381965549762739, 47.095762660620053 ], [ 7.37914813706467, 47.106267263855678 ], [ 7.369452069250742, 47.116210097259106 ], [ 7.371954278911701, 47.117281988262292 ], [ 7.371380954558522, 47.122552643118958 ], [ 7.37388569705653, 47.121834513853123 ], [ 7.379088303656297, 47.124239000249688 ], [ 7.382950734676948, 47.123206560463423 ], [ 7.386703858541755, 47.125951781695036 ], [ 7.38993864974825, 47.119566872743682 ], [ 7.395062793424671, 47.121844674565573 ], [ 7.403631356192708, 47.11762008827268 ], [ 7.405581094151352, 47.118340271796356 ], [ 7.428126083457947, 47.12373265775927 ], [ 7.437179762083614, 47.122653820992397 ], [ 7.440184411873606, 47.123742222709737 ], [ 7.433239054785784, 47.126152670478639 ], [ 7.435795610333829, 47.128824254126435 ], [ 7.435360485210819, 47.131270837071909 ], [ 7.431274905541711, 47.12913883570711 ], [ 7.429626957742189, 47.131657261371522 ], [ 7.426437376653162, 47.131297146870708 ], [ 7.421756818927416, 47.135883883683192 ], [ 7.426475090523594, 47.138753870097077 ], [ 7.426698637556775, 47.141038581116057 ], [ 7.439578197705149, 47.144025584104092 ], [ 7.440052859485229, 47.150420893213777 ], [ 7.449678951473402, 47.155646428641369 ], [ 7.454610843915366, 47.156329493946572 ], [ 7.467873883720059, 47.151388851616026 ], [ 7.479835927951446, 47.155325006592655 ], [ 7.492726835915043, 47.163280155657446 ], [ 7.490223437349628, 47.165781833159429 ], [ 7.497033547527044, 47.170114110130434 ], [ 7.495571000525066, 47.171580977819382 ], [ 7.486247331875606, 47.173725892041716 ], [ 7.480547332222149, 47.17168625415335 ], [ 7.478546578925249, 47.177416606999287 ], [ 7.476844262312581, 47.176580659691375 ], [ 7.470897622818928, 47.181259698988001 ], [ 7.475159978449897, 47.182940475047346 ], [ 7.472694496091187, 47.18556767275313 ], [ 7.476627983724498, 47.188093990972952 ], [ 7.475337125546188, 47.191368477206424 ], [ 7.485407320108566, 47.194018346601538 ], [ 7.484992397613595, 47.202662418175429 ], [ 7.488320130632728, 47.204684861545196 ], [ 7.493071577753945, 47.204682750708926 ], [ 7.503357146165674, 47.196942070347255 ], [ 7.510416787553952, 47.196551167558042 ], [ 7.51436614487019, 47.189703690026136 ], [ 7.511150712484983, 47.182905720219772 ], [ 7.514773521941226, 47.179143606676405 ] ] ] } },
{ "type": "Feature", "properties": { "bezirk_id": "B_1104" }, "geometry": { "type": "MultiPolygon", "coordinates": [ [ [ [ 7.669874465802183, 47.485448801898791 ], [ 7.699744071176118, 47.480591671609979 ], [ 7.710047945203683, 47.469253549146401 ], [ 7.699959019511193, 47.462180403451697 ], [ 7.698521239413116, 47.45561796220845 ], [ 7.690804196835664, 47.4529037812556 ], [ 7.684835653411417, 47.447910601503594 ], [ 7.682611116006893, 47.438833543920566 ], [ 7.68600491140061, 47.435993206552283 ], [ 7.684817077776247, 47.428494619106402 ], [ 7.679608186589157, 47.416732192204449 ], [ 7.674550700303844, 47.414736887266287 ], [ 7.6634787763316, 47.409767103059444 ], [ 7.63270163590763, 47.410083497166546 ], [ 7.623863733929506, 47.413758568271135 ], [ 7.6147763480876, 47.414474254538582 ], [ 7.605747079956323, 47.412661779732368 ], [ 7.600019258039365, 47.415799848442276 ], [ 7.617518896410578, 47.426270394095909 ], [ 7.615803999779769, 47.432703824612368 ], [ 7.61530327494017, 47.437615372485851 ], [ 7.616282550063064, 47.445087971794777 ], [ 7.622621462179223, 47.457085186927522 ], [ 7.622200247987561, 47.461861689862829 ], [ 7.626116182549115, 47.462871764000191 ], [ 7.619566121707806, 47.467280224944787 ], [ 7.605201125247022, 47.471402961775652 ], [ 7.608476717356638, 47.475328600932528 ], [ 7.606063244850661, 47.47561091433473 ], [ 7.608247985506866, 47.482677017192643 ], [ 7.606699889510351, 47.487911973745334 ], [ 7.606372046506284, 47.489470176796132 ], [ 7.616653639309414, 47.488852299936546 ], [ 7.629256731751557, 47.48442527827298 ], [ 7.640978902849247, 47.482651635528789 ], [ 7.644743137977319, 47.485118362941201 ], [ 7.648309738815626, 47.48447340935251 ], [ 7.655165532680945, 47.486817255018856 ], [ 7.651390215673074, 47.488380186284004 ], [ 7.655404647540193, 47.49015357027556 ], [ 7.649400179996968, 47.491819505426797 ], [ 7.65064526784383, 47.494587376824029 ], [ 7.653371784087494, 47.496093352753846 ], [ 7.666022109237347, 47.496833768402091 ], [ 7.665402363046403, 47.491528548538689 ], [ 7.668354050377538, 47.486710975932574 ], [ 7.669874465802183, 47.485448801898791 ] ] ], [ [ [ 7.512478572309913, 47.498759236964617 ], [ 7.519270792915324, 47.496893019376444 ], [ 7.531812831739097, 47.497405347758779 ], [ 7.53259779784949, 47.490947084468807 ], [ 7.536353278354553, 47.491051931022739 ], [ 7.536673959303177, 47.484998740872683 ], [ 7.533106262765197, 47.478265205567489 ], [ 7.529165614430767, 47.477953536153215 ], [ 7.527460761165784, 47.473862585459578 ], [ 7.530662530555699, 47.461196555222031 ], [ 7.514216790307088, 47.460713670114693 ], [ 7.508736794683429, 47.45857650061518 ], [ 7.494945891706253, 47.459582263466039 ], [ 7.484467124676534, 47.457221378128963 ], [ 7.462597005315251, 47.451480611844119 ], [ 7.454521290066551, 47.44953022934579 ], [ 7.445019014304672, 47.461723507973772 ], [ 7.455247513933604, 47.47036000728211 ], [ 7.455797005351605, 47.472790004946297 ], [ 7.450483001480445, 47.475308007051815 ], [ 7.447819004925463, 47.474220507891559 ], [ 7.44378301533807, 47.478473510757709 ], [ 7.429369012876609, 47.482460009781938 ], [ 7.421236008689401, 47.480182511222829 ], [ 7.425544000301544, 47.488388008587819 ], [ 7.434775002756912, 47.497970510072584 ], [ 7.454636001690858, 47.489437014414499 ], [ 7.462125001891947, 47.489094006101944 ], [ 7.470897006828428, 47.480449504460623 ], [ 7.487628005967609, 47.48230751490776 ], [ 7.497506015717033, 47.489254014078163 ], [ 7.502000008902558, 47.49044050600245 ], [ 7.501919011127093, 47.493519012345494 ], [ 7.510972013028116, 47.496826014204913 ], [ 7.508725002496707, 47.501945505188367 ], [ 7.510905503859831, 47.502582511544318 ], [ 7.512478572309913, 47.498759236964617 ] ] ] ] } },
{ "type": "Feature", "properties": { "bezirk_id": "B_1105" }, "geometry": { "type": "Polygon", "coordinates": [ [ [ 7.987183008688105, 47.428365571295117 ], [ 7.985627655154973, 47.422751473792459 ], [ 7.982609402620041, 47.42827922668144 ], [ 7.962728480794538, 47.422554525872215 ], [ 7.97413084852755, 47.419459351032913 ], [ 7.982088905049183, 47.413629884190627 ], [ 7.98954105117988, 47.414143297778494 ], [ 7.990995053059359, 47.411240176540637 ], [ 8.007195580609277, 47.407114214401815 ], [ 8.01045884609487, 47.395135545472968 ], [ 8.019888444204208, 47.393775347313309 ], [ 8.020347702291508, 47.395805783804093 ], [ 8.026558144876121, 47.395621472910456 ], [ 8.02743172128441, 47.393161541755184 ], [ 8.024282326971921, 47.392233115889262 ], [ 8.017096660393136, 47.383067943261587 ], [ 8.009755641956282, 47.386369429144686 ], [ 8.005979046713303, 47.386172153212563 ], [ 8.000227861716452, 47.379562311332748 ], [ 7.99420663851936, 47.365955754862412 ], [ 7.991462357028052, 47.363027707345069 ], [ 7.982315560365855, 47.364393283615961 ], [ 7.983319257380946, 47.362859492615655 ], [ 7.971094628655712, 47.367566601674348 ], [ 7.96519869099943, 47.367107904698393 ], [ 7.963820803302788, 47.362967714233314 ], [ 7.966282358184473, 47.356201632962382 ], [ 7.958854665241023, 47.351908941725029 ], [ 7.949364971926912, 47.357437912370649 ], [ 7.940855180631818, 47.358986271805868 ], [ 7.928652780847472, 47.357770418163447 ], [ 7.923442310962862, 47.361210285962834 ], [ 7.918047245368543, 47.369228851582463 ], [ 7.908605761528703, 47.36151439770579 ], [ 7.905951519759498, 47.356209429474561 ], [ 7.899824909591736, 47.356413920927871 ], [ 7.89940089648195, 47.359428755451823 ], [ 7.888396415136312, 47.362035501906554 ], [ 7.882766996505613, 47.361625527677624 ], [ 7.876760113919789, 47.358761227987472 ], [ 7.872851269097159, 47.358272283624338 ], [ 7.869393700777077, 47.36120840682463 ], [ 7.863294998949342, 47.360016715149094 ], [ 7.848836991791901, 47.35961918064023 ], [ 7.845590716509015, 47.359198916971764 ], [ 7.842796710698667, 47.359064803953025 ], [ 7.843247487291253, 47.360907083587591 ], [ 7.834298855975681, 47.364454854982448 ], [ 7.833632974414506, 47.367497236867749 ], [ 7.839653387103654, 47.37410538572373 ], [ 7.86271531386932, 47.38202813992676 ], [ 7.868497094290441, 47.381377195032584 ], [ 7.876137451120108, 47.384541555920435 ], [ 7.878884170256947, 47.383586726545062 ], [ 7.879411663116044, 47.38812687484787 ], [ 7.871862387328403, 47.391375368402535 ], [ 7.869140684209693, 47.395495941519094 ], [ 7.875224817800214, 47.397631787227638 ], [ 7.879612558408453, 47.401750327656984 ], [ 7.883361416224288, 47.401198536104474 ], [ 7.883243307042066, 47.406100895997746 ], [ 7.888499453081224, 47.407249845115345 ], [ 7.900818417246001, 47.400842308669937 ], [ 7.903773339797143, 47.402449449615538 ], [ 7.909699339450101, 47.398431985160173 ], [ 7.924157744098487, 47.402023924282062 ], [ 7.936732814259176, 47.408023671873387 ], [ 7.934965490852309, 47.41173693462256 ], [ 7.940618985000944, 47.414096046772848 ], [ 7.948417703200048, 47.41624757704335 ], [ 7.955010167567688, 47.415561760846167 ], [ 7.954018868024869, 47.417194155013611 ], [ 7.956831764418581, 47.418926493849241 ], [ 7.961711572223176, 47.421944623454785 ], [ 7.949957819323134, 47.431755969583143 ], [ 7.951890117489713, 47.432826732645267 ], [ 7.946753511055285, 47.443237773915165 ], [ 7.94752996787798, 47.445410972487842 ], [ 7.957823179532175, 47.451328459894448 ], [ 7.956849596219628, 47.455242208731413 ], [ 7.960397384825137, 47.455571161894987 ], [ 7.960637489028769, 47.458421248668785 ], [ 7.968057525615071, 47.463100535560343 ], [ 7.973983856054762, 47.45966754160554 ], [ 7.976575102270228, 47.454183980362046 ], [ 7.974922200927646, 47.452015039856306 ], [ 7.981878803431673, 47.44632521920412 ], [ 7.987183008688105, 47.428365571295117 ] ] ] } },
{ "type": "Feature", "properties": { "bezirk_id": "B_1106" }, "geometry": { "type": "MultiPolygon", "coordinates": [ [ [ [ 7.692395195778325, 47.164110230743198 ], [ 7.694501248577506, 47.161975392324173 ], [ 7.699683771214916, 47.161223508357772 ], [ 7.696116391440761, 47.157771212898361 ], [ 7.693983592501971, 47.158504534718723 ], [ 7.690080196839358, 47.152873343929336 ], [ 7.681610228943205, 47.154744429019473 ], [ 7.675855772058425, 47.153551094208673 ], [ 7.674396848828917, 47.154624469575566 ], [ 7.67953786619323, 47.163086979380395 ], [ 7.68135437234924, 47.162318613594252 ], [ 7.68455870823643, 47.166196983761992 ], [ 7.688562239207366, 47.166692699607509 ], [ 7.687737885922191, 47.16538244155884 ], [ 7.692395195778325, 47.164110230743198 ] ] ], [ [ [ 7.623058246759509, 47.230075787303292 ], [ 7.626095717420639, 47.226401085835434 ], [ 7.629469400643853, 47.228284447637805 ], [ 7.630902639718704, 47.226600072944223 ], [ 7.634026147112926, 47.228627631475469 ], [ 7.63546014234807, 47.227186054529142 ], [ 7.64049992867287, 47.229587935955522 ], [ 7.64364104478848, 47.2257147052756 ], [ 7.638642265000606, 47.223627701928599 ], [ 7.640259724729957, 47.221888921142217 ], [ 7.648406808897176, 47.218762266849907 ], [ 7.64597529181073, 47.21473703317141 ], [ 7.648442749245917, 47.211071738968876 ], [ 7.649177467661807, 47.209928075604367 ], [ 7.651223689098559, 47.206659250497033 ], [ 7.647482522398159, 47.201763950777114 ], [ 7.662392914691613, 47.201016460294461 ], [ 7.662898069588056, 47.198730818868178 ], [ 7.669146523227748, 47.194041253218558 ], [ 7.671671331377636, 47.195052592881673 ], [ 7.674622319776994, 47.190927004654931 ], [ 7.671058631107273, 47.184601919675941 ], [ 7.677898089980184, 47.182806984834805 ], [ 7.673484682661726, 47.172184210036754 ], [ 7.672689272782638, 47.168246102652489 ], [ 7.660027762947886, 47.168352031039518 ], [ 7.652868733301744, 47.162464943321211 ], [ 7.650738159804374, 47.157278867756517 ], [ 7.652032891284078, 47.151249946923663 ], [ 7.644864919147235, 47.149077228596312 ], [ 7.640109355918606, 47.153699972960219 ], [ 7.635646935100798, 47.152178551368863 ], [ 7.631473014213429, 47.153822654063987 ], [ 7.622055442062604, 47.153001472828954 ], [ 7.619132781053946, 47.154364293615082 ], [ 7.615618924187607, 47.15643853669485 ], [ 7.614663457716103, 47.154596058929336 ], [ 7.604781307203866, 47.152739765342687 ], [ 7.589468839705071, 47.15134856820719 ], [ 7.586122538980837, 47.147548074095056 ], [ 7.581239591104014, 47.15572148928819 ], [ 7.581605272781126, 47.159354938514895 ], [ 7.574892651513294, 47.164454088659546 ], [ 7.569032376304077, 47.162571931468946 ], [ 7.565145912654991, 47.164285251814725 ], [ 7.564521040858975, 47.167784902651576 ], [ 7.558560098063542, 47.168079058857629 ], [ 7.54506548195727, 47.160473651599538 ], [ 7.538885550868567, 47.163186587012028 ], [ 7.535310240456282, 47.162461042327145 ], [ 7.534364113568228, 47.1643867097143 ], [ 7.522990031499782, 47.160815601041442 ], [ 7.519895125359113, 47.163606187699159 ], [ 7.520623754572824, 47.165764423045573 ], [ 7.514535042740698, 47.169006671506537 ], [ 7.514894457349758, 47.171345075613516 ], [ 7.510520252976725, 47.175080682203856 ], [ 7.514773521941226, 47.179143606676405 ], [ 7.511150712484983, 47.182905720219772 ], [ 7.51436614487019, 47.189703690026136 ], [ 7.510416787553952, 47.196551167558042 ], [ 7.51291076900791, 47.19644166832569 ], [ 7.525171816710736, 47.197413622152709 ], [ 7.53071989116521, 47.20062046955033 ], [ 7.535122598109941, 47.197684623995315 ], [ 7.536392188884255, 47.199176683672377 ], [ 7.538145113311519, 47.197933925789172 ], [ 7.54494958168348, 47.202047468545992 ], [ 7.552308337236026, 47.211889677501034 ], [ 7.556002237146281, 47.216949999900358 ], [ 7.563712759130945, 47.217310722371479 ], [ 7.570569247385637, 47.219290943354245 ], [ 7.576034195701525, 47.224177687867282 ], [ 7.58810037741989, 47.228336267840014 ], [ 7.593347192397575, 47.229966403568824 ], [ 7.606219066710394, 47.229085002269656 ], [ 7.612013785537486, 47.224354272867707 ], [ 7.615354130311019, 47.224322235819109 ], [ 7.621088116478137, 47.229305370865006 ], [ 7.623058246759509, 47.230075787303292 ] ] ] ] } },
{ "type": "Feature", "properties": { "bezirk_id": "B_1107" }, "geometry": { "type": "Polygon", "coordinates": [ [ [ 7.594435369882038, 47.263703704472931 ], [ 7.597013346540737, 47.250748014619177 ], [ 7.597221048403319, 47.245036158017037 ], [ 7.602152587376129, 47.242267954024328 ], [ 7.604346846683272, 47.242840490155899 ], [ 7.606382433533282, 47.2391137859805 ], [ 7.609276126892221, 47.239541299001402 ], [ 7.61593937664098, 47.233621810141813 ], [ 7.618895834390515, 47.229209865880925 ], [ 7.621088116478137, 47.229305370865006 ], [ 7.615354130311019, 47.224322235819109 ], [ 7.612013785537486, 47.224354272867707 ], [ 7.606219066710394, 47.229085002269656 ], [ 7.593347192397575, 47.229966403568824 ], [ 7.58810037741989, 47.228336267840014 ], [ 7.576034195701525, 47.224177687867282 ], [ 7.570569247385637, 47.219290943354245 ], [ 7.563712759130945, 47.217310722371479 ], [ 7.556002237146281, 47.216949999900358 ], [ 7.552308337236026, 47.211889677501034 ], [ 7.549822791456823, 47.216398416289948 ], [ 7.543031812370043, 47.220389356416426 ], [ 7.535146943078619, 47.218678194477974 ], [ 7.531796125231615, 47.220111078736643 ], [ 7.525127408218008, 47.219135811489025 ], [ 7.522035231431003, 47.217258184812749 ], [ 7.513957662549983, 47.218549924956832 ], [ 7.51645742629297, 47.212575825332088 ], [ 7.509310850084215, 47.208631715699312 ], [ 7.51291076900791, 47.19644166832569 ], [ 7.510416787553952, 47.196551167558042 ], [ 7.503357146165674, 47.196942070347255 ], [ 7.493071577753945, 47.204682750708926 ], [ 7.488320130632728, 47.204684861545196 ], [ 7.484992397613595, 47.202662418175429 ], [ 7.485407320108566, 47.194018346601538 ], [ 7.475337125546188, 47.191368477206424 ], [ 7.457298484961721, 47.188863143402472 ], [ 7.449118018139671, 47.189763584165632 ], [ 7.449710909286373, 47.185149240502604 ], [ 7.448166831428891, 47.182522904556933 ], [ 7.441675805098598, 47.180661295290257 ], [ 7.436055474754302, 47.185356510646379 ], [ 7.431833714356552, 47.183827199499987 ], [ 7.430910617263031, 47.181146702781554 ], [ 7.431610625231597, 47.17580387613998 ], [ 7.418645331397171, 47.171232910694648 ], [ 7.415878020154476, 47.165295828052429 ], [ 7.410208580213324, 47.162164337100712 ], [ 7.40110831095382, 47.16295319166673 ], [ 7.393065784388293, 47.160359721336782 ], [ 7.385404461833325, 47.159735725234853 ], [ 7.382514632758743, 47.161416351366384 ], [ 7.382378703742763, 47.165203085434335 ], [ 7.391992271222407, 47.166340808845725 ], [ 7.381184483024552, 47.183902578312598 ], [ 7.374859137282417, 47.188639414060141 ], [ 7.367797120193829, 47.190838929528972 ], [ 7.365681597424182, 47.193958756054265 ], [ 7.354403036369172, 47.191531377426443 ], [ 7.346722463664038, 47.207266162014307 ], [ 7.344716201222788, 47.20726452512779 ], [ 7.340420662731204, 47.217514831123573 ], [ 7.355148320957205, 47.22091756606558 ], [ 7.361447636777775, 47.219734721550701 ], [ 7.376528800121031, 47.227308469457697 ], [ 7.402416490269535, 47.235172048658114 ], [ 7.411948267165866, 47.240886308004967 ], [ 7.415382476459103, 47.240266453769131 ], [ 7.420902199182294, 47.242875915790194 ], [ 7.433805996068393, 47.245917459186828 ], [ 7.443752485744896, 47.250639685166391 ], [ 7.452933575285693, 47.251673363355849 ], [ 7.473702465023973, 47.255797591234504 ], [ 7.484624768982025, 47.251908182773796 ], [ 7.502764492836824, 47.25376153613032 ], [ 7.51611271282397, 47.257603114941375 ], [ 7.518692856571287, 47.260227783667403 ], [ 7.532079151056171, 47.269194371646719 ], [ 7.530296229624422, 47.269798423538006 ], [ 7.559347274659709, 47.27220040809059 ], [ 7.568864622061845, 47.273197508246831 ], [ 7.580039938193813, 47.276341505868572 ], [ 7.584389850611067, 47.272126677654661 ], [ 7.593623430265174, 47.266223270143527 ], [ 7.594435369882038, 47.263703704472931 ] ] ] } },
{ "type": "Feature", "properties": { "bezirk_id": "B_1108" }, "geometry": { "type": "Polygon", "coordinates": [ [ [ 8.030874056749457, 47.383094096552703 ], [ 8.026726921423213, 47.371290527915974 ], [ 8.024079522844401, 47.367679848214749 ], [ 8.022764227336488, 47.364888529081654 ], [ 8.018877042780868, 47.36412558451444 ], [ 8.010459267189789, 47.356881962629402 ], [ 8.01298406131389, 47.354108115183642 ], [ 8.01190553909319, 47.349814070875041 ], [ 8.00399686421933, 47.345355753403958 ], [ 8.0073609514838, 47.339402819977622 ], [ 8.001026722361113, 47.334756640736508 ], [ 7.991702402009535, 47.3325440142223 ], [ 7.985415288428253, 47.328409445398407 ], [ 7.984440689371572, 47.33013202259815 ], [ 7.975300116652215, 47.326307172981068 ], [ 7.976320704797823, 47.322560671785176 ], [ 7.963696113934621, 47.320693904451289 ], [ 7.948336859853224, 47.317695543455024 ], [ 7.947884197682825, 47.33264653215786 ], [ 7.931257707856336, 47.333096387529309 ], [ 7.919278841091725, 47.333983327958116 ], [ 7.918206480563457, 47.335381936159131 ], [ 7.915875517420258, 47.336605847586057 ], [ 7.910359938432934, 47.339731220448066 ], [ 7.910378406407086, 47.341743127587002 ], [ 7.906974652999524, 47.341571256257183 ], [ 7.896811614346833, 47.327643502130243 ], [ 7.895847113702456, 47.323150050970675 ], [ 7.898574984076474, 47.320413874391129 ], [ 7.892190338373366, 47.316229661000378 ], [ 7.885308353938759, 47.310967668346954 ], [ 7.880590606262034, 47.311399563505582 ], [ 7.873967387345324, 47.31171253715442 ], [ 7.861868576680747, 47.306981379471019 ], [ 7.850696924638994, 47.290165916888611 ], [ 7.849325443291097, 47.288884573274075 ], [ 7.840928035999892, 47.274423795510323 ], [ 7.83301895794876, 47.268235782529203 ], [ 7.828080240565881, 47.266894354276026 ], [ 7.814151534730414, 47.279910741592268 ], [ 7.822457095940685, 47.286152679329867 ], [ 7.840563354442512, 47.294483051229747 ], [ 7.830367257461042, 47.31033951101076 ], [ 7.824634751996504, 47.313147107334018 ], [ 7.819422690956636, 47.322257854195712 ], [ 7.817573822636485, 47.324548533246798 ], [ 7.814999715227076, 47.330952023608099 ], [ 7.805243211178074, 47.33970800110248 ], [ 7.79343969502975, 47.339627889736605 ], [ 7.797690804411096, 47.355921663353712 ], [ 7.802080996174003, 47.36114269385552 ], [ 7.806232870322654, 47.362388790721511 ], [ 7.822124510441305, 47.363281612724293 ], [ 7.833632974414506, 47.367497236867749 ], [ 7.834298855975681, 47.364454854982448 ], [ 7.843247487291253, 47.360907083587591 ], [ 7.842796710698667, 47.359064803953025 ], [ 7.845590716509015, 47.359198916971764 ], [ 7.848836991791901, 47.35961918064023 ], [ 7.863294998949342, 47.360016715149094 ], [ 7.869393700777077, 47.36120840682463 ], [ 7.872851269097159, 47.358272283624338 ], [ 7.876760113919789, 47.358761227987472 ], [ 7.882766996505613, 47.361625527677624 ], [ 7.888396415136312, 47.362035501906554 ], [ 7.89940089648195, 47.359428755451823 ], [ 7.899824909591736, 47.356413920927871 ], [ 7.905951519759498, 47.356209429474561 ], [ 7.908605761528703, 47.36151439770579 ], [ 7.918047245368543, 47.369228851582463 ], [ 7.923442310962862, 47.361210285962834 ], [ 7.928652780847472, 47.357770418163447 ], [ 7.940855180631818, 47.358986271805868 ], [ 7.949364971926912, 47.357437912370649 ], [ 7.958854665241023, 47.351908941725029 ], [ 7.966282358184473, 47.356201632962382 ], [ 7.963820803302788, 47.362967714233314 ], [ 7.96519869099943, 47.367107904698393 ], [ 7.971094628655712, 47.367566601674348 ], [ 7.983319257380946, 47.362859492615655 ], [ 7.982315560365855, 47.364393283615961 ], [ 7.991462357028052, 47.363027707345069 ], [ 7.99420663851936, 47.365955754862412 ], [ 8.000227861716452, 47.379562311332748 ], [ 8.005979046713303, 47.386172153212563 ], [ 8.009755641956282, 47.386369429144686 ], [ 8.017096660393136, 47.383067943261587 ], [ 8.024282326971921, 47.392233115889262 ], [ 8.02743172128441, 47.393161541755184 ], [ 8.030874056749457, 47.383094096552703 ] ] ] } },
{ "type": "Feature", "properties": { "bezirk_id": "B_1109" }, "geometry": { "type": "Polygon", "coordinates": [ [ [ 7.51291076900791, 47.19644166832569 ], [ 7.509310850084215, 47.208631715699312 ], [ 7.51645742629297, 47.212575825332088 ], [ 7.513957662549983, 47.218549924956832 ], [ 7.522035231431003, 47.217258184812749 ], [ 7.525127408218008, 47.219135811489025 ], [ 7.531796125231615, 47.220111078736643 ], [ 7.535146943078619, 47.218678194477974 ], [ 7.543031812370043, 47.220389356416426 ], [ 7.549822791456823, 47.216398416289948 ], [ 7.552308337236026, 47.211889677501034 ], [ 7.54494958168348, 47.202047468545992 ], [ 7.538145113311519, 47.197933925789172 ], [ 7.536392188884255, 47.199176683672377 ], [ 7.535122598109941, 47.197684623995315 ], [ 7.53071989116521, 47.20062046955033 ], [ 7.525171816710736, 47.197413622152709 ], [ 7.51291076900791, 47.19644166832569 ] ] ] } },
{ "type": "Feature", "properties": { "bezirk_id": "B_1110" }, "geometry": { "type": "MultiPolygon", "coordinates": [ [ [ [ 7.579081403042706, 47.430388542411343 ], [ 7.584855573145883, 47.428636567262323 ], [ 7.592090629329235, 47.432683591769333 ], [ 7.602186653173836, 47.431266742837138 ], [ 7.608235591044208, 47.4327780781379 ], [ 7.615803999779769, 47.432703824612368 ], [ 7.617518896410578, 47.426270394095909 ], [ 7.600019258039365, 47.415799848442276 ], [ 7.605747079956323, 47.412661779732368 ], [ 7.6147763480876, 47.414474254538582 ], [ 7.623863733929506, 47.413758568271135 ], [ 7.63270163590763, 47.410083497166546 ], [ 7.637117624206938, 47.386151394266676 ], [ 7.63330061075384, 47.385357373531441 ], [ 7.633184985430381, 47.382695266067792 ], [ 7.635600922161063, 47.380667478485982 ], [ 7.641731542670378, 47.380539979580064 ], [ 7.641908763672654, 47.378390036967687 ], [ 7.644196550333969, 47.3672690549568 ], [ 7.641876360526828, 47.366373714314939 ], [ 7.643196534499966, 47.358483370940824 ], [ 7.637275801702308, 47.357414347131446 ], [ 7.637726426365222, 47.35401371370088 ], [ 7.609401560339866, 47.34542430770523 ], [ 7.602614775284813, 47.341728421606312 ], [ 7.584699283815326, 47.33731812778673 ], [ 7.576882626351943, 47.333370170938615 ], [ 7.572178884042453, 47.330569426103558 ], [ 7.572571643674041, 47.328914005592161 ], [ 7.560206381481813, 47.342410170345083 ], [ 7.556659402728898, 47.342117011144374 ], [ 7.556517733158207, 47.343889042773498 ], [ 7.552206763033003, 47.345296450861497 ], [ 7.539506808253043, 47.347439810110117 ], [ 7.536825349606319, 47.350185374160326 ], [ 7.541468068835184, 47.355748855318843 ], [ 7.539596779359057, 47.360121728414512 ], [ 7.533837982660457, 47.359721832292259 ], [ 7.532109029642776, 47.362646379981385 ], [ 7.521827235547152, 47.365127596767373 ], [ 7.524220417028451, 47.371610743906764 ], [ 7.518819290869822, 47.372100268936826 ], [ 7.494337179959493, 47.370711373101578 ], [ 7.458444639849627, 47.370830749855038 ], [ 7.453679057868362, 47.373430773173389 ], [ 7.440187284792227, 47.380267264518125 ], [ 7.436108893048979, 47.378135576940544 ], [ 7.436890045809964, 47.379970424406416 ], [ 7.438863009270276, 47.385915644418247 ], [ 7.443630868130597, 47.389063554588674 ], [ 7.441154549959615, 47.40070211472392 ], [ 7.444002770130101, 47.401916256137767 ], [ 7.448519764080411, 47.399775378576535 ], [ 7.449884809237505, 47.40298618934083 ], [ 7.45324989107512, 47.403696380584549 ], [ 7.459978549838488, 47.400484464874658 ], [ 7.464390819175145, 47.402660194493528 ], [ 7.471543148448741, 47.400409890350083 ], [ 7.477120684354941, 47.40119070665552 ], [ 7.478821172891456, 47.389794485619504 ], [ 7.484052316203516, 47.389342878465577 ], [ 7.484924850695823, 47.387480734851835 ], [ 7.490843060719571, 47.385652430552817 ], [ 7.492365668144978, 47.385273986744899 ], [ 7.501595358184885, 47.384549859412324 ], [ 7.510739788599124, 47.389581353927753 ], [ 7.517267808448114, 47.388605769927729 ], [ 7.528943371848523, 47.400991345233855 ], [ 7.531281435779991, 47.404803048012752 ], [ 7.526452418189709, 47.40880918967008 ], [ 7.526338263417506, 47.411930251126563 ], [ 7.543540856519228, 47.414110624693052 ], [ 7.580312290788216, 47.414683280450703 ], [ 7.577710480726394, 47.417978282760579 ], [ 7.571300478386307, 47.419460810151726 ], [ 7.568167296892888, 47.422558325184362 ], [ 7.568585351152374, 47.436471759926093 ], [ 7.57562490752441, 47.436715521667374 ], [ 7.578364397609577, 47.434985396539524 ], [ 7.577708148500118, 47.432395879759653 ], [ 7.580861653470093, 47.431951355512872 ], [ 7.579081403042706, 47.430388542411343 ] ] ], [ [ [ 7.421139500554998, 47.44638800831931 ], [ 7.425179663611886, 47.44333001717775 ], [ 7.437788252574881, 47.44624835042422 ], [ 7.448486360496417, 47.437694661651157 ], [ 7.454833721614499, 47.429329490710948 ], [ 7.454726651715829, 47.425686889465034 ], [ 7.447276689989308, 47.414516912171493 ], [ 7.438067636899989, 47.412808269135262 ], [ 7.427308185138959, 47.414480538277537 ], [ 7.420405879152407, 47.411142766957617 ], [ 7.414350845942284, 47.411006690062813 ], [ 7.375684725541372, 47.414076763671339 ], [ 7.379644575298438, 47.427633045621654 ], [ 7.382757001304346, 47.42970326410844 ], [ 7.380894014619989, 47.43189250957353 ], [ 7.400356007274516, 47.435398009766018 ], [ 7.402983011205708, 47.43551251223694 ], [ 7.402847009251364, 47.437862512256267 ], [ 7.406581006963389, 47.440201008870439 ], [ 7.4139420115071, 47.442039511767028 ], [ 7.421139500554998, 47.44638800831931 ] ] ] ] } },
{ "type": "Feature", "properties": { "bezirk_id": "B_1200" }, "geometry": { "type": "Polygon", "coordinates": [ [ [ 7.693370003868361, 47.600645006892556 ], [ 7.671754513154231, 47.587360006983687 ], [ 7.672043004135689, 47.585092509045985 ], [ 7.680725000606277, 47.582692513215839 ], [ 7.681114013451293, 47.580920509593724 ], [ 7.683743511736474, 47.573985504391217 ], [ 7.689530506993672, 47.571500512408186 ], [ 7.685970514772983, 47.565617507580143 ], [ 7.683437503117364, 47.571181010909726 ], [ 7.675219506576721, 47.56544700538678 ], [ 7.677369007858874, 47.563848012386487 ], [ 7.672338502332564, 47.563771013031491 ], [ 7.670159513869295, 47.56588100641504 ], [ 7.654706009224243, 47.562429004637707 ], [ 7.648156002648257, 47.559883514784069 ], [ 7.636228499097958, 47.564011510830021 ], [ 7.634097015590844, 47.561113508700728 ], [ 7.632646833837937, 47.56139960886059 ], [ 7.617763611289323, 47.558705790048649 ], [ 7.618330707686255, 47.553506532854499 ], [ 7.622103713030302, 47.549642325708945 ], [ 7.621467523313001, 47.542313399004911 ], [ 7.620195294973957, 47.539257501018056 ], [ 7.614337040620099, 47.538942714613249 ], [ 7.594549683645759, 47.519719477699617 ], [ 7.589264181328145, 47.520691091740368 ], [ 7.588460400791949, 47.528006433680801 ], [ 7.585693915844092, 47.531202764600287 ], [ 7.583701121103604, 47.530890479087176 ], [ 7.586600474854043, 47.542075118221071 ], [ 7.564532759896832, 47.545293823053953 ], [ 7.555179140952034, 47.544251267491525 ], [ 7.558677958734861, 47.552792766131226 ], [ 7.561306712176057, 47.55229725519041 ], [ 7.564365759760715, 47.557147929461962 ], [ 7.555159506197424, 47.564564007686549 ], [ 7.55886099962891, 47.56939300662998 ], [ 7.556386003942715, 47.571205012531941 ], [ 7.557483011574107, 47.572616504267529 ], [ 7.566267004810717, 47.577408514917693 ], [ 7.574819003643499, 47.576145008878761 ], [ 7.584828005130387, 47.575657004978794 ], [ 7.589039010784385, 47.589878005897752 ], [ 7.60493850277711, 47.584826505812607 ], [ 7.604510510191949, 47.57779200717178 ], [ 7.619065005313212, 47.57683000913854 ], [ 7.624523003174672, 47.579446004410535 ], [ 7.643203004316655, 47.591315514247896 ], [ 7.641932499993253, 47.594222513555799 ], [ 7.645816010027185, 47.596968514265939 ], [ 7.64904000311193, 47.596218004790693 ], [ 7.667261012931962, 47.592044505539427 ], [ 7.675051003028941, 47.592040508999446 ], [ 7.682847004241598, 47.598492011654329 ], [ 7.693370003868361, 47.600645006892556 ] ] ] } },
{ "type": "Feature", "properties": { "bezirk_id": "B_1301" }, "geometry": { "type": "Polygon", "coordinates": [ [ [ 7.564365759760715, 47.557147929461962 ], [ 7.561306712176057, 47.55229725519041 ], [ 7.558677958734861, 47.552792766131226 ], [ 7.555179140952034, 47.544251267491525 ], [ 7.564532759896832, 47.545293823053953 ], [ 7.586600474854043, 47.542075118221071 ], [ 7.583701121103604, 47.530890479087176 ], [ 7.585693915844092, 47.531202764600287 ], [ 7.588460400791949, 47.528006433680801 ], [ 7.589264181328145, 47.520691091740368 ], [ 7.594549683645759, 47.519719477699617 ], [ 7.614337040620099, 47.538942714613249 ], [ 7.620195294973957, 47.539257501018056 ], [ 7.621467523313001, 47.542313399004911 ], [ 7.622103713030302, 47.549642325708945 ], [ 7.618330707686255, 47.553506532854499 ], [ 7.617763611289323, 47.558705790048649 ], [ 7.632646833837937, 47.56139960886059 ], [ 7.634097015590844, 47.561113508700728 ], [ 7.645305500711308, 47.552615006420325 ], [ 7.651524505301091, 47.546996513131738 ], [ 7.661395511464796, 47.544845013163879 ], [ 7.666804010337702, 47.536615008354637 ], [ 7.675290005093733, 47.533554509003153 ], [ 7.670735715041333, 47.521782536660325 ], [ 7.67093685771126, 47.513094045445406 ], [ 7.674122650874869, 47.507025740345277 ], [ 7.671172400018499, 47.506222230453226 ], [ 7.666022109237347, 47.496833768402091 ], [ 7.653371784087494, 47.496093352753846 ], [ 7.65064526784383, 47.494587376824029 ], [ 7.649400179996968, 47.491819505426797 ], [ 7.655404647540193, 47.49015357027556 ], [ 7.651390215673074, 47.488380186284004 ], [ 7.655165532680945, 47.486817255018856 ], [ 7.648309738815626, 47.48447340935251 ], [ 7.644743137977319, 47.485118362941201 ], [ 7.640978902849247, 47.482651635528789 ], [ 7.629256731751557, 47.48442527827298 ], [ 7.616653639309414, 47.488852299936546 ], [ 7.606372046506284, 47.489470176796132 ], [ 7.606699889510351, 47.487911973745334 ], [ 7.608247985506866, 47.482677017192643 ], [ 7.606063244850661, 47.47561091433473 ], [ 7.608476717356638, 47.475328600932528 ], [ 7.605201125247022, 47.471402961775652 ], [ 7.601909897249577, 47.462197756515295 ], [ 7.604793071208526, 47.459612384595268 ], [ 7.599702323102076, 47.45579707947963 ], [ 7.597009089107877, 47.447764271794966 ], [ 7.598291636055565, 47.445222006361725 ], [ 7.595228560546677, 47.445073272668431 ], [ 7.594018818003012, 47.448519625565886 ], [ 7.58778447772536, 47.447583410268365 ], [ 7.583879181741002, 47.449809885955055 ], [ 7.577660762436627, 47.444780803417792 ], [ 7.577873967635468, 47.450293911976068 ], [ 7.55744301209505, 47.457107054682723 ], [ 7.554533598500181, 47.460824518527311 ], [ 7.554471738508727, 47.462884210851698 ], [ 7.549460131048234, 47.463680555693195 ], [ 7.530662530555699, 47.461196555222031 ], [ 7.527460761165784, 47.473862585459578 ], [ 7.529165614430767, 47.477953536153215 ], [ 7.533106262765197, 47.478265205567489 ], [ 7.536673959303177, 47.484998740872683 ], [ 7.536353278354553, 47.491051931022739 ], [ 7.53259779784949, 47.490947084468807 ], [ 7.531812831739097, 47.497405347758779 ], [ 7.519270792915324, 47.496893019376444 ], [ 7.512478572309913, 47.498759236964617 ], [ 7.510905503859831, 47.502582511544318 ], [ 7.509197001719298, 47.509582512026263 ], [ 7.499164010044451, 47.515987513062669 ], [ 7.497817003073973, 47.521233012815067 ], [ 7.503519009730685, 47.514621507284993 ], [ 7.516753009903082, 47.517044005781202 ], [ 7.518808005561278, 47.515068006553982 ], [ 7.523900006085791, 47.515232009375232 ], [ 7.5237860131395, 47.518673014868902 ], [ 7.531475013318699, 47.527717511599441 ], [ 7.527814014322384, 47.532306505123877 ], [ 7.524439006961251, 47.531952007387432 ], [ 7.519208006259377, 47.534534514761361 ], [ 7.516196504102171, 47.532608007041077 ], [ 7.509817013098401, 47.528526504628807 ], [ 7.50243301545085, 47.528484509854195 ], [ 7.49904201558507, 47.535240509687547 ], [ 7.499239012507206, 47.539833003796666 ], [ 7.504519009242017, 47.542972508165562 ], [ 7.507889007964003, 47.544761508060844 ], [ 7.519233005590194, 47.546131014087607 ], [ 7.525233012746867, 47.551643508704579 ], [ 7.551785999513545, 47.563392511051774 ], [ 7.555159506197424, 47.564564007686549 ], [ 7.564365759760715, 47.557147929461962 ] ] ] } },
{ "type": "Feature", "properties": { "bezirk_id": "B_1302" }, "geometry": { "type": "MultiPolygon", "coordinates": [ [ [ [ 7.375684725541372, 47.414076763671339 ], [ 7.363135675451182, 47.414716717724211 ], [ 7.357238735895092, 47.415000476710219 ], [ 7.358227829414118, 47.418077176227122 ], [ 7.344103389281813, 47.424596106406987 ], [ 7.340144781370014, 47.429521544377572 ], [ 7.325890948853226, 47.432098700346941 ], [ 7.326466007358734, 47.439853514259774 ], [ 7.329825012982202, 47.441433011628334 ], [ 7.338706006499199, 47.440910511062128 ], [ 7.347221998841375, 47.435356013928718 ], [ 7.380894014619989, 47.43189250957353 ], [ 7.382757001304346, 47.42970326410844 ], [ 7.379644575298438, 47.427633045621654 ], [ 7.375684725541372, 47.414076763671339 ] ] ], [ [ [ 7.375684725541372, 47.414076763671339 ], [ 7.414350845942284, 47.411006690062813 ], [ 7.420405879152407, 47.411142766957617 ], [ 7.427308185138959, 47.414480538277537 ], [ 7.438067636899989, 47.412808269135262 ], [ 7.447276689989308, 47.414516912171493 ], [ 7.454726651715829, 47.425686889465034 ], [ 7.454833721614499, 47.429329490710948 ], [ 7.448486360496417, 47.437694661651157 ], [ 7.437788252574881, 47.44624835042422 ], [ 7.425179663611886, 47.44333001717775 ], [ 7.421139500554998, 47.44638800831931 ], [ 7.423344000947809, 47.450828511377544 ], [ 7.428478001643576, 47.453521507408816 ], [ 7.430072009837088, 47.459282008653496 ], [ 7.445019014304672, 47.461723507973772 ], [ 7.454521290066551, 47.44953022934579 ], [ 7.462597005315251, 47.451480611844119 ], [ 7.484467124676534, 47.457221378128963 ], [ 7.494945891706253, 47.459582263466039 ], [ 7.508736794683429, 47.45857650061518 ], [ 7.514216790307088, 47.460713670114693 ], [ 7.530662530555699, 47.461196555222031 ], [ 7.549460131048234, 47.463680555693195 ], [ 7.554471738508727, 47.462884210851698 ], [ 7.554533598500181, 47.460824518527311 ], [ 7.55744301209505, 47.457107054682723 ], [ 7.577873967635468, 47.450293911976068 ], [ 7.577660762436627, 47.444780803417792 ], [ 7.583879181741002, 47.449809885955055 ], [ 7.58778447772536, 47.447583410268365 ], [ 7.594018818003012, 47.448519625565886 ], [ 7.595228560546677, 47.445073272668431 ], [ 7.598291636055565, 47.445222006361725 ], [ 7.597009089107877, 47.447764271794966 ], [ 7.599702323102076, 47.45579707947963 ], [ 7.604793071208526, 47.459612384595268 ], [ 7.601909897249577, 47.462197756515295 ], [ 7.605201125247022, 47.471402961775652 ], [ 7.619566121707806, 47.467280224944787 ], [ 7.626116182549115, 47.462871764000191 ], [ 7.622200247987561, 47.461861689862829 ], [ 7.622621462179223, 47.457085186927522 ], [ 7.616282550063064, 47.445087971794777 ], [ 7.61530327494017, 47.437615372485851 ], [ 7.615803999779769, 47.432703824612368 ], [ 7.608235591044208, 47.4327780781379 ], [ 7.602186653173836, 47.431266742837138 ], [ 7.592090629329235, 47.432683591769333 ], [ 7.584855573145883, 47.428636567262323 ], [ 7.579081403042706, 47.430388542411343 ], [ 7.580861653470093, 47.431951355512872 ], [ 7.577708148500118, 47.432395879759653 ], [ 7.578364397609577, 47.434985396539524 ], [ 7.57562490752441, 47.436715521667374 ], [ 7.568585351152374, 47.436471759926093 ], [ 7.568167296892888, 47.422558325184362 ], [ 7.571300478386307, 47.419460810151726 ], [ 7.577710480726394, 47.417978282760579 ], [ 7.580312290788216, 47.414683280450703 ], [ 7.543540856519228, 47.414110624693052 ], [ 7.526338263417506, 47.411930251126563 ], [ 7.526452418189709, 47.40880918967008 ], [ 7.531281435779991, 47.404803048012752 ], [ 7.528943371848523, 47.400991345233855 ], [ 7.517267808448114, 47.388605769927729 ], [ 7.510739788599124, 47.389581353927753 ], [ 7.501595358184885, 47.384549859412324 ], [ 7.492365668144978, 47.385273986744899 ], [ 7.490843060719571, 47.385652430552817 ], [ 7.484924850695823, 47.387480734851835 ], [ 7.484052316203516, 47.389342878465577 ], [ 7.478821172891456, 47.389794485619504 ], [ 7.477120684354941, 47.40119070665552 ], [ 7.471543148448741, 47.400409890350083 ], [ 7.464390819175145, 47.402660194493528 ], [ 7.459978549838488, 47.400484464874658 ], [ 7.45324989107512, 47.403696380584549 ], [ 7.449884809237505, 47.40298618934083 ], [ 7.448519764080411, 47.399775378576535 ], [ 7.444002770130101, 47.401916256137767 ], [ 7.441154549959615, 47.40070211472392 ], [ 7.443630868130597, 47.389063554588674 ], [ 7.438863009270276, 47.385915644418247 ], [ 7.436890045809964, 47.379970424406416 ], [ 7.411716841382636, 47.380605681985926 ], [ 7.416283516344996, 47.384807003596464 ], [ 7.413659102432319, 47.389483441405496 ], [ 7.414610593020431, 47.393953775194731 ], [ 7.399045195091781, 47.396665607949203 ], [ 7.395940166813604, 47.403311183100925 ], [ 7.388747001755665, 47.402948472766042 ], [ 7.384021054380966, 47.412327215070547 ], [ 7.375684725541372, 47.414076763671339 ] ] ] ] } },
{ "type": "Feature", "properties": { "bezirk_id": "B_1303" }, "geometry": { "type": "Polygon", "coordinates": [ [ [ 7.724093176460839, 47.535873982781645 ], [ 7.73439369925866, 47.530110130406051 ], [ 7.737003253482428, 47.527187079821992 ], [ 7.749919721867619, 47.524697435486125 ], [ 7.750711363129344, 47.525102800908535 ], [ 7.761347031012909, 47.525073723820704 ], [ 7.788875636373001, 47.519453671833013 ], [ 7.790102619831795, 47.516266110889354 ], [ 7.787564905278635, 47.513935345534989 ], [ 7.789789529916386, 47.505024617907111 ], [ 7.792726737545716, 47.503603636514228 ], [ 7.790920305942686, 47.501396617357898 ], [ 7.792786820370437, 47.500662421476193 ], [ 7.787073618171783, 47.493628431901257 ], [ 7.788651342351182, 47.493407825638947 ], [ 7.790955758468371, 47.49070264575014 ], [ 7.788327349165877, 47.48852505409139 ], [ 7.785173871139145, 47.489227058384841 ], [ 7.784762247553375, 47.487141675045073 ], [ 7.791907251807015, 47.484107131086631 ], [ 7.792203935773686, 47.482829073636758 ], [ 7.785461341442335, 47.482426714980399 ], [ 7.776794560977931, 47.475670801147707 ], [ 7.775007485959094, 47.465764536743158 ], [ 7.778464721495876, 47.456733375802031 ], [ 7.780278835191801, 47.450108370314524 ], [ 7.776674803357762, 47.44841904666805 ], [ 7.776993456102031, 47.444307794842892 ], [ 7.769005569198582, 47.443251542448756 ], [ 7.76403098939542, 47.444947519547497 ], [ 7.762464409044789, 47.442415559103054 ], [ 7.757565888017363, 47.441331855777328 ], [ 7.747713055312274, 47.436294841132721 ], [ 7.749996079174746, 47.434534869664382 ], [ 7.7394581535494, 47.422825301467768 ], [ 7.739353852483525, 47.427835332421864 ], [ 7.735075395594984, 47.428296062997823 ], [ 7.728911668604676, 47.420873475033865 ], [ 7.723387682109828, 47.423765317654684 ], [ 7.722606871011535, 47.426465486318378 ], [ 7.718673765209189, 47.422022936432214 ], [ 7.709151188720215, 47.420579497942938 ], [ 7.69763622914008, 47.412609958433777 ], [ 7.688573763161678, 47.415570952156948 ], [ 7.674550700303844, 47.414736887266287 ], [ 7.679608186589157, 47.416732192204449 ], [ 7.684817077776247, 47.428494619106402 ], [ 7.68600491140061, 47.435993206552283 ], [ 7.682611116006893, 47.438833543920566 ], [ 7.684835653411417, 47.447910601503594 ], [ 7.690804196835664, 47.4529037812556 ], [ 7.698521239413116, 47.45561796220845 ], [ 7.699959019511193, 47.462180403451697 ], [ 7.710047945203683, 47.469253549146401 ], [ 7.699744071176118, 47.480591671609979 ], [ 7.669874465802183, 47.485448801898791 ], [ 7.668354050377538, 47.486710975932574 ], [ 7.665402363046403, 47.491528548538689 ], [ 7.666022109237347, 47.496833768402091 ], [ 7.671172400018499, 47.506222230453226 ], [ 7.674122650874869, 47.507025740345277 ], [ 7.67093685771126, 47.513094045445406 ], [ 7.670735715041333, 47.521782536660325 ], [ 7.675290005093733, 47.533554509003153 ], [ 7.686223512294442, 47.532498013328315 ], [ 7.696981512572255, 47.532903509680246 ], [ 7.713784500985337, 47.539405013370335 ], [ 7.715369851596394, 47.536299814422009 ], [ 7.724093176460839, 47.535873982781645 ] ] ] } },
{ "type": "Feature", "properties": { "bezirk_id": "B_1304" }, "geometry": { "type": "Polygon", "coordinates": [ [ [ 7.857346341566864, 47.533212349094413 ], [ 7.862734008293418, 47.524360735018718 ], [ 7.864035521438057, 47.51940929182966 ], [ 7.869451595503842, 47.519299362092269 ], [ 7.872290602651496, 47.522283773760179 ], [ 7.876675553509252, 47.52269001350836 ], [ 7.875708053984484, 47.513205015294631 ], [ 7.878130400535873, 47.513960350168063 ], [ 7.883926151040608, 47.508523849988116 ], [ 7.894109948340258, 47.505714135039277 ], [ 7.895341179783384, 47.502246588238243 ], [ 7.898305290572279, 47.501209552832606 ], [ 7.899575757474842, 47.496185826252706 ], [ 7.90468973143866, 47.492163016561541 ], [ 7.905514998198369, 47.484883477102699 ], [ 7.933319146926952, 47.481359351439707 ], [ 7.946504295094983, 47.485250734318619 ], [ 7.940169495393658, 47.462100379423632 ], [ 7.948859438793801, 47.463789310768334 ], [ 7.957630623912151, 47.458785537188241 ], [ 7.956849596219628, 47.455242208731413 ], [ 7.957823179532175, 47.451328459894448 ], [ 7.94752996787798, 47.445410972487842 ], [ 7.946753511055285, 47.443237773915165 ], [ 7.951890117489713, 47.432826732645267 ], [ 7.949957819323134, 47.431755969583143 ], [ 7.961711572223176, 47.421944623454785 ], [ 7.956831764418581, 47.418926493849241 ], [ 7.954018868024869, 47.417194155013611 ], [ 7.955010167567688, 47.415561760846167 ], [ 7.948417703200048, 47.41624757704335 ], [ 7.940618985000944, 47.414096046772848 ], [ 7.934965490852309, 47.41173693462256 ], [ 7.936732814259176, 47.408023671873387 ], [ 7.924157744098487, 47.402023924282062 ], [ 7.909699339450101, 47.398431985160173 ], [ 7.903773339797143, 47.402449449615538 ], [ 7.900818417246001, 47.400842308669937 ], [ 7.888499453081224, 47.407249845115345 ], [ 7.883243307042066, 47.406100895997746 ], [ 7.883361416224288, 47.401198536104474 ], [ 7.879612558408453, 47.401750327656984 ], [ 7.875224817800214, 47.397631787227638 ], [ 7.869140684209693, 47.395495941519094 ], [ 7.871862387328403, 47.391375368402535 ], [ 7.879411663116044, 47.38812687484787 ], [ 7.878884170256947, 47.383586726545062 ], [ 7.876137451120108, 47.384541555920435 ], [ 7.868497094290441, 47.381377195032584 ], [ 7.86271531386932, 47.38202813992676 ], [ 7.839653387103654, 47.37410538572373 ], [ 7.844037941285246, 47.381330572520945 ], [ 7.838920476341637, 47.392906119324877 ], [ 7.832112305119831, 47.400079944466242 ], [ 7.826250869695043, 47.402869963453675 ], [ 7.827942487938742, 47.420466067149746 ], [ 7.829143036647506, 47.423349175300139 ], [ 7.820889251992351, 47.421883670811418 ], [ 7.810551850581239, 47.427520728819722 ], [ 7.799838956720881, 47.425009269192955 ], [ 7.789202422334677, 47.425896397732345 ], [ 7.78727053965313, 47.428402615779383 ], [ 7.782621626290512, 47.433021536984171 ], [ 7.782589391729426, 47.438301212831362 ], [ 7.776357810455875, 47.442330936177513 ], [ 7.776993456102031, 47.444307794842892 ], [ 7.776674803357762, 47.44841904666805 ], [ 7.780278835191801, 47.450108370314524 ], [ 7.778464721495876, 47.456733375802031 ], [ 7.775007485959094, 47.465764536743158 ], [ 7.776794560977931, 47.475670801147707 ], [ 7.785461341442335, 47.482426714980399 ], [ 7.792203935773686, 47.482829073636758 ], [ 7.791907251807015, 47.484107131086631 ], [ 7.784762247553375, 47.487141675045073 ], [ 7.785173871139145, 47.489227058384841 ], [ 7.788327349165877, 47.48852505409139 ], [ 7.790955758468371, 47.49070264575014 ], [ 7.788651342351182, 47.493407825638947 ], [ 7.794509264767703, 47.496250093729721 ], [ 7.798566407474108, 47.495688940850329 ], [ 7.798302511779045, 47.499401166703727 ], [ 7.802251082438277, 47.496954596462182 ], [ 7.807428359507228, 47.497172094211173 ], [ 7.81474155620226, 47.504793505721338 ], [ 7.831990572073182, 47.514746588865883 ], [ 7.833327512224715, 47.530337538155656 ], [ 7.835506244884428, 47.532236816389329 ], [ 7.833087721236478, 47.533818996308618 ], [ 7.839027176424067, 47.534230362483747 ], [ 7.845202078495647, 47.532419103368902 ], [ 7.852448567877209, 47.535262544625439 ], [ 7.857346341566864, 47.533212349094413 ] ] ] } },
{ "type": "Feature", "properties": { "bezirk_id": "B_1305" }, "geometry": { "type": "Polygon", "coordinates": [ [ [ 7.76403098939542, 47.444947519547497 ], [ 7.769005569198582, 47.443251542448756 ], [ 7.776993456102031, 47.444307794842892 ], [ 7.776357810455875, 47.442330936177513 ], [ 7.782589391729426, 47.438301212831362 ], [ 7.782621626290512, 47.433021536984171 ], [ 7.78727053965313, 47.428402615779383 ], [ 7.789202422334677, 47.425896397732345 ], [ 7.799838956720881, 47.425009269192955 ], [ 7.810551850581239, 47.427520728819722 ], [ 7.820889251992351, 47.421883670811418 ], [ 7.829143036647506, 47.423349175300139 ], [ 7.827942487938742, 47.420466067149746 ], [ 7.826250869695043, 47.402869963453675 ], [ 7.832112305119831, 47.400079944466242 ], [ 7.838920476341637, 47.392906119324877 ], [ 7.844037941285246, 47.381330572520945 ], [ 7.839653387103654, 47.37410538572373 ], [ 7.833632974414506, 47.367497236867749 ], [ 7.822124510441305, 47.363281612724293 ], [ 7.806232870322654, 47.362388790721511 ], [ 7.802080996174003, 47.36114269385552 ], [ 7.797690804411096, 47.355921663353712 ], [ 7.79343969502975, 47.339627889736605 ], [ 7.787988684104366, 47.337692689746824 ], [ 7.782126251445423, 47.339617071652306 ], [ 7.769154503803105, 47.338908328338803 ], [ 7.769131549542921, 47.341615717799783 ], [ 7.766360329720187, 47.342855838312524 ], [ 7.751482307214399, 47.344372111907695 ], [ 7.734154832398019, 47.357783321286448 ], [ 7.728909888600852, 47.366925862350627 ], [ 7.727927122388947, 47.368799144640441 ], [ 7.700353874492396, 47.372327557058242 ], [ 7.687572219576298, 47.371258422814392 ], [ 7.644196550333969, 47.3672690549568 ], [ 7.641908763672654, 47.378390036967687 ], [ 7.641731542670378, 47.380539979580064 ], [ 7.635600922161063, 47.380667478485982 ], [ 7.633184985430381, 47.382695266067792 ], [ 7.63330061075384, 47.385357373531441 ], [ 7.637117624206938, 47.386151394266676 ], [ 7.63270163590763, 47.410083497166546 ], [ 7.6634787763316, 47.409767103059444 ], [ 7.674550700303844, 47.414736887266287 ], [ 7.688573763161678, 47.415570952156948 ], [ 7.69763622914008, 47.412609958433777 ], [ 7.709151188720215, 47.420579497942938 ], [ 7.718673765209189, 47.422022936432214 ], [ 7.722606871011535, 47.426465486318378 ], [ 7.723387682109828, 47.423765317654684 ], [ 7.728911668604676, 47.420873475033865 ], [ 7.735075395594984, 47.428296062997823 ], [ 7.739353852483525, 47.427835332421864 ], [ 7.7394581535494, 47.422825301467768 ], [ 7.749996079174746, 47.434534869664382 ], [ 7.747713055312274, 47.436294841132721 ], [ 7.757565888017363, 47.441331855777328 ], [ 7.762464409044789, 47.442415559103054 ], [ 7.76403098939542, 47.444947519547497 ] ] ] } },
{ "type": "Feature", "properties": { "bezirk_id": "B_1401" }, "geometry": { "type": "Polygon", "coordinates": [ [ [ 8.523916580613623, 47.73455156369058 ], [ 8.518054177533463, 47.73015411375097 ], [ 8.510498550340253, 47.732274614977712 ], [ 8.498387877981253, 47.727322015245527 ], [ 8.500132130178233, 47.725228505779825 ], [ 8.497730404096762, 47.7237753967892 ], [ 8.515277747491185, 47.705068600518736 ], [ 8.526754256568728, 47.704619962329396 ], [ 8.534377804191818, 47.704071661817125 ], [ 8.536652876816424, 47.707764746867092 ], [ 8.535480634595785, 47.711643259975084 ], [ 8.543929507206851, 47.721222848599922 ], [ 8.549526227104181, 47.721160517934244 ], [ 8.550744405234607, 47.718873378845373 ], [ 8.546434660498994, 47.718644700131911 ], [ 8.56008886515683, 47.715168005505397 ], [ 8.566396370588711, 47.702830025969405 ], [ 8.562864234891414, 47.701515123557854 ], [ 8.563276645891767, 47.693956048058311 ], [ 8.561273405706091, 47.692464397727193 ], [ 8.544754933531017, 47.690554146269015 ], [ 8.54195121024007, 47.688970848027324 ], [ 8.542242571299058, 47.686971379743454 ], [ 8.544634815843686, 47.686714786447524 ], [ 8.542095262072197, 47.683096295181926 ], [ 8.546787220135684, 47.681360735144899 ], [ 8.548120056121807, 47.678227031387337 ], [ 8.545072085107957, 47.673848941701706 ], [ 8.550464246258151, 47.67062249983816 ], [ 8.547158508670622, 47.667060010814453 ], [ 8.540051009842754, 47.665072005245051 ], [ 8.541431504590841, 47.657060008872818 ], [ 8.533774013081887, 47.65992401465865 ], [ 8.533378010437074, 47.663207505214828 ], [ 8.527009507960136, 47.660395008383766 ], [ 8.524287786733296, 47.660346875075156 ], [ 8.522896679597224, 47.665234732223297 ], [ 8.524917061254461, 47.666367112738627 ], [ 8.517613602280342, 47.669295335329679 ], [ 8.495091368655173, 47.667001975161583 ], [ 8.490295657898452, 47.670238411812605 ], [ 8.492908945801995, 47.672418287058534 ], [ 8.489384880592747, 47.672657079735025 ], [ 8.486310332886543, 47.675428052153237 ], [ 8.479525668041125, 47.67442773240667 ], [ 8.479776262470722, 47.677015787180416 ], [ 8.47649661081079, 47.677512822956913 ], [ 8.476262001752707, 47.679133853471811 ], [ 8.467062233046303, 47.680654698033592 ], [ 8.463152666903792, 47.683720230747184 ], [ 8.479369449083169, 47.691562837963914 ], [ 8.477308821150556, 47.693811793293705 ], [ 8.47969466600046, 47.694554939026951 ], [ 8.490163696076312, 47.69781546787182 ], [ 8.486839435083549, 47.700831511058631 ], [ 8.482983438288667, 47.701225980642349 ], [ 8.483016547634513, 47.704256663064506 ], [ 8.487172222643855, 47.707547032502532 ], [ 8.485285750318866, 47.709857499262945 ], [ 8.487563948817481, 47.715215364402368 ], [ 8.485185423373276, 47.716244122070314 ], [ 8.48754463138147, 47.71962257849659 ], [ 8.483308844194713, 47.71907610490377 ], [ 8.480310361790163, 47.725866440554462 ], [ 8.495446960386831, 47.730244823038106 ], [ 8.494034386985044, 47.73160673826078 ], [ 8.505538752651894, 47.740846451087236 ], [ 8.510702771634328, 47.741041807629699 ], [ 8.518638273567747, 47.73787448992455 ], [ 8.518853308844507, 47.735345197088286 ], [ 8.523916580613623, 47.73455156369058 ] ] ] } },
{ "type": "Feature", "properties": { "bezirk_id": "B_1402" }, "geometry": { "type": "Polygon", "coordinates": [ [ [ 8.660206015555525, 47.795978508712643 ], [ 8.657420500751286, 47.791607513172558 ], [ 8.661782006842579, 47.791627505865293 ], [ 8.667183016716798, 47.787708507842495 ], [ 8.6761550003951, 47.785692512879734 ], [ 8.680921003713932, 47.786671011436617 ], [ 8.682790011568612, 47.777164014918171 ], [ 8.688253513942739, 47.773650004199396 ], [ 8.683207516373395, 47.770509514890222 ], [ 8.687696015378728, 47.759347511355529 ], [ 8.692625501998016, 47.756156505765652 ], [ 8.697681503615749, 47.756780012429331 ], [ 8.698987011779733, 47.759741009606842 ], [ 8.714178001272614, 47.765501513290182 ], [ 8.726105014371351, 47.762703007873561 ], [ 8.730655512307726, 47.759594513041868 ], [ 8.728850003343016, 47.757884006480772 ], [ 8.741075503554454, 47.751852512785426 ], [ 8.739402014459445, 47.746423511342364 ], [ 8.723513008890867, 47.74574251306553 ], [ 8.72012200238615, 47.741075512697101 ], [ 8.714344001192984, 47.738698015157176 ], [ 8.711270004889732, 47.73007151496418 ], [ 8.718162509049037, 47.721429013399167 ], [ 8.724546013859918, 47.721353512597943 ], [ 8.724433504777195, 47.720030507661896 ], [ 8.733205006733376, 47.718366007053589 ], [ 8.736294511407324, 47.716151503419482 ], [ 8.731932506846301, 47.71146000570451 ], [ 8.726401010602677, 47.696673008016596 ], [ 8.727972280080516, 47.692677103743563 ], [ 8.717707599912247, 47.690739817430831 ], [ 8.717408008229437, 47.694971005916933 ], [ 8.711092004481465, 47.696215505568297 ], [ 8.711917002492816, 47.701030010298453 ], [ 8.704628515076847, 47.713314509439897 ], [ 8.701550515517495, 47.715178504830014 ], [ 8.697417503844914, 47.713815507399914 ], [ 8.69252569006013, 47.718123256673017 ], [ 8.69588700274956, 47.722161369927377 ], [ 8.705743361289086, 47.721856491896574 ], [ 8.701770099724776, 47.722925077499198 ], [ 8.701530128258019, 47.725158268752431 ], [ 8.69208915041256, 47.725017585638241 ], [ 8.694394048959175, 47.729462865413197 ], [ 8.682607596818441, 47.733924773222121 ], [ 8.679831518860597, 47.737776974737045 ], [ 8.669551958373985, 47.736069402270147 ], [ 8.660011939988872, 47.729981986653769 ], [ 8.656710635483941, 47.729611876209582 ], [ 8.654586744246895, 47.731747737771869 ], [ 8.644579510055133, 47.725520048354873 ], [ 8.639667432062412, 47.729339446858496 ], [ 8.641035448843429, 47.736745483633875 ], [ 8.637949114788595, 47.738225406224515 ], [ 8.629846661724971, 47.742553892389417 ], [ 8.632588973980521, 47.750035837327992 ], [ 8.639002846641167, 47.7558789374363 ], [ 8.633230284175161, 47.760129576614226 ], [ 8.642390510414447, 47.765147010365439 ], [ 8.645487514605628, 47.765025012397437 ], [ 8.64766900744994, 47.76697200520703 ], [ 8.645558012930394, 47.768500508526323 ], [ 8.65303101323549, 47.77336500416515 ], [ 8.648022008880943, 47.773936005586506 ], [ 8.649961511002632, 47.781286506027016 ], [ 8.645498515726745, 47.786847515020412 ], [ 8.646540008750566, 47.794668513377403 ], [ 8.648766503850023, 47.794707012177639 ], [ 8.649425505943928, 47.798493010590093 ], [ 8.657014514964246, 47.800365506597075 ], [ 8.660206015555525, 47.795978508712643 ] ] ] } },
{ "type": "Feature", "properties": { "bezirk_id": "B_1403" }, "geometry": { "type": "MultiPolygon", "coordinates": [ [ [ [ 8.595596015413941, 47.605538890443228 ], [ 8.592906459444817, 47.595617722296332 ], [ 8.583302558492889, 47.592996543715515 ], [ 8.579111953790036, 47.589799788257402 ], [ 8.577389475127147, 47.583880304891899 ], [ 8.580299512004053, 47.577015808985074 ], [ 8.571999815421414, 47.574281925043174 ], [ 8.567630298469473, 47.562568608335141 ], [ 8.563682980711373, 47.55752502291255 ], [ 8.558920417455651, 47.552848969615191 ], [ 8.554668126268606, 47.552818036710157 ], [ 8.547620812085297, 47.56528024204443 ], [ 8.541590837134736, 47.569924995417843 ], [ 8.546218302868461, 47.571311016372583 ], [ 8.546470911936126, 47.573863056546621 ], [ 8.534859829233101, 47.575430527161288 ], [ 8.540143746244757, 47.578330658277828 ], [ 8.534472874916769, 47.581154697574171 ], [ 8.534148909197775, 47.582848725278467 ], [ 8.537017689583749, 47.583361259897345 ], [ 8.535340697050666, 47.587127835510586 ], [ 8.538055612414846, 47.587902640996752 ], [ 8.545479320629166, 47.591969499094965 ], [ 8.547622627193221, 47.59273154704551 ], [ 8.556281653664012, 47.594141521154299 ], [ 8.556868327862734, 47.597373884881115 ], [ 8.562841009619767, 47.599432514110774 ], [ 8.566490510088526, 47.597103006781438 ], [ 8.571419502523213, 47.598161009611239 ], [ 8.574658005633324, 47.595521513668359 ], [ 8.577079005188661, 47.596823008492528 ], [ 8.582355006610197, 47.596134507165296 ], [ 8.587799016015557, 47.601776512196423 ], [ 8.591396508422013, 47.602226006795853 ], [ 8.592694014780118, 47.606159004479387 ], [ 8.595596015413941, 47.605538890443228 ] ] ], [ [ [ 8.573027008984697, 47.805990007339595 ], [ 8.575219009546052, 47.799726506284337 ], [ 8.587755512828874, 47.802644012827308 ], [ 8.592442013886224, 47.798770514555194 ], [ 8.601357514099343, 47.802881507954389 ], [ 8.613831508571918, 47.801079006559334 ], [ 8.61862400027865, 47.798326009579284 ], [ 8.617820514209548, 47.7959390044008 ], [ 8.622058509363889, 47.794663506986254 ], [ 8.62041450219448, 47.788764507095358 ], [ 8.615677016575315, 47.787055509492816 ], [ 8.615012016710994, 47.784895509608774 ], [ 8.617697739364774, 47.780191667183082 ], [ 8.618837504807704, 47.777940513292037 ], [ 8.623174507929015, 47.777170014848394 ], [ 8.619267015623578, 47.767331015084174 ], [ 8.627679010491693, 47.759259009059818 ], [ 8.63153051560427, 47.758246013797894 ], [ 8.633230284175161, 47.760129576614226 ], [ 8.639002846641167, 47.7558789374363 ], [ 8.632588973980521, 47.750035837327992 ], [ 8.629846661724971, 47.742553892389417 ], [ 8.637949114788595, 47.738225406224515 ], [ 8.641035448843429, 47.736745483633875 ], [ 8.639667432062412, 47.729339446858496 ], [ 8.644579510055133, 47.725520048354873 ], [ 8.654586744246895, 47.731747737771869 ], [ 8.656710635483941, 47.729611876209582 ], [ 8.660011939988872, 47.729981986653769 ], [ 8.669551958373985, 47.736069402270147 ], [ 8.679831518860597, 47.737776974737045 ], [ 8.682607596818441, 47.733924773222121 ], [ 8.694394048959175, 47.729462865413197 ], [ 8.69208915041256, 47.725017585638241 ], [ 8.701530128258019, 47.725158268752431 ], [ 8.701770099724776, 47.722925077499198 ], [ 8.705743361289086, 47.721856491896574 ], [ 8.69588700274956, 47.722161369927377 ], [ 8.69252569006013, 47.718123256673017 ], [ 8.697417503844914, 47.713815507399914 ], [ 8.68971351466023, 47.711773005618731 ], [ 8.690383502809855, 47.709465012125193 ], [ 8.68615101592019, 47.708666510497956 ], [ 8.680079507895222, 47.710435015045384 ], [ 8.681598001612054, 47.712258009826378 ], [ 8.677307503892708, 47.713031513701807 ], [ 8.670786010608778, 47.710719507769461 ], [ 8.664323515632878, 47.713317007559574 ], [ 8.665881502144137, 47.707931008900864 ], [ 8.673841015207769, 47.70479400609495 ], [ 8.676520002923528, 47.697844513672337 ], [ 8.67402801184163, 47.69791050519558 ], [ 8.673130500233075, 47.694794508951873 ], [ 8.66830050435278, 47.692178514657449 ], [ 8.658466009484041, 47.691338507766744 ], [ 8.663847512838558, 47.688031510613932 ], [ 8.663337988674321, 47.685902003924689 ], [ 8.64371480075005, 47.694561844639288 ], [ 8.63208685934331, 47.692725804178203 ], [ 8.625237139632706, 47.691595001721801 ], [ 8.627384815664277, 47.679259852141854 ], [ 8.623896421590453, 47.676327368256231 ], [ 8.61903721668498, 47.675207583284219 ], [ 8.615232397194859, 47.677782579190811 ], [ 8.612783618796307, 47.67725870221809 ], [ 8.606355686945792, 47.669003755762724 ], [ 8.606649511997688, 47.67212950954746 ], [ 8.598066007645938, 47.672807010225426 ], [ 8.593828000340348, 47.667060513369819 ], [ 8.587372505346719, 47.666408007323312 ], [ 8.577710999993677, 47.661608509546532 ], [ 8.57095100614891, 47.664707014515635 ], [ 8.564632507395238, 47.665332011638426 ], [ 8.563654015717217, 47.669944011830616 ], [ 8.547158508670622, 47.667060010814453 ], [ 8.550464246258151, 47.67062249983816 ], [ 8.545072085107957, 47.673848941701706 ], [ 8.548120056121807, 47.678227031387337 ], [ 8.546787220135684, 47.681360735144899 ], [ 8.542095262072197, 47.683096295181926 ], [ 8.544634815843686, 47.686714786447524 ], [ 8.542242571299058, 47.686971379743454 ], [ 8.54195121024007, 47.688970848027324 ], [ 8.544754933531017, 47.690554146269015 ], [ 8.561273405706091, 47.692464397727193 ], [ 8.563276645891767, 47.693956048058311 ], [ 8.562864234891414, 47.701515123557854 ], [ 8.566396370588711, 47.702830025969405 ], [ 8.56008886515683, 47.715168005505397 ], [ 8.546434660498994, 47.718644700131911 ], [ 8.550744405234607, 47.718873378845373 ], [ 8.549526227104181, 47.721160517934244 ], [ 8.543929507206851, 47.721222848599922 ], [ 8.545799081139281, 47.725854973579935 ], [ 8.554004653476524, 47.732549053937525 ], [ 8.541019132364015, 47.736998969494721 ], [ 8.5431481391511, 47.739991750338945 ], [ 8.548707472419231, 47.742502107552369 ], [ 8.548707388819837, 47.747583690988165 ], [ 8.557020599567922, 47.74846642027893 ], [ 8.561691393285209, 47.746739552298578 ], [ 8.568961152080266, 47.75308183991676 ], [ 8.570109516718309, 47.761255163222117 ], [ 8.566197513759068, 47.777976796732297 ], [ 8.577082065342768, 47.781540345095088 ], [ 8.574921502967097, 47.789526512269703 ], [ 8.561694505336821, 47.792771509077589 ], [ 8.563538516045872, 47.80531850830873 ], [ 8.567858507001922, 47.808488007278648 ], [ 8.573027008984697, 47.805990007339595 ] ] ] ] } },
{ "type": "Feature", "properties": { "bezirk_id": "B_1404" }, "geometry": { "type": "Polygon", "coordinates": [ [ [ 8.562975012515373, 47.780495014024147 ], [ 8.562544512212552, 47.777854014362994 ], [ 8.566197513759068, 47.777976796732297 ], [ 8.570109516718309, 47.761255163222117 ], [ 8.568961152080266, 47.75308183991676 ], [ 8.561691393285209, 47.746739552298578 ], [ 8.557020599567922, 47.74846642027893 ], [ 8.548707388819837, 47.747583690988165 ], [ 8.548707472419231, 47.742502107552369 ], [ 8.5431481391511, 47.739991750338945 ], [ 8.541019132364015, 47.736998969494721 ], [ 8.554004653476524, 47.732549053937525 ], [ 8.545799081139281, 47.725854973579935 ], [ 8.543929507206851, 47.721222848599922 ], [ 8.535480634595785, 47.711643259975084 ], [ 8.536652876816424, 47.707764746867092 ], [ 8.534377804191818, 47.704071661817125 ], [ 8.526754256568728, 47.704619962329396 ], [ 8.515277747491185, 47.705068600518736 ], [ 8.497730404096762, 47.7237753967892 ], [ 8.500132130178233, 47.725228505779825 ], [ 8.498387877981253, 47.727322015245527 ], [ 8.510498550340253, 47.732274614977712 ], [ 8.518054177533463, 47.73015411375097 ], [ 8.523916580613623, 47.73455156369058 ], [ 8.518853308844507, 47.735345197088286 ], [ 8.518638273567747, 47.73787448992455 ], [ 8.510702771634328, 47.741041807629699 ], [ 8.505538752651894, 47.740846451087236 ], [ 8.494034386985044, 47.73160673826078 ], [ 8.495446960386831, 47.730244823038106 ], [ 8.480310361790163, 47.725866440554462 ], [ 8.472621844856725, 47.73009922987962 ], [ 8.466189302586336, 47.728357463901233 ], [ 8.456966845762816, 47.729158092169314 ], [ 8.452854509646679, 47.730431514653347 ], [ 8.449683502508377, 47.738166012557137 ], [ 8.455850505779866, 47.742777007071957 ], [ 8.456882014079245, 47.749440004936439 ], [ 8.466608014485557, 47.753784508859034 ], [ 8.473712003842653, 47.764588007841134 ], [ 8.489027501966515, 47.773268508986938 ], [ 8.496026506755527, 47.770691514261443 ], [ 8.502137000115207, 47.773608507147593 ], [ 8.509297010767714, 47.774315005266303 ], [ 8.510107582956127, 47.776186222181124 ], [ 8.52011801721895, 47.770490507676442 ], [ 8.526482509435992, 47.778133511005571 ], [ 8.532663000156603, 47.77798451376821 ], [ 8.55267450546943, 47.784636510080887 ], [ 8.562975012515373, 47.780495014024147 ] ] ] } },
{ "type": "Feature", "properties": { "bezirk_id": "B_1405" }, "geometry": { "type": "Polygon", "coordinates": [ [ [ 8.81239750115685, 47.730426511733995 ], [ 8.804927005926769, 47.724467503456118 ], [ 8.812647010207575, 47.723877506255242 ], [ 8.818586009596684, 47.717650005726554 ], [ 8.82618300297786, 47.717910505566678 ], [ 8.818854508742824, 47.712872005381136 ], [ 8.824128005341526, 47.71092201266525 ], [ 8.833261502048932, 47.714576507646001 ], [ 8.843022016809698, 47.712262506578973 ], [ 8.84556651388718, 47.711034011143212 ], [ 8.848522011491651, 47.70349201490302 ], [ 8.871377014369068, 47.704960008269154 ], [ 8.872750505120869, 47.70406350870028 ], [ 8.869699000555643, 47.701708007947637 ], [ 8.876013503263069, 47.696741014817889 ], [ 8.874532503607067, 47.694400512965771 ], [ 8.862934513468145, 47.692429011631091 ], [ 8.866142517117582, 47.696486005574307 ], [ 8.863354001312562, 47.698691505962131 ], [ 8.859979015307008, 47.696456504883891 ], [ 8.858146004339492, 47.698748004590399 ], [ 8.851325001853079, 47.697665004008961 ], [ 8.850285502610582, 47.694485514573984 ], [ 8.857196512737714, 47.692837007401451 ], [ 8.856082506119291, 47.689089509397895 ], [ 8.85099000627903, 47.685714008429755 ], [ 8.851540848896336, 47.680923226246605 ], [ 8.860330001540428, 47.680588004564633 ], [ 8.873453014594084, 47.670457514693595 ], [ 8.874985424267495, 47.655962866844405 ], [ 8.858392121795385, 47.658253762210258 ], [ 8.863031600802586, 47.655021757511001 ], [ 8.857768989231975, 47.649401454656591 ], [ 8.851126584599413, 47.65039993827655 ], [ 8.845264287427128, 47.653214539061274 ], [ 8.85449979871502, 47.660567986109811 ], [ 8.841766655016571, 47.664410411877739 ], [ 8.83680824632871, 47.671279248352526 ], [ 8.816736217413499, 47.677797446959026 ], [ 8.809249946514239, 47.676716717565782 ], [ 8.804640194773443, 47.678201171413249 ], [ 8.798674554701602, 47.676166426228235 ], [ 8.795690108453254, 47.675598691409228 ], [ 8.793337001972482, 47.679927011457771 ], [ 8.798059013759334, 47.689726507453933 ], [ 8.799774015176578, 47.691731010992271 ], [ 8.809933013958515, 47.69326450591732 ], [ 8.806176506669871, 47.696442013804003 ], [ 8.797798002835179, 47.697336012657622 ], [ 8.797720502832627, 47.70231451026968 ], [ 8.793390499861756, 47.704385006005921 ], [ 8.769496513628948, 47.706723508116205 ], [ 8.772813507526536, 47.713194511776557 ], [ 8.769904004228868, 47.717948506770412 ], [ 8.776999506111137, 47.720757512921971 ], [ 8.776131512659227, 47.722730504834367 ], [ 8.780802512903197, 47.721716505236394 ], [ 8.785050000233113, 47.727177007077451 ], [ 8.790547001150342, 47.727326005325665 ], [ 8.79182451096322, 47.728910514999363 ], [ 8.798995509446797, 47.727278505867027 ], [ 8.79643651202981, 47.734672014986124 ], [ 8.806439008523411, 47.738307012189274 ], [ 8.808471510520128, 47.731075505335355 ], [ 8.81239750115685, 47.730426511733995 ] ] ] } },
{ "type": "Feature", "properties": { "bezirk_id": "B_1406" }, "geometry": { "type": "Polygon", "coordinates": [ [ [ 8.472621844856725, 47.73009922987962 ], [ 8.480310361790163, 47.725866440554462 ], [ 8.483308844194713, 47.71907610490377 ], [ 8.48754463138147, 47.71962257849659 ], [ 8.485185423373276, 47.716244122070314 ], [ 8.487563948817481, 47.715215364402368 ], [ 8.485285750318866, 47.709857499262945 ], [ 8.487172222643855, 47.707547032502532 ], [ 8.483016547634513, 47.704256663064506 ], [ 8.482983438288667, 47.701225980642349 ], [ 8.486839435083549, 47.700831511058631 ], [ 8.490163696076312, 47.69781546787182 ], [ 8.47969466600046, 47.694554939026951 ], [ 8.477308821150556, 47.693811793293705 ], [ 8.479369449083169, 47.691562837963914 ], [ 8.463152666903792, 47.683720230747184 ], [ 8.467062233046303, 47.680654698033592 ], [ 8.476262001752707, 47.679133853471811 ], [ 8.47649661081079, 47.677512822956913 ], [ 8.479776262470722, 47.677015787180416 ], [ 8.479525668041125, 47.67442773240667 ], [ 8.486310332886543, 47.675428052153237 ], [ 8.489384880592747, 47.672657079735025 ], [ 8.492908945801995, 47.672418287058534 ], [ 8.490295657898452, 47.670238411812605 ], [ 8.495091368655173, 47.667001975161583 ], [ 8.517613602280342, 47.669295335329679 ], [ 8.524917061254461, 47.666367112738627 ], [ 8.522896679597224, 47.665234732223297 ], [ 8.524287786733296, 47.660346875075156 ], [ 8.527009507960136, 47.660395008383766 ], [ 8.533424005826188, 47.650614012645612 ], [ 8.531527006532817, 47.645788510228023 ], [ 8.522713002702671, 47.64498151516333 ], [ 8.513327508094015, 47.647498507739201 ], [ 8.493112504599477, 47.647055509107751 ], [ 8.494203511368793, 47.642104514583806 ], [ 8.492342514712274, 47.642070006122061 ], [ 8.487338505533335, 47.645097009228202 ], [ 8.482706001206815, 47.644202009566101 ], [ 8.480519513621472, 47.649231510054051 ], [ 8.473763511289937, 47.649825003891522 ], [ 8.472935508199116, 47.647949011655783 ], [ 8.477685009151491, 47.644675004966828 ], [ 8.471116013407292, 47.642341505822799 ], [ 8.47788700383464, 47.639708009289485 ], [ 8.473506977619373, 47.638307001762001 ], [ 8.467474504949818, 47.641293514880694 ], [ 8.463771506186047, 47.648560009264322 ], [ 8.467175504588861, 47.656075503970619 ], [ 8.465632503245672, 47.657044506024889 ], [ 8.457388512271397, 47.65269200696271 ], [ 8.453655004620394, 47.654843009362374 ], [ 8.449051004503177, 47.65473950829017 ], [ 8.445090506599755, 47.65378201415048 ], [ 8.436771506375136, 47.657390506274943 ], [ 8.423684005613126, 47.666815009166221 ], [ 8.412355003478156, 47.666274508157706 ], [ 8.40556600621634, 47.674513514925216 ], [ 8.408517012684758, 47.678723514414479 ], [ 8.416039507377155, 47.679632011636627 ], [ 8.420668003140793, 47.683865007300611 ], [ 8.412136508788256, 47.69425601403357 ], [ 8.40639951159306, 47.695467005897335 ], [ 8.404426005195056, 47.698063504534794 ], [ 8.41679442829812, 47.709968258784677 ], [ 8.425878508702462, 47.711132004375962 ], [ 8.436732003820165, 47.718233013014846 ], [ 8.441551515944253, 47.7176685047517 ], [ 8.440226014584859, 47.719756010564232 ], [ 8.44523550677081, 47.722961006474968 ], [ 8.455201946855409, 47.722634981916954 ], [ 8.454665510283524, 47.727220006929144 ], [ 8.456966845762816, 47.729158092169314 ], [ 8.466189302586336, 47.728357463901233 ], [ 8.472621844856725, 47.73009922987962 ] ] ] } },
{ "type": "Feature", "properties": { "bezirk_id": "B_1501" }, "geometry": { "type": "Polygon", "coordinates": [ [ [ 9.342901887689736, 47.397680443132884 ], [ 9.349839096742874, 47.383116896767632 ], [ 9.358357407337568, 47.377991306739929 ], [ 9.359251080596938, 47.373388007293677 ], [ 9.356535850850042, 47.371543786040313 ], [ 9.365068049759829, 47.358446077499373 ], [ 9.351478174817117, 47.354983336499593 ], [ 9.343618941876306, 47.352162321688382 ], [ 9.346235213805864, 47.34499350306092 ], [ 9.343314487975874, 47.344753845473839 ], [ 9.333528115842929, 47.340911316760099 ], [ 9.328936376135928, 47.330865049843297 ], [ 9.311424966771765, 47.325113708112141 ], [ 9.309886661384693, 47.322754483298937 ], [ 9.309589932996433, 47.320707992939489 ], [ 9.313694242801143, 47.320785296293742 ], [ 9.317102092466637, 47.316114398519446 ], [ 9.315748761950049, 47.312996486109668 ], [ 9.318428446051247, 47.309453006852578 ], [ 9.315055673180314, 47.306080080662852 ], [ 9.317075617358453, 47.302214465849318 ], [ 9.312831614590358, 47.296237535382993 ], [ 9.313560933546762, 47.290647518297334 ], [ 9.323632400282452, 47.283092241769339 ], [ 9.342937320759045, 47.249336820793573 ], [ 9.331682604911721, 47.249423368246205 ], [ 9.323330353902215, 47.246762210886928 ], [ 9.308855749121633, 47.254492749632384 ], [ 9.308638355113642, 47.258850879331611 ], [ 9.304546647452256, 47.259753950440562 ], [ 9.29717018813084, 47.257416979669323 ], [ 9.288456576833255, 47.261093059846672 ], [ 9.284094578999049, 47.265661523978444 ], [ 9.276329741911164, 47.265092856266932 ], [ 9.279543610749398, 47.266688005938484 ], [ 9.273762833748172, 47.27001013445215 ], [ 9.256232291752633, 47.263315345257865 ], [ 9.250304380797207, 47.265837876764976 ], [ 9.233116114115088, 47.265656994704621 ], [ 9.216900265492328, 47.270856649074332 ], [ 9.206248478695001, 47.276508570241518 ], [ 9.20817996092593, 47.280140624033358 ], [ 9.217009975037238, 47.284467134634475 ], [ 9.224551929207994, 47.2929334818283 ], [ 9.217198329948792, 47.29964179215856 ], [ 9.217788425243267, 47.307819730004816 ], [ 9.212956572675962, 47.319634882082099 ], [ 9.209798878259946, 47.320960941868897 ], [ 9.233455809914547, 47.331985125280504 ], [ 9.224846927740444, 47.342437922391476 ], [ 9.221590156540737, 47.343208020856224 ], [ 9.206345035041414, 47.339304114180138 ], [ 9.205636443899822, 47.342283852106981 ], [ 9.198694577190269, 47.347706926402495 ], [ 9.207308447721246, 47.355978056083181 ], [ 9.204751388966461, 47.357519637851013 ], [ 9.203887593179672, 47.355823502189871 ], [ 9.19560218333004, 47.353484860526457 ], [ 9.191514654349739, 47.362439356176914 ], [ 9.208116558233474, 47.361975384512228 ], [ 9.213038231648124, 47.365039644082529 ], [ 9.213145125203894, 47.368249776497976 ], [ 9.221434814024253, 47.373394060792563 ], [ 9.218729271979246, 47.384774707148431 ], [ 9.222385460569193, 47.387548953360238 ], [ 9.232066026469351, 47.387848862995725 ], [ 9.230376378425751, 47.39669170041001 ], [ 9.232476528967235, 47.398071561494092 ], [ 9.232750198910608, 47.396362467904929 ], [ 9.236720668049513, 47.396233257002997 ], [ 9.251049154148321, 47.400687548543317 ], [ 9.25516997211073, 47.40107265252265 ], [ 9.258443469841801, 47.398762986183804 ], [ 9.264756466049667, 47.401254384887395 ], [ 9.268096740139072, 47.399357227755353 ], [ 9.27183867802605, 47.401052248461475 ], [ 9.278982658019766, 47.399571168738682 ], [ 9.27941061335601, 47.398151875363268 ], [ 9.294141453982338, 47.396917558376273 ], [ 9.303579863230306, 47.395155144420691 ], [ 9.319954790870927, 47.397741572458408 ], [ 9.325696129512512, 47.400472909748771 ], [ 9.339717440567346, 47.399784171493785 ], [ 9.342901887689736, 47.397680443132884 ] ] ] } },
{ "type": "Feature", "properties": { "bezirk_id": "B_1502" }, "geometry": { "type": "Polygon", "coordinates": [ [ [ 9.457617994279465, 47.421284066109294 ], [ 9.462182170725908, 47.417551405970002 ], [ 9.471890294610461, 47.418028778371607 ], [ 9.476900932317013, 47.412488219285869 ], [ 9.486353589290513, 47.412546001531126 ], [ 9.485374319272193, 47.410862882916234 ], [ 9.497309228939429, 47.405882292134017 ], [ 9.497173799200993, 47.404436147811602 ], [ 9.502285745029624, 47.404344939816355 ], [ 9.500321256235212, 47.40289546830558 ], [ 9.510757007012687, 47.402375841345318 ], [ 9.512208292415217, 47.397446263042731 ], [ 9.509008339042703, 47.394552547039623 ], [ 9.507697672074199, 47.392875541531694 ], [ 9.502452347439721, 47.384026060622318 ], [ 9.502966471956283, 47.37507351226288 ], [ 9.505046594876502, 47.374406485326801 ], [ 9.498918702549673, 47.369387511326991 ], [ 9.500883740352194, 47.368146777579149 ], [ 9.498969705730007, 47.36180181878656 ], [ 9.502440534622027, 47.354316957052333 ], [ 9.502979110504029, 47.347370312588609 ], [ 9.48729542424878, 47.3502230708431 ], [ 9.479235213877926, 47.347171817379198 ], [ 9.465760824942382, 47.346878465469672 ], [ 9.444730050147022, 47.356846055509813 ], [ 9.437935447488968, 47.356433118899403 ], [ 9.435559208414759, 47.360154112668276 ], [ 9.429791489671162, 47.366677014762637 ], [ 9.430541398142498, 47.370658781993647 ], [ 9.422088499431776, 47.367863008154785 ], [ 9.419409090654831, 47.369528495962193 ], [ 9.411925428242984, 47.368783936143473 ], [ 9.402450484405387, 47.374010853181005 ], [ 9.401164084947608, 47.377853876556422 ], [ 9.393285321534593, 47.380149405378397 ], [ 9.390001135478176, 47.377640803493357 ], [ 9.385752077476155, 47.377352654653372 ], [ 9.385435229095837, 47.379193386088026 ], [ 9.37832146156256, 47.38062666423987 ], [ 9.379302450329094, 47.385738455804578 ], [ 9.376293395085259, 47.386778648339906 ], [ 9.371293622002145, 47.38407337582499 ], [ 9.358348623751276, 47.385099018262075 ], [ 9.349839096742874, 47.383116896767632 ], [ 9.342901887689736, 47.397680443132884 ], [ 9.339717440567346, 47.399784171493785 ], [ 9.353977279094838, 47.403525217442819 ], [ 9.357643412098989, 47.402294784164752 ], [ 9.370691798666186, 47.407655357202131 ], [ 9.385741424063301, 47.406053158046504 ], [ 9.391268293339218, 47.401371431273354 ], [ 9.3974703792623, 47.400663630210794 ], [ 9.409133735369227, 47.402516576752888 ], [ 9.412924051428767, 47.40538488467763 ], [ 9.425805116125476, 47.407152376278042 ], [ 9.429886837127629, 47.409628259000762 ], [ 9.427876669895461, 47.41045462656384 ], [ 9.428636866650439, 47.41270878749102 ], [ 9.430539922819701, 47.411497382593112 ], [ 9.432965429145172, 47.41397471211323 ], [ 9.43009781773959, 47.417748941427163 ], [ 9.434915045500848, 47.42107569190329 ], [ 9.432454685775728, 47.42950066583893 ], [ 9.434888236112798, 47.434499684827813 ], [ 9.44391364361827, 47.434028562828843 ], [ 9.45175844495729, 47.431094118807458 ], [ 9.455648659837561, 47.428786027029666 ], [ 9.457617994279465, 47.421284066109294 ] ] ] } },
{ "type": "Feature", "properties": { "bezirk_id": "B_1503" }, "geometry": { "type": "Polygon", "coordinates": [ [ [ 9.54714931845567, 47.467010823977759 ], [ 9.545837397360907, 47.464038659563514 ], [ 9.552877956781266, 47.463982756448182 ], [ 9.558033653328977, 47.464787492892349 ], [ 9.562024928102813, 47.462734878045403 ], [ 9.576641742748601, 47.46296941720378 ], [ 9.589174913218189, 47.459246046152025 ], [ 9.588812583313496, 47.457831198674768 ], [ 9.595853087489905, 47.458716771958038 ], [ 9.596928448296637, 47.456447354397625 ], [ 9.611330153575791, 47.449501519922251 ], [ 9.629750961065985, 47.444268206453202 ], [ 9.629799630214633, 47.43997545064645 ], [ 9.626116243211714, 47.439091474375459 ], [ 9.617908024696177, 47.437168090527074 ], [ 9.604979531723471, 47.436871273287139 ], [ 9.593094297611051, 47.434169245009016 ], [ 9.593208092777539, 47.435669699585915 ], [ 9.571537062465742, 47.4339392499596 ], [ 9.568976553788296, 47.438533805684195 ], [ 9.565983192073688, 47.438885476171485 ], [ 9.558753938740837, 47.433931511270764 ], [ 9.558543707907866, 47.431650038265154 ], [ 9.56252348070902, 47.429039711390537 ], [ 9.569177904928805, 47.427675585882639 ], [ 9.570519151362191, 47.428721543079703 ], [ 9.575181877614039, 47.425639293105107 ], [ 9.567302791908883, 47.422230717637561 ], [ 9.568238860395752, 47.421106787450988 ], [ 9.58308478919572, 47.420400346560037 ], [ 9.581654303159331, 47.415163363189869 ], [ 9.585333167417, 47.414681184033064 ], [ 9.585851055971043, 47.413061008220971 ], [ 9.580380776584901, 47.410526280687456 ], [ 9.582881873783812, 47.409769084089341 ], [ 9.582979551887957, 47.408903510831941 ], [ 9.574445688233205, 47.40564255541863 ], [ 9.576411993846712, 47.404112599536489 ], [ 9.567027633045928, 47.400954822997136 ], [ 9.555320879205736, 47.396628232666082 ], [ 9.542381155296965, 47.408192368193255 ], [ 9.551250156453353, 47.409919975217107 ], [ 9.553075950480308, 47.407835163500437 ], [ 9.562406121101564, 47.408593980238571 ], [ 9.564916461822012, 47.405305492187239 ], [ 9.570014270263091, 47.406183273671097 ], [ 9.573638325206799, 47.407322014024381 ], [ 9.572146860491156, 47.413098949743741 ], [ 9.576903426517267, 47.415359354491081 ], [ 9.558906336473189, 47.418299851129774 ], [ 9.554128907640147, 47.423327395955468 ], [ 9.554740235576732, 47.42669921392973 ], [ 9.548498483368983, 47.42777605324666 ], [ 9.546986608515541, 47.429774061268404 ], [ 9.538947448721732, 47.431683909155197 ], [ 9.537413145661439, 47.42572857255324 ], [ 9.526494735579554, 47.423182175829119 ], [ 9.523442807334861, 47.421419825335377 ], [ 9.526922505701563, 47.414824949643275 ], [ 9.522766430132965, 47.41396427268154 ], [ 9.527415107119442, 47.410488333239762 ], [ 9.532828514655977, 47.410633260810407 ], [ 9.510757007012687, 47.402375841345318 ], [ 9.500321256235212, 47.40289546830558 ], [ 9.502285745029624, 47.404344939816355 ], [ 9.497173799200993, 47.404436147811602 ], [ 9.497309228939429, 47.405882292134017 ], [ 9.485374319272193, 47.410862882916234 ], [ 9.486353589290513, 47.412546001531126 ], [ 9.476900932317013, 47.412488219285869 ], [ 9.471890294610461, 47.418028778371607 ], [ 9.462182170725908, 47.417551405970002 ], [ 9.457617994279465, 47.421284066109294 ], [ 9.455648659837561, 47.428786027029666 ], [ 9.45175844495729, 47.431094118807458 ], [ 9.467935670250307, 47.438080855885111 ], [ 9.491662921625657, 47.441611616772306 ], [ 9.508457309473005, 47.449238638121237 ], [ 9.523748773644925, 47.45147816037332 ], [ 9.526237517621597, 47.453804441222232 ], [ 9.530996725037266, 47.454330126076492 ], [ 9.526187238932856, 47.459959425769974 ], [ 9.529552908402966, 47.464919046169172 ], [ 9.532520614221864, 47.467843419006982 ], [ 9.543374371948182, 47.46885203405396 ], [ 9.54714931845567, 47.467010823977759 ] ] ] } },
{ "type": "Feature", "properties": { "bezirk_id": "B_1600" }, "geometry": { "type": "MultiPolygon", "coordinates": [ [ [ [ 9.379302450329094, 47.385738455804578 ], [ 9.37832146156256, 47.38062666423987 ], [ 9.385435229095837, 47.379193386088026 ], [ 9.385752077476155, 47.377352654653372 ], [ 9.390001135478176, 47.377640803493357 ], [ 9.393285321534593, 47.380149405378397 ], [ 9.401164084947608, 47.377853876556422 ], [ 9.402450484405387, 47.374010853181005 ], [ 9.411925428242984, 47.368783936143473 ], [ 9.419409090654831, 47.369528495962193 ], [ 9.422088499431776, 47.367863008154785 ], [ 9.430541398142498, 47.370658781993647 ], [ 9.429791489671162, 47.366677014762637 ], [ 9.435559208414759, 47.360154112668276 ], [ 9.437935447488968, 47.356433118899403 ], [ 9.444730050147022, 47.356846055509813 ], [ 9.465760824942382, 47.346878465469672 ], [ 9.479235213877926, 47.347171817379198 ], [ 9.48729542424878, 47.3502230708431 ], [ 9.502979110504029, 47.347370312588609 ], [ 9.502803245239818, 47.337359303433189 ], [ 9.49838974664786, 47.31870545251968 ], [ 9.492647912754881, 47.312878513665893 ], [ 9.496110816456818, 47.305933685461945 ], [ 9.489203840603503, 47.302097824697171 ], [ 9.487725484645299, 47.288402886256058 ], [ 9.484820535922216, 47.283685796466756 ], [ 9.461146578832428, 47.263994250577213 ], [ 9.451822389230905, 47.260333616963386 ], [ 9.437706665253256, 47.250790167119206 ], [ 9.42478567863991, 47.24694683937404 ], [ 9.414725813624242, 47.246463061859657 ], [ 9.402416597226459, 47.23762220225106 ], [ 9.382085641389539, 47.233999269918293 ], [ 9.370441226618146, 47.240025475576346 ], [ 9.36377857432656, 47.243574011200856 ], [ 9.350079408448641, 47.244728897519963 ], [ 9.342937320759045, 47.249336820793573 ], [ 9.323632400282452, 47.283092241769339 ], [ 9.313560933546762, 47.290647518297334 ], [ 9.312831614590358, 47.296237535382993 ], [ 9.317075617358453, 47.302214465849318 ], [ 9.315055673180314, 47.306080080662852 ], [ 9.318428446051247, 47.309453006852578 ], [ 9.315748761950049, 47.312996486109668 ], [ 9.317102092466637, 47.316114398519446 ], [ 9.313694242801143, 47.320785296293742 ], [ 9.309589932996433, 47.320707992939489 ], [ 9.309886661384693, 47.322754483298937 ], [ 9.311424966771765, 47.325113708112141 ], [ 9.328936376135928, 47.330865049843297 ], [ 9.333528115842929, 47.340911316760099 ], [ 9.343314487975874, 47.344753845473839 ], [ 9.346235213805864, 47.34499350306092 ], [ 9.343618941876306, 47.352162321688382 ], [ 9.351478174817117, 47.354983336499593 ], [ 9.365068049759829, 47.358446077499373 ], [ 9.356535850850042, 47.371543786040313 ], [ 9.359251080596938, 47.373388007293677 ], [ 9.358357407337568, 47.377991306739929 ], [ 9.349839096742874, 47.383116896767632 ], [ 9.358348623751276, 47.385099018262075 ], [ 9.371293622002145, 47.38407337582499 ], [ 9.376293395085259, 47.386778648339906 ], [ 9.379302450329094, 47.385738455804578 ] ] ], [ [ [ 9.572146860491156, 47.413098949743741 ], [ 9.573638325206799, 47.407322014024381 ], [ 9.570014270263091, 47.406183273671097 ], [ 9.564916461822012, 47.405305492187239 ], [ 9.562406121101564, 47.408593980238571 ], [ 9.553075950480308, 47.407835163500437 ], [ 9.551250156453353, 47.409919975217107 ], [ 9.542381155296965, 47.408192368193255 ], [ 9.555320879205736, 47.396628232666082 ], [ 9.55299536133789, 47.393791643552035 ], [ 9.547550076161819, 47.393135418362448 ], [ 9.543109360190371, 47.395096883042079 ], [ 9.545282186865315, 47.398440301969828 ], [ 9.542606517971889, 47.400144594788458 ], [ 9.509008339042703, 47.394552547039623 ], [ 9.512208292415217, 47.397446263042731 ], [ 9.510757007012687, 47.402375841345318 ], [ 9.532828514655977, 47.410633260810407 ], [ 9.527415107119442, 47.410488333239762 ], [ 9.522766430132965, 47.41396427268154 ], [ 9.526922505701563, 47.414824949643275 ], [ 9.523442807334861, 47.421419825335377 ], [ 9.526494735579554, 47.423182175829119 ], [ 9.537413145661439, 47.42572857255324 ], [ 9.538947448721732, 47.431683909155197 ], [ 9.546986608515541, 47.429774061268404 ], [ 9.548498483368983, 47.42777605324666 ], [ 9.554740235576732, 47.42669921392973 ], [ 9.554128907640147, 47.423327395955468 ], [ 9.558906336473189, 47.418299851129774 ], [ 9.576903426517267, 47.415359354491081 ], [ 9.572146860491156, 47.413098949743741 ] ] ], [ [ [ 9.568976553788296, 47.438533805684195 ], [ 9.571537062465742, 47.4339392499596 ], [ 9.593208092777539, 47.435669699585915 ], [ 9.593094297611051, 47.434169245009016 ], [ 9.604979531723471, 47.436871273287139 ], [ 9.617908024696177, 47.437168090527074 ], [ 9.607139306744537, 47.431621217944432 ], [ 9.588233598786994, 47.425451235401496 ], [ 9.589391288765333, 47.421290853213364 ], [ 9.604785628978121, 47.414192149747002 ], [ 9.582881873783812, 47.409769084089341 ], [ 9.580380776584901, 47.410526280687456 ], [ 9.585851055971043, 47.413061008220971 ], [ 9.585333167417, 47.414681184033064 ], [ 9.581654303159331, 47.415163363189869 ], [ 9.58308478919572, 47.420400346560037 ], [ 9.568238860395752, 47.421106787450988 ], [ 9.567302791908883, 47.422230717637561 ], [ 9.575181877614039, 47.425639293105107 ], [ 9.570519151362191, 47.428721543079703 ], [ 9.569177904928805, 47.427675585882639 ], [ 9.56252348070902, 47.429039711390537 ], [ 9.558543707907866, 47.431650038265154 ], [ 9.558753938740837, 47.433931511270764 ], [ 9.565983192073688, 47.438885476171485 ], [ 9.568976553788296, 47.438533805684195 ] ] ] ] } },
{ "type": "Feature", "properties": { "bezirk_id": "B_1721" }, "geometry": { "type": "Polygon", "coordinates": [ [ [ 9.339610262811265, 47.531892294105106 ], [ 9.340394223477052, 47.527075331179866 ], [ 9.338349280192149, 47.524490936662566 ], [ 9.343421914641215, 47.520017329174742 ], [ 9.356449664966702, 47.519631330178825 ], [ 9.355732351409719, 47.516314503244054 ], [ 9.348399669698441, 47.513989740445425 ], [ 9.345852728130566, 47.511520616732156 ], [ 9.348361889280488, 47.511137382379189 ], [ 9.343098650976538, 47.506923766391502 ], [ 9.339324524918457, 47.507201717164307 ], [ 9.337498176937393, 47.501051098298404 ], [ 9.341454171027859, 47.503640097808081 ], [ 9.356258252681844, 47.500345937466726 ], [ 9.357960885995059, 47.504114262403824 ], [ 9.364307976011816, 47.501570764677766 ], [ 9.37446124170717, 47.499665039726203 ], [ 9.373076039794885, 47.494434175891158 ], [ 9.368099705259176, 47.493014820251943 ], [ 9.369835706008033, 47.488550523328641 ], [ 9.368547023074425, 47.487420455358404 ], [ 9.367374725581366, 47.484741011635577 ], [ 9.372684671035259, 47.485866920457724 ], [ 9.370897716432836, 47.478330586779897 ], [ 9.378796635284631, 47.480231635907543 ], [ 9.391728586541209, 47.474615999381605 ], [ 9.391306262465479, 47.476485453570234 ], [ 9.396526499475243, 47.475182657918879 ], [ 9.399153914523268, 47.478062103657884 ], [ 9.402271692005824, 47.475166246602235 ], [ 9.411261494810459, 47.476047925653837 ], [ 9.411813968884239, 47.472340818879715 ], [ 9.404067961145376, 47.467758377043388 ], [ 9.401600359307317, 47.45230777138589 ], [ 9.413645108348648, 47.451976707952142 ], [ 9.416802122558961, 47.449484584364306 ], [ 9.419700840575551, 47.452529884225918 ], [ 9.420847621009726, 47.451268659400014 ], [ 9.425147763063171, 47.452760321049851 ], [ 9.429414553027499, 47.450518680475838 ], [ 9.431175514826865, 47.444415415702707 ], [ 9.428420543428121, 47.44167381373942 ], [ 9.429675054506301, 47.440113735510472 ], [ 9.434996752504913, 47.440219887453495 ], [ 9.445366008725797, 47.444412886745788 ], [ 9.457310716369847, 47.445689440699432 ], [ 9.462643120230796, 47.44815136473516 ], [ 9.464498103621237, 47.447057226150434 ], [ 9.477912877760357, 47.44859380635107 ], [ 9.482929911658472, 47.450754475315271 ], [ 9.481789927667345, 47.451809289055298 ], [ 9.490277044469551, 47.453476415750693 ], [ 9.491074483910472, 47.451797800788704 ], [ 9.496695073355836, 47.451364998648685 ], [ 9.500086036772602, 47.456720855042988 ], [ 9.517444270539359, 47.463005009754518 ], [ 9.521032950284157, 47.465882513430081 ], [ 9.529552908402966, 47.464919046169172 ], [ 9.526187238932856, 47.459959425769974 ], [ 9.530996725037266, 47.454330126076492 ], [ 9.526237517621597, 47.453804441222232 ], [ 9.523748773644925, 47.45147816037332 ], [ 9.508457309473005, 47.449238638121237 ], [ 9.491662921625657, 47.441611616772306 ], [ 9.467935670250307, 47.438080855885111 ], [ 9.45175844495729, 47.431094118807458 ], [ 9.44391364361827, 47.434028562828843 ], [ 9.434888236112798, 47.434499684827813 ], [ 9.432454685775728, 47.42950066583893 ], [ 9.434915045500848, 47.42107569190329 ], [ 9.43009781773959, 47.417748941427163 ], [ 9.432965429145172, 47.41397471211323 ], [ 9.430539922819701, 47.411497382593112 ], [ 9.428636866650439, 47.41270878749102 ], [ 9.427876669895461, 47.41045462656384 ], [ 9.429886837127629, 47.409628259000762 ], [ 9.425805116125476, 47.407152376278042 ], [ 9.412924051428767, 47.40538488467763 ], [ 9.409133735369227, 47.402516576752888 ], [ 9.3974703792623, 47.400663630210794 ], [ 9.391268293339218, 47.401371431273354 ], [ 9.385741424063301, 47.406053158046504 ], [ 9.370691798666186, 47.407655357202131 ], [ 9.357643412098989, 47.402294784164752 ], [ 9.353977279094838, 47.403525217442819 ], [ 9.339717440567346, 47.399784171493785 ], [ 9.325696129512512, 47.400472909748771 ], [ 9.319954790870927, 47.397741572458408 ], [ 9.303579863230306, 47.395155144420691 ], [ 9.294141453982338, 47.396917558376273 ], [ 9.27941061335601, 47.398151875363268 ], [ 9.278982658019766, 47.399571168738682 ], [ 9.27183867802605, 47.401052248461475 ], [ 9.268096740139072, 47.399357227755353 ], [ 9.264756466049667, 47.401254384887395 ], [ 9.258443469841801, 47.398762986183804 ], [ 9.25516997211073, 47.40107265252265 ], [ 9.251049154148321, 47.400687548543317 ], [ 9.236720668049513, 47.396233257002997 ], [ 9.232750198910608, 47.396362467904929 ], [ 9.232476528967235, 47.398071561494092 ], [ 9.219600849950764, 47.40168972567583 ], [ 9.215267824391317, 47.412057123302638 ], [ 9.220474231334673, 47.415557543094017 ], [ 9.215848046715927, 47.41713119024957 ], [ 9.219059620672201, 47.426761911623778 ], [ 9.212607935082996, 47.432861706727074 ], [ 9.214966749836114, 47.43520952431976 ], [ 9.213045651795287, 47.436048702304127 ], [ 9.214616848786751, 47.439425202972764 ], [ 9.221885677710867, 47.44068075980524 ], [ 9.219737304145609, 47.443844615050892 ], [ 9.224201158865039, 47.446456681995116 ], [ 9.237816524672544, 47.440829775161909 ], [ 9.240572939753511, 47.44156053832738 ], [ 9.242555342205426, 47.449968265669249 ], [ 9.245432194847872, 47.452667254020866 ], [ 9.241378447455391, 47.453594176431082 ], [ 9.239267539511616, 47.457846368587361 ], [ 9.243426296297372, 47.465086598907092 ], [ 9.236100729646225, 47.47404406861709 ], [ 9.239139801211183, 47.477586340134948 ], [ 9.237021748418474, 47.480875946766375 ], [ 9.239055330917164, 47.480970267481609 ], [ 9.244731161291934, 47.480072135290506 ], [ 9.247041753538245, 47.475825757066112 ], [ 9.251545245873363, 47.474810653375847 ], [ 9.263402328735951, 47.474651218674786 ], [ 9.278361594168617, 47.479398302102126 ], [ 9.281169399793415, 47.483069138438061 ], [ 9.298508559505716, 47.477195908898757 ], [ 9.320912467367425, 47.490814138320999 ], [ 9.317236045844886, 47.500212216846634 ], [ 9.314067575699852, 47.50071342531907 ], [ 9.308646408258356, 47.497562427180142 ], [ 9.308861418384909, 47.501409426579009 ], [ 9.306795037616746, 47.502297458582511 ], [ 9.309155825765719, 47.506379689784758 ], [ 9.314984986257162, 47.506393301108155 ], [ 9.316976844457951, 47.508655085197731 ], [ 9.303355589168886, 47.515514640803836 ], [ 9.302657755722098, 47.512278188354408 ], [ 9.299408895196711, 47.512024579160112 ], [ 9.29783796891981, 47.509251948597971 ], [ 9.29540501386229, 47.509542897465614 ], [ 9.291543502621618, 47.50656400211713 ], [ 9.286492450716977, 47.507544382046383 ], [ 9.280680763455877, 47.506071356968249 ], [ 9.27153864569584, 47.507827113670871 ], [ 9.268871181893996, 47.511719734337667 ], [ 9.275412334461659, 47.513109519798512 ], [ 9.280394936338558, 47.510133542677515 ], [ 9.279572764462838, 47.513997043830962 ], [ 9.282604456952651, 47.514497569848302 ], [ 9.285011083027555, 47.518408595261825 ], [ 9.282354278608661, 47.520682016566553 ], [ 9.293593994665388, 47.522706589504445 ], [ 9.296310679799916, 47.524435311075131 ], [ 9.301345402266131, 47.524084537456098 ], [ 9.302727972391196, 47.526392338938813 ], [ 9.312949825164781, 47.522098000652463 ], [ 9.312158779477683, 47.527535610388668 ], [ 9.316695592068815, 47.528874547841333 ], [ 9.315443860415298, 47.53028927722378 ], [ 9.319245405834346, 47.531487094226435 ], [ 9.328767026086878, 47.528426241969115 ], [ 9.329701585263452, 47.52967947579468 ], [ 9.337148277087239, 47.52879293358702 ], [ 9.339610262811265, 47.531892294105106 ] ] ] } },
{ "type": "Feature", "properties": { "bezirk_id": "B_1722" }, "geometry": { "type": "MultiPolygon", "coordinates": [ [ [ [ 9.388936701573884, 47.481429381112029 ], [ 9.391306262465479, 47.476485453570234 ], [ 9.391728586541209, 47.474615999381605 ], [ 9.378796635284631, 47.480231635907543 ], [ 9.370897716432836, 47.478330586779897 ], [ 9.372684671035259, 47.485866920457724 ], [ 9.380610825089093, 47.486300947863164 ], [ 9.385072077583901, 47.481997538061016 ], [ 9.388936701573884, 47.481429381112029 ] ] ], [ [ [ 9.448961818019081, 47.500967973077252 ], [ 9.449627235024542, 47.492238475354121 ], [ 9.453613981562418, 47.491656299215009 ], [ 9.452941427178846, 47.490021582344589 ], [ 9.465698956224335, 47.487972416004013 ], [ 9.464183114369744, 47.484418191085403 ], [ 9.476290439981726, 47.489342844022048 ], [ 9.478956787409965, 47.483420844139246 ], [ 9.482856908846752, 47.481300685251831 ], [ 9.497613820175015, 47.478528813792288 ], [ 9.510941851043016, 47.479991269939553 ], [ 9.5295587937246, 47.481266760223676 ], [ 9.542509386828351, 47.485557533650621 ], [ 9.545474123931657, 47.490703936518344 ], [ 9.554479297535186, 47.496837627823489 ], [ 9.554703039966226, 47.501261493761227 ], [ 9.561104613996202, 47.499181522901118 ], [ 9.564142012619264, 47.493604012470506 ], [ 9.576392016595983, 47.486614508394325 ], [ 9.57553421308662, 47.483944574392247 ], [ 9.582805576107489, 47.478627598856022 ], [ 9.574611559432102, 47.471221473263284 ], [ 9.573994290074571, 47.46708511675623 ], [ 9.576982302123966, 47.467479774558264 ], [ 9.576641742748601, 47.46296941720378 ], [ 9.562024928102813, 47.462734878045403 ], [ 9.558033653328977, 47.464787492892349 ], [ 9.552877956781266, 47.463982756448182 ], [ 9.545837397360907, 47.464038659563514 ], [ 9.54714931845567, 47.467010823977759 ], [ 9.543374371948182, 47.46885203405396 ], [ 9.532520614221864, 47.467843419006982 ], [ 9.529552908402966, 47.464919046169172 ], [ 9.521032950284157, 47.465882513430081 ], [ 9.517444270539359, 47.463005009754518 ], [ 9.500086036772602, 47.456720855042988 ], [ 9.496695073355836, 47.451364998648685 ], [ 9.491074483910472, 47.451797800788704 ], [ 9.490277044469551, 47.453476415750693 ], [ 9.481789927667345, 47.451809289055298 ], [ 9.482929911658472, 47.450754475315271 ], [ 9.477912877760357, 47.44859380635107 ], [ 9.464498103621237, 47.447057226150434 ], [ 9.462643120230796, 47.44815136473516 ], [ 9.457310716369847, 47.445689440699432 ], [ 9.445366008725797, 47.444412886745788 ], [ 9.434996752504913, 47.440219887453495 ], [ 9.429675054506301, 47.440113735510472 ], [ 9.428420543428121, 47.44167381373942 ], [ 9.431175514826865, 47.444415415702707 ], [ 9.429414553027499, 47.450518680475838 ], [ 9.425147763063171, 47.452760321049851 ], [ 9.420847621009726, 47.451268659400014 ], [ 9.419700840575551, 47.452529884225918 ], [ 9.416802122558961, 47.449484584364306 ], [ 9.413645108348648, 47.451976707952142 ], [ 9.401600359307317, 47.45230777138589 ], [ 9.404067961145376, 47.467758377043388 ], [ 9.411813968884239, 47.472340818879715 ], [ 9.411261494810459, 47.476047925653837 ], [ 9.402271692005824, 47.475166246602235 ], [ 9.399153914523268, 47.478062103657884 ], [ 9.402269431234389, 47.482291717178541 ], [ 9.400811571573946, 47.485942136908378 ], [ 9.404027234015931, 47.487120111142488 ], [ 9.406194492458564, 47.493677882364878 ], [ 9.409748119939431, 47.493572421698332 ], [ 9.415782128678471, 47.497697952133066 ], [ 9.421445822527474, 47.496854320587609 ], [ 9.425086538868634, 47.501560166522339 ], [ 9.435906953783391, 47.506861973683797 ], [ 9.44592761879597, 47.505698978499616 ], [ 9.448961818019081, 47.500967973077252 ] ] ] ] } },
{ "type": "Feature", "properties": { "bezirk_id": "B_1723" }, "geometry": { "type": "Polygon", "coordinates": [ [ [ 9.583400012591095, 47.481221509778095 ], [ 9.594817513717816, 47.463622004938657 ], [ 9.600866504957928, 47.461591008333329 ], [ 9.603570504942716, 47.462381012225734 ], [ 9.607249003183638, 47.470328510583393 ], [ 9.611599011820973, 47.469444003888086 ], [ 9.622324501430917, 47.457486006454175 ], [ 9.654435005554088, 47.454251003154518 ], [ 9.659449502074805, 47.451382506135857 ], [ 9.658005014565077, 47.4477895106833 ], [ 9.650802511313636, 47.442744009337936 ], [ 9.644318013172398, 47.435216511097465 ], [ 9.650899011136801, 47.416432008581317 ], [ 9.651635511122491, 47.404626508378271 ], [ 9.654392511705884, 47.404400011988315 ], [ 9.660106511562743, 47.397546007514265 ], [ 9.673578508801526, 47.391291011758256 ], [ 9.673370517094696, 47.381510510559856 ], [ 9.670271013704273, 47.377437008359706 ], [ 9.662428012799065, 47.371081004465303 ], [ 9.649545512257253, 47.367446012375162 ], [ 9.63539150463501, 47.367370006134692 ], [ 9.626292511422513, 47.365080513748765 ], [ 9.624479517176928, 47.36614500292427 ], [ 9.619674009303084, 47.362435007795341 ], [ 9.60072701446779, 47.346901014149608 ], [ 9.596352502686241, 47.33752000679668 ], [ 9.588288516420976, 47.317544004147507 ], [ 9.581559513127553, 47.311122511344017 ], [ 9.565732504704606, 47.304184009258037 ], [ 9.559226016701601, 47.300191511033432 ], [ 9.543458164677668, 47.278202951508383 ], [ 9.530749002440134, 47.270581010840957 ], [ 9.529812013093007, 47.269381507313732 ], [ 9.520342658435752, 47.268932328144572 ], [ 9.513596693622025, 47.270862540230254 ], [ 9.509339998407293, 47.274610153925053 ], [ 9.501630883218807, 47.277645655956725 ], [ 9.492482820819648, 47.27869981707908 ], [ 9.484820535922216, 47.283685796466756 ], [ 9.487725484645299, 47.288402886256058 ], [ 9.489203840603503, 47.302097824697171 ], [ 9.496110816456818, 47.305933685461945 ], [ 9.492647912754881, 47.312878513665893 ], [ 9.49838974664786, 47.31870545251968 ], [ 9.502803245239818, 47.337359303433189 ], [ 9.502979110504029, 47.347370312588609 ], [ 9.502440534622027, 47.354316957052333 ], [ 9.498969705730007, 47.36180181878656 ], [ 9.500883740352194, 47.368146777579149 ], [ 9.498918702549673, 47.369387511326991 ], [ 9.505046594876502, 47.374406485326801 ], [ 9.502966471956283, 47.37507351226288 ], [ 9.502452347439721, 47.384026060622318 ], [ 9.507697672074199, 47.392875541531694 ], [ 9.509008339042703, 47.394552547039623 ], [ 9.542606517971889, 47.400144594788458 ], [ 9.545282186865315, 47.398440301969828 ], [ 9.543109360190371, 47.395096883042079 ], [ 9.547550076161819, 47.393135418362448 ], [ 9.55299536133789, 47.393791643552035 ], [ 9.555320879205736, 47.396628232666082 ], [ 9.567027633045928, 47.400954822997136 ], [ 9.576411993846712, 47.404112599536489 ], [ 9.574445688233205, 47.40564255541863 ], [ 9.582979551887957, 47.408903510831941 ], [ 9.582881873783812, 47.409769084089341 ], [ 9.604785628978121, 47.414192149747002 ], [ 9.589391288765333, 47.421290853213364 ], [ 9.588233598786994, 47.425451235401496 ], [ 9.607139306744537, 47.431621217944432 ], [ 9.617908024696177, 47.437168090527074 ], [ 9.626116243211714, 47.439091474375459 ], [ 9.629799630214633, 47.43997545064645 ], [ 9.629750961065985, 47.444268206453202 ], [ 9.611330153575791, 47.449501519922251 ], [ 9.596928448296637, 47.456447354397625 ], [ 9.595853087489905, 47.458716771958038 ], [ 9.588812583313496, 47.457831198674768 ], [ 9.589174913218189, 47.459246046152025 ], [ 9.576641742748601, 47.46296941720378 ], [ 9.576982302123966, 47.467479774558264 ], [ 9.573994290074571, 47.46708511675623 ], [ 9.574611559432102, 47.471221473263284 ], [ 9.582805576107489, 47.478627598856022 ], [ 9.57553421308662, 47.483944574392247 ], [ 9.576392016595983, 47.486614508394325 ], [ 9.583400012591095, 47.481221509778095 ] ] ] } },
{ "type": "Feature", "properties": { "bezirk_id": "B_1724" }, "geometry": { "type": "Polygon", "coordinates": [ [ [ 9.513596693622025, 47.270862540230254 ], [ 9.520342658435752, 47.268932328144572 ], [ 9.529812013093007, 47.269381507313732 ], [ 9.529440504258757, 47.262595013945202 ], [ 9.520324014817607, 47.244045011191446 ], [ 9.510388006433034, 47.231780504714337 ], [ 9.502722503940323, 47.222793504960499 ], [ 9.496120008793863, 47.206707509464685 ], [ 9.490223509023499, 47.198247011512855 ], [ 9.487608015184867, 47.190294508873365 ], [ 9.486198001533227, 47.177956507432953 ], [ 9.495433012094097, 47.156944014535888 ], [ 9.503737508789255, 47.147221011646415 ], [ 9.509223505600307, 47.140050012787462 ], [ 9.515220010346894, 47.121946011490195 ], [ 9.517156502058731, 47.115126511713292 ], [ 9.52034400312122, 47.100150003664631 ], [ 9.512247007857345, 47.085359514623541 ], [ 9.474911009377154, 47.065890504423187 ], [ 9.472395522932571, 47.067968513345974 ], [ 9.465898206120956, 47.065402050784812 ], [ 9.46391114914926, 47.06822649828311 ], [ 9.460524230070513, 47.068511154594013 ], [ 9.446348731678746, 47.066258545433826 ], [ 9.437229899228132, 47.068919094072875 ], [ 9.430055479019051, 47.064742801509013 ], [ 9.414515781674137, 47.080424605197443 ], [ 9.403511470827159, 47.079191803927039 ], [ 9.402170561395002, 47.081419194996329 ], [ 9.396624337074403, 47.086084758070285 ], [ 9.395948059038897, 47.089929319189963 ], [ 9.393737179417748, 47.089634064913959 ], [ 9.385467165467162, 47.097701524640264 ], [ 9.380186911052039, 47.09924852627605 ], [ 9.375842197596159, 47.10481044767171 ], [ 9.382913278130864, 47.10611261099659 ], [ 9.389422331407003, 47.102106264285553 ], [ 9.395246018572443, 47.10208818980211 ], [ 9.400276947231951, 47.103451013265186 ], [ 9.409494525904565, 47.110428427665575 ], [ 9.408011733790286, 47.11418790682378 ], [ 9.400460988813224, 47.120345534741766 ], [ 9.395218407432949, 47.130908187281861 ], [ 9.387499857843002, 47.13075140950825 ], [ 9.383065244544127, 47.135703221400661 ], [ 9.356890284660995, 47.133443789895715 ], [ 9.352635768594919, 47.135404196227633 ], [ 9.350642699825146, 47.138667470173566 ], [ 9.352208697015868, 47.141898504012481 ], [ 9.348485931331298, 47.144740636206272 ], [ 9.328018097129705, 47.146212526015098 ], [ 9.328626451606493, 47.147381187775196 ], [ 9.324604122239361, 47.148131045734949 ], [ 9.317936878109176, 47.153935564486879 ], [ 9.322401676229219, 47.168735150874554 ], [ 9.330400876907461, 47.170340347045006 ], [ 9.331021925691012, 47.174468919095624 ], [ 9.350287000674399, 47.185559060227916 ], [ 9.364099158223127, 47.189062655552441 ], [ 9.375191619629883, 47.1884895942257 ], [ 9.380767347488934, 47.195557588234877 ], [ 9.384147966021796, 47.197712663013242 ], [ 9.387434319054126, 47.197344133756552 ], [ 9.391400532981628, 47.201891800623173 ], [ 9.393596021659, 47.20127868674416 ], [ 9.392764516811219, 47.203812101329696 ], [ 9.397222907087787, 47.209467703532383 ], [ 9.392278009768855, 47.208562023520564 ], [ 9.393747394639858, 47.210831424389703 ], [ 9.389547066022995, 47.22562248389125 ], [ 9.401415650248516, 47.232312794236606 ], [ 9.400204813807852, 47.234951676847764 ], [ 9.402416597226459, 47.23762220225106 ], [ 9.414725813624242, 47.246463061859657 ], [ 9.42478567863991, 47.24694683937404 ], [ 9.437706665253256, 47.250790167119206 ], [ 9.451822389230905, 47.260333616963386 ], [ 9.461146578832428, 47.263994250577213 ], [ 9.484820535922216, 47.283685796466756 ], [ 9.492482820819648, 47.27869981707908 ], [ 9.501630883218807, 47.277645655956725 ], [ 9.509339998407293, 47.274610153925053 ], [ 9.513596693622025, 47.270862540230254 ] ] ] } },
{ "type": "Feature", "properties": { "bezirk_id": "B_1725" }, "geometry": { "type": "Polygon", "coordinates": [ [ [ 9.312645250214155, 47.154615757632726 ], [ 9.317399404742996, 47.15177598131114 ], [ 9.319431498931911, 47.147675939856619 ], [ 9.328018097129705, 47.146212526015098 ], [ 9.348485931331298, 47.144740636206272 ], [ 9.352208697015868, 47.141898504012481 ], [ 9.350642699825146, 47.138667470173566 ], [ 9.352635768594919, 47.135404196227633 ], [ 9.356890284660995, 47.133443789895715 ], [ 9.383065244544127, 47.135703221400661 ], [ 9.387499857843002, 47.13075140950825 ], [ 9.395218407432949, 47.130908187281861 ], [ 9.400460988813224, 47.120345534741766 ], [ 9.408011733790286, 47.11418790682378 ], [ 9.409494525904565, 47.110428427665575 ], [ 9.400276947231951, 47.103451013265186 ], [ 9.395246018572443, 47.10208818980211 ], [ 9.389422331407003, 47.102106264285553 ], [ 9.382913278130864, 47.10611261099659 ], [ 9.375842197596159, 47.10481044767171 ], [ 9.380186911052039, 47.09924852627605 ], [ 9.385467165467162, 47.097701524640264 ], [ 9.393737179417748, 47.089634064913959 ], [ 9.395948059038897, 47.089929319189963 ], [ 9.396624337074403, 47.086084758070285 ], [ 9.402170561395002, 47.081419194996329 ], [ 9.403511470827159, 47.079191803927039 ], [ 9.414515781674137, 47.080424605197443 ], [ 9.430055479019051, 47.064742801509013 ], [ 9.437229899228132, 47.068919094072875 ], [ 9.446348731678746, 47.066258545433826 ], [ 9.460524230070513, 47.068511154594013 ], [ 9.46391114914926, 47.06822649828311 ], [ 9.465898206120956, 47.065402050784812 ], [ 9.472395522932571, 47.067968513345974 ], [ 9.474911009377154, 47.065890504423187 ], [ 9.472235014516679, 47.06129501287672 ], [ 9.476047506640237, 47.05179750477231 ], [ 9.47762602394004, 47.049339794672662 ], [ 9.48518284458285, 47.040444213800967 ], [ 9.491730977077513, 47.033598299867229 ], [ 9.506839810919805, 47.018322199788507 ], [ 9.510205321084513, 47.010756952929597 ], [ 9.516823209471434, 47.002286833788077 ], [ 9.545717273545646, 46.976734985592302 ], [ 9.541257999258002, 46.974324350690729 ], [ 9.523729760798618, 46.972530053453312 ], [ 9.517391137674032, 46.968398029344769 ], [ 9.518466607546939, 46.955780865349112 ], [ 9.504568642697157, 46.953548847679492 ], [ 9.498427594581157, 46.944877128771786 ], [ 9.496099280339097, 46.940347855285253 ], [ 9.492863886363709, 46.939227166952449 ], [ 9.493712661871131, 46.937718222374599 ], [ 9.486521765579328, 46.9355255027791 ], [ 9.485721202857635, 46.930374813324555 ], [ 9.477768311726736, 46.920528672780968 ], [ 9.478569318343416, 46.915682330873338 ], [ 9.487986973508747, 46.912292704247321 ], [ 9.482277291804808, 46.908210593667128 ], [ 9.475421039626445, 46.906416190434051 ], [ 9.467281910074917, 46.899839063311937 ], [ 9.467721928981389, 46.896888828433447 ], [ 9.469735793425269, 46.891472126772193 ], [ 9.46681565652335, 46.886088972312791 ], [ 9.455920722872019, 46.88639859279008 ], [ 9.454469716524299, 46.884453555154536 ], [ 9.454277714322108, 46.876880410580014 ], [ 9.448866191442999, 46.872881448490716 ], [ 9.433097389764338, 46.884639220098435 ], [ 9.416088285926236, 46.890498132281309 ], [ 9.397796249500706, 46.89279241072569 ], [ 9.381700836501814, 46.897635105210291 ], [ 9.361238089937221, 46.897332905091098 ], [ 9.34702575834838, 46.899667338494083 ], [ 9.343130399027372, 46.898283573936844 ], [ 9.33864236430847, 46.902038321534121 ], [ 9.321893100298341, 46.900596600837098 ], [ 9.309930152175692, 46.905768641150779 ], [ 9.293301989631216, 46.907083061398374 ], [ 9.286485083553766, 46.905087857531726 ], [ 9.275340957803435, 46.907066793344505 ], [ 9.266626910474621, 46.903697209037567 ], [ 9.256378542380046, 46.908494242524455 ], [ 9.254346004552861, 46.913232274456881 ], [ 9.248880733853884, 46.916261062608854 ], [ 9.251505557214312, 46.922058982369542 ], [ 9.250238297907091, 46.924202480531605 ], [ 9.253228362376746, 46.92718732566032 ], [ 9.24965065437973, 46.935602745341463 ], [ 9.240178750681459, 46.939099248525046 ], [ 9.236298408198536, 46.944837680268414 ], [ 9.236755429153412, 46.954565843625531 ], [ 9.24571257715829, 46.957942936392968 ], [ 9.243292176824083, 46.966474764754835 ], [ 9.246531014632513, 46.978741320863726 ], [ 9.243629593883295, 46.982377059484612 ], [ 9.246573742848176, 46.987036351313108 ], [ 9.245372133108399, 46.991572041126254 ], [ 9.249911545244725, 46.995162387481543 ], [ 9.24797191001832, 47.000429555056904 ], [ 9.242771854102987, 47.006926692526243 ], [ 9.242872649688751, 47.014617928066805 ], [ 9.236411710992618, 47.023986735272828 ], [ 9.230233618656113, 47.025738920932667 ], [ 9.222332989374289, 47.033077934816276 ], [ 9.22000613496316, 47.0331500783672 ], [ 9.214709453296038, 47.03295328328214 ], [ 9.208421436538922, 47.035812635485037 ], [ 9.201689172377217, 47.035187506890637 ], [ 9.180558445342793, 47.026000181560022 ], [ 9.17534817487507, 47.028850336111205 ], [ 9.168329105071431, 47.026635099783093 ], [ 9.156337167969257, 47.030171249511838 ], [ 9.138161322803466, 47.039187176707323 ], [ 9.153571713810777, 47.047388223966294 ], [ 9.16874930557506, 47.049859561089171 ], [ 9.171313522896586, 47.052627999130642 ], [ 9.174574562410568, 47.052920613301005 ], [ 9.182278677992809, 47.058274129769636 ], [ 9.191805091887794, 47.072596542128437 ], [ 9.188733088293295, 47.084987548169721 ], [ 9.190891466861045, 47.090568869801395 ], [ 9.186204862736355, 47.097532093258906 ], [ 9.188900607566202, 47.116726907799325 ], [ 9.20852867326281, 47.114024007207483 ], [ 9.216891993226991, 47.115838265771274 ], [ 9.226256557455804, 47.112094070530411 ], [ 9.248452590131793, 47.113725976281565 ], [ 9.255540809716523, 47.116763154885454 ], [ 9.280223619832213, 47.11358102104532 ], [ 9.293604113035839, 47.116334908653918 ], [ 9.299224928314141, 47.118403402487878 ], [ 9.302102152131786, 47.125707649193728 ], [ 9.300641577788143, 47.128817425439102 ], [ 9.277874690507351, 47.129993789369614 ], [ 9.272223880744388, 47.128599526559903 ], [ 9.251940261979394, 47.130315919871641 ], [ 9.21494444220175, 47.128644363087105 ], [ 9.190855925982996, 47.132576983549455 ], [ 9.189361747513919, 47.139698439686576 ], [ 9.1910369584036, 47.141328374352227 ], [ 9.210438551758941, 47.145853431075331 ], [ 9.220039086261139, 47.145462149909555 ], [ 9.2301349132737, 47.144900398746387 ], [ 9.238335795685654, 47.148776052861898 ], [ 9.255517612309955, 47.152590548208217 ], [ 9.266668289484368, 47.151217174056903 ], [ 9.288003671233858, 47.154528877063647 ], [ 9.303580862100613, 47.153395539924539 ], [ 9.312645250214155, 47.154615757632726 ] ] ] } },
{ "type": "Feature", "properties": { "bezirk_id": "B_1726" }, "geometry": { "type": "Polygon", "coordinates": [ [ [ 9.038067054749629, 47.286459078508152 ], [ 9.03792927570904, 47.284949602683071 ], [ 9.047932015408044, 47.286078886565456 ], [ 9.047906779850678, 47.279979691176088 ], [ 9.040921083954231, 47.273626602015518 ], [ 9.042237697314633, 47.266851992984648 ], [ 9.046575330344016, 47.263426888416639 ], [ 9.049602635884101, 47.263456577011155 ], [ 9.050769097381533, 47.260507423532175 ], [ 9.070968189950483, 47.252504041234168 ], [ 9.073827266175755, 47.249647584321728 ], [ 9.07918881978746, 47.246548516896233 ], [ 9.086914037875626, 47.245574566096458 ], [ 9.084675897757981, 47.244113140658051 ], [ 9.087174008223252, 47.242440038763128 ], [ 9.086812081266674, 47.239701261836288 ], [ 9.097388855309843, 47.238280901332573 ], [ 9.102125915070895, 47.235567572046854 ], [ 9.10217056042643, 47.230213929468206 ], [ 9.104271659623619, 47.229400849646844 ], [ 9.103076868884759, 47.224964783380578 ], [ 9.107000826793259, 47.220787519728447 ], [ 9.104164026323341, 47.217049988885293 ], [ 9.106466226930246, 47.215082373006666 ], [ 9.105280827511079, 47.210943069917874 ], [ 9.108620779159297, 47.210084961556809 ], [ 9.114123899095674, 47.199055972731763 ], [ 9.122881545709541, 47.185837828077254 ], [ 9.126110385964358, 47.180680331469816 ], [ 9.129788189723794, 47.179726645329779 ], [ 9.147495721219927, 47.18259589037514 ], [ 9.148779624804785, 47.181479195408492 ], [ 9.166564593451236, 47.18669256792414 ], [ 9.205898748569467, 47.181290718243666 ], [ 9.21013691954562, 47.177374806903124 ], [ 9.227487632278944, 47.182477555503709 ], [ 9.233065183022713, 47.173690507744318 ], [ 9.237360626554249, 47.1735154526679 ], [ 9.230897842938058, 47.16807411851336 ], [ 9.222081144239439, 47.164792276619202 ], [ 9.219309146645603, 47.159589925450028 ], [ 9.224565430875058, 47.156224467555823 ], [ 9.220039086261139, 47.145462149909555 ], [ 9.210438551758941, 47.145853431075331 ], [ 9.1910369584036, 47.141328374352227 ], [ 9.189361747513919, 47.139698439686576 ], [ 9.190855925982996, 47.132576983549455 ], [ 9.160134219801993, 47.133706994972492 ], [ 9.152557318577335, 47.135889528790123 ], [ 9.145922240722355, 47.134548754568755 ], [ 9.143891105395355, 47.137008082884357 ], [ 9.123787113437308, 47.13919390627261 ], [ 9.114292389086151, 47.139152759026189 ], [ 9.110519856774259, 47.136148751223374 ], [ 9.10503066918238, 47.133889272510821 ], [ 9.100056507762204, 47.135040897883712 ], [ 9.098840820873335, 47.132827243961003 ], [ 9.072165539612456, 47.13007854770877 ], [ 9.066801268187087, 47.130550517857564 ], [ 9.05430819847729, 47.138122126113956 ], [ 9.008513298495792, 47.172142959177847 ], [ 9.005774393865877, 47.174123558038623 ], [ 9.004565548235542, 47.173145451755936 ], [ 8.996313350485657, 47.176550483581472 ], [ 8.997501203288033, 47.177706123131529 ], [ 8.995033574342246, 47.178940768798235 ], [ 8.982449960262405, 47.183093364868718 ], [ 8.97400756993598, 47.18204596798229 ], [ 8.970236035745474, 47.178902495475107 ], [ 8.962024162071311, 47.179659264121703 ], [ 8.961726165921142, 47.183558662241047 ], [ 8.957753003500816, 47.199309897642749 ], [ 8.964945052901903, 47.198324104384547 ], [ 8.968590139016568, 47.211311476249485 ], [ 8.97427355463501, 47.21290913184253 ], [ 8.971046312076639, 47.217315374308711 ], [ 8.96581835492267, 47.21780766654669 ], [ 8.952727872486522, 47.216694080635882 ], [ 8.941183893056536, 47.218437656600344 ], [ 8.941381021387549, 47.221691742444015 ], [ 8.945359090735133, 47.222278494065861 ], [ 8.946542019683331, 47.22442212063487 ], [ 8.917705321596948, 47.225066007239832 ], [ 8.916724032166073, 47.223009473674921 ], [ 8.909588246093829, 47.222830961617845 ], [ 8.895861597673044, 47.218237505611334 ], [ 8.882334874990379, 47.216068898460144 ], [ 8.865500056938, 47.218527790965666 ], [ 8.858729390241715, 47.222119979546996 ], [ 8.849736338543856, 47.221600806356363 ], [ 8.84821312726317, 47.218920633281527 ], [ 8.851712887689962, 47.216448787680349 ], [ 8.834553826210016, 47.216658094629537 ], [ 8.825451941388101, 47.222075751176831 ], [ 8.816223025241051, 47.222636327000437 ], [ 8.811400931340113, 47.227173924758596 ], [ 8.817515193672689, 47.229727717561993 ], [ 8.814731494290994, 47.236508009848819 ], [ 8.803929223583189, 47.237626110247128 ], [ 8.799360284367093, 47.239749242587081 ], [ 8.795751122271058, 47.23910812698 ], [ 8.796549445366237, 47.242454205971633 ], [ 8.799352663004431, 47.242043299561686 ], [ 8.802591351029381, 47.246790842949132 ], [ 8.809226849587194, 47.247962532225735 ], [ 8.826439966688952, 47.251480809770783 ], [ 8.828606043820932, 47.250438152910128 ], [ 8.832619537747316, 47.250326692034108 ], [ 8.838463513557585, 47.246963298556643 ], [ 8.844712929292502, 47.246986151860511 ], [ 8.844743040944506, 47.248632056687093 ], [ 8.851660633380176, 47.250977925408407 ], [ 8.855628303396518, 47.244364050346363 ], [ 8.861065530507851, 47.24341188673705 ], [ 8.870178230585848, 47.245296136415107 ], [ 8.87370108985218, 47.247591288780683 ], [ 8.873477202681032, 47.251552352100461 ], [ 8.88513879044155, 47.25283691262392 ], [ 8.90817079343914, 47.256764641509349 ], [ 8.908435435183845, 47.25437728941435 ], [ 8.91175242130041, 47.254874697280556 ], [ 8.935948789604369, 47.260635228208706 ], [ 8.944120109051847, 47.269237074987487 ], [ 8.940527611078235, 47.272144729253299 ], [ 8.946848851884392, 47.275066907566256 ], [ 8.947895817145321, 47.279371365088529 ], [ 8.947653315012609, 47.281791774376984 ], [ 8.945551180002278, 47.282010925172393 ], [ 8.943869198165592, 47.279558957845737 ], [ 8.941207704649079, 47.279872561693132 ], [ 8.94051160781574, 47.284262754411039 ], [ 8.933594669892972, 47.288418903463942 ], [ 8.948905862993541, 47.292177651747053 ], [ 8.957203783679477, 47.304519316002235 ], [ 8.974652834678478, 47.306969087119661 ], [ 8.985038092665206, 47.319379949697655 ], [ 8.992685616702035, 47.317594895007069 ], [ 9.000667853098484, 47.31054201787569 ], [ 9.004124854586175, 47.302587467774138 ], [ 9.010664078418369, 47.299196885982639 ], [ 9.020324399899311, 47.298075191826584 ], [ 9.026162052374623, 47.290267143120161 ], [ 9.038067054749629, 47.286459078508152 ] ] ] } },
{ "type": "Feature", "properties": { "bezirk_id": "B_1727" }, "geometry": { "type": "Polygon", "coordinates": [ [ [ 9.054606324978081, 47.443202798060405 ], [ 9.062856389808211, 47.432408951538051 ], [ 9.074165616417195, 47.431124993911666 ], [ 9.074113012139765, 47.425098383502323 ], [ 9.082222641694479, 47.421564837002016 ], [ 9.081225824815306, 47.419329985645135 ], [ 9.075374235670433, 47.418693318916453 ], [ 9.07818999975275, 47.411996293770315 ], [ 9.084087300062826, 47.411561619949865 ], [ 9.081994949155339, 47.413759459332837 ], [ 9.085162586764872, 47.415477607642522 ], [ 9.086772684598158, 47.413115663996329 ], [ 9.093865009113452, 47.411898769117002 ], [ 9.099681473643724, 47.413974383029178 ], [ 9.103555986202997, 47.41284808145879 ], [ 9.103739376898524, 47.410236549548635 ], [ 9.106645118848149, 47.411193216225058 ], [ 9.102542536293305, 47.405863655539974 ], [ 9.108377518264897, 47.405158739726282 ], [ 9.118129835721037, 47.407662276905583 ], [ 9.120802496263993, 47.405851140537322 ], [ 9.12330152920245, 47.403583662285897 ], [ 9.133226000566435, 47.403987292958476 ], [ 9.138158366963324, 47.399929489310495 ], [ 9.143583968922501, 47.40178374823428 ], [ 9.146302715516464, 47.400619055463025 ], [ 9.144221689246288, 47.39976816014908 ], [ 9.145190451636438, 47.398161506892549 ], [ 9.152099249984147, 47.393399137176885 ], [ 9.161006041734613, 47.393518568948664 ], [ 9.159136078483826, 47.387716791680965 ], [ 9.163920940407971, 47.384118829412316 ], [ 9.172366913180689, 47.384370195660459 ], [ 9.173085990297016, 47.386113699739191 ], [ 9.183748643824103, 47.384063824014049 ], [ 9.181585584651792, 47.381514509702185 ], [ 9.188193400187016, 47.370168989256968 ], [ 9.186690519067865, 47.368761310466525 ], [ 9.189433226996091, 47.366389656193959 ], [ 9.187510695559215, 47.364700462732166 ], [ 9.191514654349739, 47.362439356176914 ], [ 9.19560218333004, 47.353484860526457 ], [ 9.19272027034876, 47.353609662898769 ], [ 9.19173176879425, 47.350925714987078 ], [ 9.198694577190269, 47.347706926402495 ], [ 9.205636443899822, 47.342283852106981 ], [ 9.206345035041414, 47.339304114180138 ], [ 9.221590156540737, 47.343208020856224 ], [ 9.224846927740444, 47.342437922391476 ], [ 9.233455809914547, 47.331985125280504 ], [ 9.209798878259946, 47.320960941868897 ], [ 9.212956572675962, 47.319634882082099 ], [ 9.217788425243267, 47.307819730004816 ], [ 9.217198329948792, 47.29964179215856 ], [ 9.224551929207994, 47.2929334818283 ], [ 9.217009975037238, 47.284467134634475 ], [ 9.20817996092593, 47.280140624033358 ], [ 9.206248478695001, 47.276508570241518 ], [ 9.216900265492328, 47.270856649074332 ], [ 9.233116114115088, 47.265656994704621 ], [ 9.250304380797207, 47.265837876764976 ], [ 9.256232291752633, 47.263315345257865 ], [ 9.273762833748172, 47.27001013445215 ], [ 9.279543610749398, 47.266688005938484 ], [ 9.276329741911164, 47.265092856266932 ], [ 9.284094578999049, 47.265661523978444 ], [ 9.288456576833255, 47.261093059846672 ], [ 9.29717018813084, 47.257416979669323 ], [ 9.304546647452256, 47.259753950440562 ], [ 9.308638355113642, 47.258850879331611 ], [ 9.308855749121633, 47.254492749632384 ], [ 9.323330353902215, 47.246762210886928 ], [ 9.331682604911721, 47.249423368246205 ], [ 9.342937320759045, 47.249336820793573 ], [ 9.350079408448641, 47.244728897519963 ], [ 9.36377857432656, 47.243574011200856 ], [ 9.370441226618146, 47.240025475576346 ], [ 9.382085641389539, 47.233999269918293 ], [ 9.402416597226459, 47.23762220225106 ], [ 9.400204813807852, 47.234951676847764 ], [ 9.401415650248516, 47.232312794236606 ], [ 9.389547066022995, 47.22562248389125 ], [ 9.393747394639858, 47.210831424389703 ], [ 9.392278009768855, 47.208562023520564 ], [ 9.397222907087787, 47.209467703532383 ], [ 9.392764516811219, 47.203812101329696 ], [ 9.393596021659, 47.20127868674416 ], [ 9.391400532981628, 47.201891800623173 ], [ 9.387434319054126, 47.197344133756552 ], [ 9.384147966021796, 47.197712663013242 ], [ 9.380767347488934, 47.195557588234877 ], [ 9.375191619629883, 47.1884895942257 ], [ 9.364099158223127, 47.189062655552441 ], [ 9.350287000674399, 47.185559060227916 ], [ 9.331021925691012, 47.174468919095624 ], [ 9.330400876907461, 47.170340347045006 ], [ 9.322401676229219, 47.168735150874554 ], [ 9.317936878109176, 47.153935564486879 ], [ 9.324604122239361, 47.148131045734949 ], [ 9.328626451606493, 47.147381187775196 ], [ 9.328018097129705, 47.146212526015098 ], [ 9.319431498931911, 47.147675939856619 ], [ 9.317399404742996, 47.15177598131114 ], [ 9.312645250214155, 47.154615757632726 ], [ 9.303580862100613, 47.153395539924539 ], [ 9.288003671233858, 47.154528877063647 ], [ 9.266668289484368, 47.151217174056903 ], [ 9.255517612309955, 47.152590548208217 ], [ 9.238335795685654, 47.148776052861898 ], [ 9.2301349132737, 47.144900398746387 ], [ 9.220039086261139, 47.145462149909555 ], [ 9.224565430875058, 47.156224467555823 ], [ 9.219309146645603, 47.159589925450028 ], [ 9.222081144239439, 47.164792276619202 ], [ 9.230897842938058, 47.16807411851336 ], [ 9.237360626554249, 47.1735154526679 ], [ 9.233065183022713, 47.173690507744318 ], [ 9.227487632278944, 47.182477555503709 ], [ 9.21013691954562, 47.177374806903124 ], [ 9.205898748569467, 47.181290718243666 ], [ 9.166564593451236, 47.18669256792414 ], [ 9.148779624804785, 47.181479195408492 ], [ 9.147495721219927, 47.18259589037514 ], [ 9.129788189723794, 47.179726645329779 ], [ 9.126110385964358, 47.180680331469816 ], [ 9.122881545709541, 47.185837828077254 ], [ 9.114123899095674, 47.199055972731763 ], [ 9.108620779159297, 47.210084961556809 ], [ 9.105280827511079, 47.210943069917874 ], [ 9.106466226930246, 47.215082373006666 ], [ 9.104164026323341, 47.217049988885293 ], [ 9.107000826793259, 47.220787519728447 ], [ 9.103076868884759, 47.224964783380578 ], [ 9.104271659623619, 47.229400849646844 ], [ 9.10217056042643, 47.230213929468206 ], [ 9.102125915070895, 47.235567572046854 ], [ 9.097388855309843, 47.238280901332573 ], [ 9.086812081266674, 47.239701261836288 ], [ 9.087174008223252, 47.242440038763128 ], [ 9.084675897757981, 47.244113140658051 ], [ 9.086914037875626, 47.245574566096458 ], [ 9.07918881978746, 47.246548516896233 ], [ 9.073827266175755, 47.249647584321728 ], [ 9.070968189950483, 47.252504041234168 ], [ 9.050769097381533, 47.260507423532175 ], [ 9.049602635884101, 47.263456577011155 ], [ 9.046575330344016, 47.263426888416639 ], [ 9.042237697314633, 47.266851992984648 ], [ 9.040921083954231, 47.273626602015518 ], [ 9.047906779850678, 47.279979691176088 ], [ 9.047932015408044, 47.286078886565456 ], [ 9.03792927570904, 47.284949602683071 ], [ 9.038067054749629, 47.286459078508152 ], [ 9.026162052374623, 47.290267143120161 ], [ 9.020324399899311, 47.298075191826584 ], [ 9.010664078418369, 47.299196885982639 ], [ 9.004124854586175, 47.302587467774138 ], [ 9.000667853098484, 47.31054201787569 ], [ 8.992685616702035, 47.317594895007069 ], [ 8.985038092665206, 47.319379949697655 ], [ 8.977373787933852, 47.327021184883506 ], [ 8.979149948547619, 47.337666855323242 ], [ 8.973149876103799, 47.339788905594702 ], [ 8.974258707024076, 47.347501769346906 ], [ 8.971925920349975, 47.352453614192761 ], [ 8.967082733280975, 47.354362029088477 ], [ 8.960860002746417, 47.353868511350406 ], [ 8.950921292209117, 47.372170970315985 ], [ 8.943635580348852, 47.375837531228626 ], [ 8.945961153922841, 47.37846099194693 ], [ 8.954922161477501, 47.381537237102371 ], [ 8.957496715784835, 47.386361199535521 ], [ 8.964975081258549, 47.384778291353108 ], [ 8.968087120985034, 47.391214188147799 ], [ 8.971548319331395, 47.391248687530855 ], [ 8.974750207824458, 47.399473985340663 ], [ 8.972374936061676, 47.404408303854353 ], [ 8.976847488010893, 47.410618981252576 ], [ 8.982142546639523, 47.412248598547151 ], [ 8.988841826281414, 47.411115399060506 ], [ 8.99056544409612, 47.413871997982021 ], [ 8.992320504172531, 47.423150165921506 ], [ 8.987872707999969, 47.429731864322136 ], [ 8.994161359152633, 47.429899297308346 ], [ 8.999257156388577, 47.435048216246521 ], [ 9.01006786345849, 47.435225627164456 ], [ 9.011899017555612, 47.433482507698365 ], [ 9.018715751405553, 47.4366820382131 ], [ 9.022015572765417, 47.441530660516939 ], [ 9.02780231006628, 47.43682737120173 ], [ 9.033571198517331, 47.439968471273779 ], [ 9.03673282562413, 47.437513903776143 ], [ 9.034124268948696, 47.435417895775885 ], [ 9.03779394091695, 47.43664461692336 ], [ 9.038085116224005, 47.441480402058261 ], [ 9.045209976871119, 47.440742908196263 ], [ 9.047385555351553, 47.444284048044985 ], [ 9.054606324978081, 47.443202798060405 ] ] ] } },
{ "type": "Feature", "properties": { "bezirk_id": "B_1728" }, "geometry": { "type": "MultiPolygon", "coordinates": [ [ [ [ 9.207308447721246, 47.355978056083181 ], [ 9.198694577190269, 47.347706926402495 ], [ 9.19173176879425, 47.350925714987078 ], [ 9.19272027034876, 47.353609662898769 ], [ 9.19560218333004, 47.353484860526457 ], [ 9.203887593179672, 47.355823502189871 ], [ 9.204751388966461, 47.357519637851013 ], [ 9.207308447721246, 47.355978056083181 ] ] ], [ [ [ 9.165940373533671, 47.503999360909738 ], [ 9.168255259890998, 47.501292964927167 ], [ 9.169123899326193, 47.503915826817654 ], [ 9.172019737701433, 47.50315281262634 ], [ 9.169180062600018, 47.498301443033441 ], [ 9.173692945470087, 47.49462644575852 ], [ 9.177264762914783, 47.494662802374208 ], [ 9.177700930059965, 47.497040216047601 ], [ 9.180937675535805, 47.497378367552969 ], [ 9.182995514635934, 47.491319970007886 ], [ 9.18945704667839, 47.492859689338808 ], [ 9.193212356522499, 47.491219491362429 ], [ 9.193133123713135, 47.488818718158335 ], [ 9.196729770939809, 47.490419425292387 ], [ 9.198723328220115, 47.488895755852766 ], [ 9.209709293399126, 47.489186940834863 ], [ 9.206505136083395, 47.486627038684183 ], [ 9.206540941871051, 47.482515223581984 ], [ 9.209825419745556, 47.481916221243601 ], [ 9.208887289896682, 47.47991997846735 ], [ 9.213188564701561, 47.478904925302771 ], [ 9.218377801081807, 47.48368319033569 ], [ 9.224546649983512, 47.48440679748694 ], [ 9.232519840755316, 47.483140929520253 ], [ 9.232220644351633, 47.480959470875291 ], [ 9.237021748418474, 47.480875946766375 ], [ 9.239139801211183, 47.477586340134948 ], [ 9.236100729646225, 47.47404406861709 ], [ 9.243426296297372, 47.465086598907092 ], [ 9.239267539511616, 47.457846368587361 ], [ 9.241378447455391, 47.453594176431082 ], [ 9.245432194847872, 47.452667254020866 ], [ 9.242555342205426, 47.449968265669249 ], [ 9.240572939753511, 47.44156053832738 ], [ 9.237816524672544, 47.440829775161909 ], [ 9.224201158865039, 47.446456681995116 ], [ 9.219737304145609, 47.443844615050892 ], [ 9.221885677710867, 47.44068075980524 ], [ 9.214616848786751, 47.439425202972764 ], [ 9.213045651795287, 47.436048702304127 ], [ 9.214966749836114, 47.43520952431976 ], [ 9.212607935082996, 47.432861706727074 ], [ 9.219059620672201, 47.426761911623778 ], [ 9.215848046715927, 47.41713119024957 ], [ 9.220474231334673, 47.415557543094017 ], [ 9.215267824391317, 47.412057123302638 ], [ 9.219600849950764, 47.40168972567583 ], [ 9.232476528967235, 47.398071561494092 ], [ 9.230376378425751, 47.39669170041001 ], [ 9.232066026469351, 47.387848862995725 ], [ 9.222385460569193, 47.387548953360238 ], [ 9.218729271979246, 47.384774707148431 ], [ 9.221434814024253, 47.373394060792563 ], [ 9.213145125203894, 47.368249776497976 ], [ 9.213038231648124, 47.365039644082529 ], [ 9.208116558233474, 47.361975384512228 ], [ 9.191514654349739, 47.362439356176914 ], [ 9.187510695559215, 47.364700462732166 ], [ 9.189433226996091, 47.366389656193959 ], [ 9.186690519067865, 47.368761310466525 ], [ 9.188193400187016, 47.370168989256968 ], [ 9.181585584651792, 47.381514509702185 ], [ 9.183748643824103, 47.384063824014049 ], [ 9.173085990297016, 47.386113699739191 ], [ 9.172366913180689, 47.384370195660459 ], [ 9.163920940407971, 47.384118829412316 ], [ 9.159136078483826, 47.387716791680965 ], [ 9.161006041734613, 47.393518568948664 ], [ 9.152099249984147, 47.393399137176885 ], [ 9.145190451636438, 47.398161506892549 ], [ 9.144221689246288, 47.39976816014908 ], [ 9.146302715516464, 47.400619055463025 ], [ 9.143583968922501, 47.40178374823428 ], [ 9.138158366963324, 47.399929489310495 ], [ 9.133226000566435, 47.403987292958476 ], [ 9.12330152920245, 47.403583662285897 ], [ 9.120802496263993, 47.405851140537322 ], [ 9.118129835721037, 47.407662276905583 ], [ 9.108377518264897, 47.405158739726282 ], [ 9.102542536293305, 47.405863655539974 ], [ 9.106645118848149, 47.411193216225058 ], [ 9.103739376898524, 47.410236549548635 ], [ 9.103555986202997, 47.41284808145879 ], [ 9.099681473643724, 47.413974383029178 ], [ 9.093865009113452, 47.411898769117002 ], [ 9.086772684598158, 47.413115663996329 ], [ 9.085162586764872, 47.415477607642522 ], [ 9.081994949155339, 47.413759459332837 ], [ 9.084087300062826, 47.411561619949865 ], [ 9.07818999975275, 47.411996293770315 ], [ 9.075374235670433, 47.418693318916453 ], [ 9.081225824815306, 47.419329985645135 ], [ 9.082222641694479, 47.421564837002016 ], [ 9.074113012139765, 47.425098383502323 ], [ 9.074165616417195, 47.431124993911666 ], [ 9.062856389808211, 47.432408951538051 ], [ 9.054606324978081, 47.443202798060405 ], [ 9.058718052664158, 47.443235218804425 ], [ 9.056892617409675, 47.445563748341527 ], [ 9.062616208100062, 47.446445926864193 ], [ 9.054570793238748, 47.448582874849244 ], [ 9.049055383876977, 47.453013845474572 ], [ 9.043228166802106, 47.453733554203289 ], [ 9.027428677764661, 47.457621999901654 ], [ 9.025810460064118, 47.460288997400539 ], [ 9.02850887745076, 47.461367422397906 ], [ 9.030079013866406, 47.466851284973032 ], [ 9.009308972299181, 47.472856478084864 ], [ 9.011834591646691, 47.475260015540044 ], [ 9.008623369332488, 47.475699449178684 ], [ 9.008687123152043, 47.47965671499631 ], [ 9.003522530207849, 47.480914115817207 ], [ 9.006946564035527, 47.484529020949878 ], [ 9.010699895062128, 47.485350677680259 ], [ 9.012069251138701, 47.489470102526674 ], [ 9.01735500454091, 47.490036814056047 ], [ 9.020141635582151, 47.488235600912482 ], [ 9.026248191121899, 47.490068083316686 ], [ 9.02822223677701, 47.488619655417061 ], [ 9.04203107844816, 47.495868668274156 ], [ 9.042765973741504, 47.496029404888837 ], [ 9.055817185038544, 47.487409705006449 ], [ 9.059905213589163, 47.488728866682514 ], [ 9.05897339340315, 47.490379159011823 ], [ 9.06278103870444, 47.492502776454032 ], [ 9.06458700302878, 47.490795196135103 ], [ 9.081948234855714, 47.495119876740119 ], [ 9.084734042494214, 47.492066668209745 ], [ 9.083808905807027, 47.4891921433425 ], [ 9.090380073292222, 47.482405574907034 ], [ 9.098844244306919, 47.485515106915251 ], [ 9.112871068789632, 47.484439272844007 ], [ 9.115969774096792, 47.479599532462736 ], [ 9.118131752083903, 47.47956816969667 ], [ 9.124758268222525, 47.481396937902893 ], [ 9.124018699929636, 47.483602739418302 ], [ 9.128956626873324, 47.484475291522102 ], [ 9.137091824104248, 47.4857235623127 ], [ 9.141933632016851, 47.484410937761389 ], [ 9.156154579353188, 47.487934097391182 ], [ 9.16266217727334, 47.49666247587416 ], [ 9.160656009053252, 47.499885941103081 ], [ 9.165940373533671, 47.503999360909738 ] ] ] ] } },
{ "type": "Feature", "properties": { "bezirk_id": "B_1841" }, "geometry": { "type": "Polygon", "coordinates": [ [ [ 9.600284472895941, 46.751614523403724 ], [ 9.597405664003626, 46.742499190332538 ], [ 9.603605573674164, 46.743029620753411 ], [ 9.613894334878561, 46.737830507385198 ], [ 9.647452003143041, 46.747336543299852 ], [ 9.664997364586661, 46.760710089888605 ], [ 9.669083076490912, 46.754699916297049 ], [ 9.669699444190812, 46.756937636542382 ], [ 9.673397800589328, 46.758341117950259 ], [ 9.672549016725057, 46.759977572657206 ], [ 9.67900699391884, 46.762550702061624 ], [ 9.682235541079621, 46.761776345528801 ], [ 9.686640650197493, 46.765037331802297 ], [ 9.687129367357786, 46.762939906410118 ], [ 9.692018902355313, 46.76086365336765 ], [ 9.686271131191045, 46.752409828528698 ], [ 9.677122358476687, 46.745237405903183 ], [ 9.673327883808442, 46.744969828821105 ], [ 9.668382582552409, 46.738083294773318 ], [ 9.661897538423091, 46.735087194895385 ], [ 9.664070781448048, 46.729708355930768 ], [ 9.668972643967576, 46.730197545354336 ], [ 9.675598640265505, 46.723660398734481 ], [ 9.689512580512659, 46.714963379663487 ], [ 9.696461835707414, 46.707500620554519 ], [ 9.698813896122269, 46.694945080397851 ], [ 9.702694137007919, 46.689855484038922 ], [ 9.701275462265748, 46.688146802960723 ], [ 9.706351594119205, 46.687883920033862 ], [ 9.710451413224346, 46.690214072033669 ], [ 9.714597025629045, 46.681528026923431 ], [ 9.714695244180822, 46.673624672953302 ], [ 9.71656174999489, 46.673551372199128 ], [ 9.722354483477853, 46.677899075264733 ], [ 9.717812986083775, 46.682129696065374 ], [ 9.724207399714917, 46.681515652900337 ], [ 9.720219891502014, 46.687409125606088 ], [ 9.71442271320716, 46.690728792064554 ], [ 9.714200331814844, 46.693828989182741 ], [ 9.723847780578346, 46.699890490735939 ], [ 9.732520738185157, 46.700211248328493 ], [ 9.732538013378296, 46.692577966720727 ], [ 9.735469515060966, 46.695427205271443 ], [ 9.743572954704398, 46.696208553785667 ], [ 9.744072013388374, 46.688602972684166 ], [ 9.751190856452965, 46.680467247566497 ], [ 9.750896881086272, 46.676657455721298 ], [ 9.758683038294821, 46.675896210521188 ], [ 9.773035835116165, 46.670374323489611 ], [ 9.81917480051715, 46.683459000401626 ], [ 9.829932018852073, 46.674783038443053 ], [ 9.835954089986025, 46.677014408142341 ], [ 9.851238634007508, 46.689282457115993 ], [ 9.861272175565869, 46.69311950816288 ], [ 9.87125264444331, 46.686463028451996 ], [ 9.88062247707833, 46.684282646548994 ], [ 9.868174668704301, 46.670382985446388 ], [ 9.870948709957748, 46.665211870905004 ], [ 9.864520124760283, 46.658302087222651 ], [ 9.864393945475131, 46.654038848855947 ], [ 9.876593419456128, 46.644886448056731 ], [ 9.887921851569905, 46.62266546037791 ], [ 9.876904928077854, 46.618789044608093 ], [ 9.872146959150765, 46.621320854203091 ], [ 9.862907964745281, 46.610169185694922 ], [ 9.864782125884441, 46.607699273770052 ], [ 9.862868558090362, 46.60317712117277 ], [ 9.854965461659681, 46.603399237456536 ], [ 9.841304609426265, 46.595120724037237 ], [ 9.834160162937858, 46.597116349731508 ], [ 9.828233241421794, 46.596539016833098 ], [ 9.828332694288097, 46.59111007066214 ], [ 9.824110792049005, 46.588624757500199 ], [ 9.826388297239333, 46.578713230919838 ], [ 9.831356090785848, 46.572407967066866 ], [ 9.817584951878246, 46.571148949256383 ], [ 9.815061526320573, 46.568366799088629 ], [ 9.800404504389332, 46.565612295536248 ], [ 9.766110577478431, 46.561603705340147 ], [ 9.763721861042329, 46.559150704334947 ], [ 9.755855814726843, 46.559176314103595 ], [ 9.754217524536941, 46.556563833522581 ], [ 9.748443468154083, 46.555466365653984 ], [ 9.740561292377219, 46.557552137450116 ], [ 9.736993330558041, 46.55648139484655 ], [ 9.73562636653506, 46.553476202946975 ], [ 9.726495221370882, 46.550402549400154 ], [ 9.716563839181534, 46.542547538775274 ], [ 9.700768236380918, 46.544077943284435 ], [ 9.694783592596862, 46.542873997315013 ], [ 9.693478057621212, 46.540965049521397 ], [ 9.696968961737618, 46.533048304757997 ], [ 9.700068312621184, 46.531699757634264 ], [ 9.695599070528404, 46.524589137959232 ], [ 9.699562671040418, 46.521468547176298 ], [ 9.697730970557918, 46.514440488702576 ], [ 9.702234456614846, 46.511471035593068 ], [ 9.725016710153815, 46.510168785942085 ], [ 9.727766139341519, 46.507989534489603 ], [ 9.72313440046692, 46.499848294131958 ], [ 9.729555191081296, 46.497595070502051 ], [ 9.730969842518173, 46.49314777753726 ], [ 9.728016992747598, 46.489877548045989 ], [ 9.732169170621548, 46.486697925687245 ], [ 9.726049800776869, 46.4698303820064 ], [ 9.726359190312067, 46.461733618414385 ], [ 9.732528088289484, 46.457946292631533 ], [ 9.728795360505222, 46.450660109872125 ], [ 9.722339982589032, 46.445471544600963 ], [ 9.721784994668663, 46.441567947713914 ], [ 9.714537177473996, 46.438545787564834 ], [ 9.703795769084294, 46.440677667273476 ], [ 9.678271480535985, 46.428792404327865 ], [ 9.674011825754791, 46.423017891268884 ], [ 9.663915116366638, 46.420840659812328 ], [ 9.663435395800485, 46.413587656025534 ], [ 9.656488914381278, 46.414578677984288 ], [ 9.648280115049406, 46.413335069946505 ], [ 9.643490844719183, 46.406903875301261 ], [ 9.637788176390439, 46.406150718252078 ], [ 9.638503942256397, 46.404552972322278 ], [ 9.610964755968828, 46.406190924451593 ], [ 9.607655236786103, 46.407037214008589 ], [ 9.605677209141573, 46.410278717498379 ], [ 9.612494993699448, 46.415484672966222 ], [ 9.609228016523783, 46.428137001975522 ], [ 9.60366719663487, 46.436846413128428 ], [ 9.606550839379208, 46.441578852730935 ], [ 9.604568136708609, 46.449949873705805 ], [ 9.5943736505115, 46.463696587099861 ], [ 9.58647827688122, 46.462622418308655 ], [ 9.565515670100963, 46.467030745161658 ], [ 9.55777006458684, 46.484768523787807 ], [ 9.554070481922349, 46.483775644563629 ], [ 9.545301377100962, 46.489095055946663 ], [ 9.527729414007508, 46.489869657399247 ], [ 9.519873293833587, 46.493946401009651 ], [ 9.526043594251838, 46.4951469728475 ], [ 9.530412049186069, 46.498270172843071 ], [ 9.531118264263057, 46.502720583323935 ], [ 9.52346339612734, 46.509358494929749 ], [ 9.521711079037008, 46.51462794409283 ], [ 9.518412148543241, 46.516974079928289 ], [ 9.503422648846067, 46.515978680341298 ], [ 9.495829693996209, 46.519922887672188 ], [ 9.492777192807765, 46.526052244387465 ], [ 9.497271140506017, 46.528004623117525 ], [ 9.498744693183594, 46.554047192254849 ], [ 9.506705573868325, 46.555855376821185 ], [ 9.501394816671919, 46.560946144732696 ], [ 9.501944689264702, 46.568522081035532 ], [ 9.496069225355948, 46.575620517778816 ], [ 9.494935069699078, 46.582857971872137 ], [ 9.495266184639791, 46.586073512626939 ], [ 9.500892339452493, 46.591226890592509 ], [ 9.496683302838603, 46.596558339703336 ], [ 9.496788655046899, 46.603440419316705 ], [ 9.501256199270154, 46.606239104451184 ], [ 9.50456409303349, 46.613531028695768 ], [ 9.498918385299739, 46.624719728391092 ], [ 9.501126885277703, 46.627829269530011 ], [ 9.50046512346468, 46.641636202504145 ], [ 9.488816819062263, 46.648334521096729 ], [ 9.497010097971861, 46.654170823013253 ], [ 9.500051578150465, 46.653737873318384 ], [ 9.51236560740942, 46.660299338778607 ], [ 9.51400137299343, 46.665452786814974 ], [ 9.509391202640259, 46.674076406446709 ], [ 9.50530247569889, 46.674501589102668 ], [ 9.505876181579396, 46.678558567933152 ], [ 9.512526179273181, 46.686599512932368 ], [ 9.50091620047038, 46.689725743948934 ], [ 9.496062759764323, 46.693106947754849 ], [ 9.494812901078371, 46.700805298912201 ], [ 9.490969133569687, 46.70222435044348 ], [ 9.503960524225274, 46.709134623077105 ], [ 9.499132383373246, 46.712191514991318 ], [ 9.489099553238061, 46.712228400694983 ], [ 9.510392876391073, 46.720275196211496 ], [ 9.513211172424695, 46.726531993512069 ], [ 9.50730277046285, 46.737617596844437 ], [ 9.514471686366432, 46.752820985556802 ], [ 9.534968042969965, 46.75400304154774 ], [ 9.534653718759868, 46.756357463942209 ], [ 9.539430888739727, 46.756980512793994 ], [ 9.540374350695384, 46.76337918821028 ], [ 9.537488448545373, 46.767958617543464 ], [ 9.544529928963932, 46.768854765569039 ], [ 9.548616947731013, 46.764864859918063 ], [ 9.553386211671688, 46.765262519581889 ], [ 9.554746033890664, 46.760872943137279 ], [ 9.560043903035924, 46.75674315542939 ], [ 9.558850066713168, 46.755685495706444 ], [ 9.575625510370372, 46.750144278553591 ], [ 9.583246577426189, 46.761699731235645 ], [ 9.589354089337402, 46.76216071972447 ], [ 9.588812120504128, 46.764987560167917 ], [ 9.595271500513226, 46.77095789126323 ], [ 9.602527512241037, 46.759221041898357 ], [ 9.59925640435895, 46.756016438226155 ], [ 9.600284472895941, 46.751614523403724 ] ] ] } },
{ "type": "Feature", "properties": { "bezirk_id": "B_1842" }, "geometry": { "type": "Polygon", "coordinates": [ [ [ 10.041972867389831, 46.442618471443524 ], [ 10.052583009577079, 46.439699012564731 ], [ 10.056279014757781, 46.44086851324721 ], [ 10.060248013572057, 46.428389013071723 ], [ 10.064393518308513, 46.425871007960268 ], [ 10.077308015528441, 46.428057511510616 ], [ 10.080132516220454, 46.425940003867979 ], [ 10.080472007115381, 46.421036011369161 ], [ 10.092485515956593, 46.42266900960535 ], [ 10.100514506124304, 46.421359014096737 ], [ 10.108089516364634, 46.428301508372186 ], [ 10.117209511043667, 46.425990507210955 ], [ 10.119180508946579, 46.429095008646556 ], [ 10.129236514154723, 46.431736510916053 ], [ 10.1329865103681, 46.429081004182663 ], [ 10.143198516822926, 46.428277512709478 ], [ 10.147088508813228, 46.422974011984202 ], [ 10.147670007129198, 46.414224509493963 ], [ 10.14938650742079, 46.412820505421152 ], [ 10.157123003730458, 46.415843004354947 ], [ 10.161034009319637, 46.415445007431636 ], [ 10.166681516845385, 46.407648003393554 ], [ 10.162032010321195, 46.4034655063858 ], [ 10.163860511722449, 46.390626006963934 ], [ 10.162031509039954, 46.387667503937635 ], [ 10.156046017239753, 46.385009013377385 ], [ 10.147427014007937, 46.386888511601946 ], [ 10.142626011842585, 46.386223008629813 ], [ 10.127373507700971, 46.377682508180293 ], [ 10.128527504066701, 46.374274506148069 ], [ 10.126141017500439, 46.369891503036335 ], [ 10.129200511504671, 46.360990007681266 ], [ 10.119382004087976, 46.357336503895048 ], [ 10.113610011906998, 46.352670508035587 ], [ 10.110085515935191, 46.353196003744813 ], [ 10.108009511705342, 46.350822010563689 ], [ 10.10943051052555, 46.346313009614036 ], [ 10.106091514197256, 46.342244508640484 ], [ 10.104273505083057, 46.333667504476544 ], [ 10.112721504552789, 46.323493509410909 ], [ 10.116387003308404, 46.314112511570791 ], [ 10.138353505001028, 46.304616503924692 ], [ 10.137526011675828, 46.301086508577626 ], [ 10.145554506126963, 46.295591512057086 ], [ 10.154267508246622, 46.292721008867872 ], [ 10.156594502503701, 46.289255011043807 ], [ 10.154819005117018, 46.284798004735421 ], [ 10.162424003732875, 46.282354009735691 ], [ 10.161245003138596, 46.277184513763373 ], [ 10.163346502530516, 46.271426012479338 ], [ 10.171936005586495, 46.266613504693439 ], [ 10.176524509008885, 46.258276510471497 ], [ 10.17493351340428, 46.254612502430412 ], [ 10.150873511376728, 46.239642005663384 ], [ 10.145949009440841, 46.230482503897342 ], [ 10.132324003402076, 46.224877007093795 ], [ 10.128616011828443, 46.225594011922347 ], [ 10.123281512319078, 46.223787506706799 ], [ 10.109172512452027, 46.225719512737172 ], [ 10.10348600275413, 46.228570004416575 ], [ 10.091609514570848, 46.22819200808204 ], [ 10.080187509768567, 46.224753008280459 ], [ 10.070593512757208, 46.217118504079579 ], [ 10.063082508698342, 46.220194506790897 ], [ 10.058612513152674, 46.224974011610172 ], [ 10.043670009265606, 46.229744503925311 ], [ 10.052921011695236, 46.23521100340966 ], [ 10.053437005355796, 46.241515009139604 ], [ 10.056963506252353, 46.244080510728743 ], [ 10.057354516536169, 46.247152012865932 ], [ 10.060568508283211, 46.248229010413063 ], [ 10.05371701786566, 46.267057511845749 ], [ 10.029062017161735, 46.277417011830487 ], [ 10.009228502909528, 46.280660010353337 ], [ 9.996015012629643, 46.284765508025401 ], [ 9.991741007040398, 46.29613500747692 ], [ 10.000610007126017, 46.30144400661041 ], [ 10.000942514548383, 46.303540011453727 ], [ 9.996341004648146, 46.307491006069398 ], [ 10.000195506249408, 46.31307400419788 ], [ 9.99491201460536, 46.314036004968855 ], [ 9.980219505330234, 46.323146513813107 ], [ 9.985631013026776, 46.334285511553965 ], [ 9.996124509071766, 46.342343007471854 ], [ 9.994978516412486, 46.348361008368421 ], [ 9.996764008529457, 46.350934508764439 ], [ 9.993776014025713, 46.352407503255272 ], [ 9.985239507482707, 46.351787014082063 ], [ 9.964572516317007, 46.363800010525843 ], [ 9.956017516586552, 46.373464510653221 ], [ 9.959241006490851, 46.378124504582956 ], [ 9.970587863500562, 46.379413770545504 ], [ 9.973793476429762, 46.385120326683435 ], [ 9.981519544944092, 46.387629322690145 ], [ 9.983962196879197, 46.397555935906666 ], [ 9.990568403851649, 46.402483624216735 ], [ 10.018549961164574, 46.414171911595808 ], [ 10.023365090725086, 46.43137929898699 ], [ 10.033425291918558, 46.428341377952428 ], [ 10.039130349768236, 46.42977679864034 ], [ 10.042561800063964, 46.434279376361594 ], [ 10.041972867389831, 46.442618471443524 ] ] ] } },
{ "type": "Feature", "properties": { "bezirk_id": "B_1843" }, "geometry": { "type": "Polygon", "coordinates": [ [ [ 10.402184014017596, 46.990859002754277 ], [ 10.41250601142136, 46.982649003642734 ], [ 10.42658900560664, 46.975686508492494 ], [ 10.427504511006411, 46.97270201105335 ], [ 10.422974510731175, 46.965505510637179 ], [ 10.42238050811309, 46.95995251182736 ], [ 10.428640510542293, 46.956153509241432 ], [ 10.432948009398704, 46.956276508921228 ], [ 10.449156009370091, 46.952319508707482 ], [ 10.455481515950442, 46.952884512229055 ], [ 10.468824006454861, 46.947100511658078 ], [ 10.476588510923603, 46.941078507077144 ], [ 10.489350503289645, 46.937790505965829 ], [ 10.485296012708675, 46.931449508561279 ], [ 10.488307504017644, 46.926285511891621 ], [ 10.486218502061512, 46.915461513152366 ], [ 10.478542506506557, 46.910596509915131 ], [ 10.475092005875275, 46.894293004486777 ], [ 10.464697004640106, 46.884281504526768 ], [ 10.469231506733591, 46.881106009787359 ], [ 10.471266006997929, 46.872963511034897 ], [ 10.468009014731498, 46.862114003157096 ], [ 10.471811013778218, 46.848773503213714 ], [ 10.463958513188151, 46.841427507104683 ], [ 10.466532512119917, 46.835895003007451 ], [ 10.463073505426866, 46.834085007847335 ], [ 10.460130508337294, 46.83468600768073 ], [ 10.45666600814107, 46.830247505624889 ], [ 10.460356504288765, 46.824540508741734 ], [ 10.455957011532501, 46.822040006531211 ], [ 10.457782515964523, 46.816470008647073 ], [ 10.450775011010535, 46.804260503232697 ], [ 10.438992506079508, 46.797639512514863 ], [ 10.429557007901291, 46.796780505787488 ], [ 10.426738502500866, 46.794236512372933 ], [ 10.426643505077328, 46.789406511447922 ], [ 10.422719518511084, 46.788243012033007 ], [ 10.433807512611025, 46.781878510240084 ], [ 10.435110515828134, 46.777613003985039 ], [ 10.441658505768919, 46.771926008186185 ], [ 10.443801011097245, 46.75729100865528 ], [ 10.441707518175448, 46.752107010919374 ], [ 10.435468015752253, 46.75260750466569 ], [ 10.400201015833106, 46.732820010953191 ], [ 10.408970011866048, 46.728471007779511 ], [ 10.410960508981811, 46.723837508271487 ], [ 10.418730505272794, 46.719054010261516 ], [ 10.416007006108932, 46.709003502719803 ], [ 10.409990010441788, 46.705465008014855 ], [ 10.403327516935347, 46.705501507403149 ], [ 10.393321507363643, 46.689207502713543 ], [ 10.383569505346978, 46.687282509359925 ], [ 10.381822012771394, 46.684306504459265 ], [ 10.39241551171496, 46.671371508234778 ], [ 10.391013506389497, 46.658861006441022 ], [ 10.39408850386291, 46.654637503916163 ], [ 10.400282506756529, 46.645987012060324 ], [ 10.401711013130351, 46.640567004468494 ], [ 10.399859005584773, 46.638584011439086 ], [ 10.402288009626414, 46.636812005994592 ], [ 10.409127515812621, 46.635058509224613 ], [ 10.420209512442186, 46.638311008553849 ], [ 10.443446014146003, 46.639379009479548 ], [ 10.44607550800305, 46.641271504712606 ], [ 10.462565008471788, 46.633050503847876 ], [ 10.484266004542544, 46.617420504791724 ], [ 10.492035464453876, 46.615341510889678 ], [ 10.491134003498702, 46.611054009453781 ], [ 10.484478516148576, 46.605028504702929 ], [ 10.487394512259167, 46.597987512821305 ], [ 10.48388801424225, 46.592084507516972 ], [ 10.487899008746844, 46.58947100626321 ], [ 10.483560508285562, 46.580902508593027 ], [ 10.484845511990912, 46.577198003397136 ], [ 10.474751016660383, 46.56646651197736 ], [ 10.474093003586116, 46.562579512874933 ], [ 10.477748508476836, 46.557104006097916 ], [ 10.47107401158269, 46.548330508150258 ], [ 10.472213507217621, 46.543505007709385 ], [ 10.465685509368916, 46.54126650722781 ], [ 10.459112010942173, 46.541319008829028 ], [ 10.458578518357132, 46.53654950923405 ], [ 10.452801012575334, 46.530683003158096 ], [ 10.436688002277482, 46.537391009199538 ], [ 10.41813151167068, 46.55132000539507 ], [ 10.397325506024751, 46.543935513206215 ], [ 10.384267512992409, 46.550045507556263 ], [ 10.379266514555567, 46.549972510678735 ], [ 10.370484018016196, 46.553936003249852 ], [ 10.352083016948695, 46.555686005970117 ], [ 10.350209503276069, 46.549454510440533 ], [ 10.338477518223215, 46.542688009475185 ], [ 10.324802016481994, 46.551667006420246 ], [ 10.310660018272699, 46.546626504700576 ], [ 10.307372516040196, 46.549423009450635 ], [ 10.295437011027888, 46.549893512533885 ], [ 10.293767003826391, 46.551754509528216 ], [ 10.296605011945061, 46.5551070027837 ], [ 10.295210509653401, 46.55871850403939 ], [ 10.288592010415845, 46.564598008851405 ], [ 10.286641509092847, 46.570253009847598 ], [ 10.271122008053055, 46.573953012703683 ], [ 10.268709013500919, 46.577518506419267 ], [ 10.263027006428647, 46.576957007894471 ], [ 10.253578508341597, 46.571243506717629 ], [ 10.245915011746961, 46.574589509185373 ], [ 10.243598017414113, 46.577801511550724 ], [ 10.241562516124235, 46.591571008208348 ], [ 10.258890517687453, 46.61044250309849 ], [ 10.24488257507589, 46.622101089708991 ], [ 10.239203015752622, 46.635330507607065 ], [ 10.223970516511537, 46.628994013292441 ], [ 10.215320011574912, 46.616940008883731 ], [ 10.206370513916941, 46.620766011305157 ], [ 10.193400504971414, 46.623135508739296 ], [ 10.1927655107355, 46.625934012871291 ], [ 10.183067012528582, 46.623969506144697 ], [ 10.162274001567285, 46.615708506727465 ], [ 10.13740000621012, 46.610762011750474 ], [ 10.13651401130347, 46.607756006488309 ], [ 10.12846000538123, 46.605507011186965 ], [ 10.113259508072744, 46.607105511577785 ], [ 10.106734506405461, 46.610652010363282 ], [ 10.1023537740616, 46.610719985594962 ], [ 10.095734975286797, 46.616095171709283 ], [ 10.093850218337044, 46.624257823042726 ], [ 10.077384950493833, 46.626305881505807 ], [ 10.070794929692205, 46.624316322047399 ], [ 10.060514140767159, 46.624328604909266 ], [ 10.060668025138355, 46.62938339472376 ], [ 10.063661276481605, 46.632905644705666 ], [ 10.030407710910055, 46.650048473604102 ], [ 10.01904091366935, 46.652322716524189 ], [ 10.005245377550477, 46.657692689089359 ], [ 9.983129131855726, 46.670474329246126 ], [ 9.965577696001382, 46.677066152976565 ], [ 9.959517324235504, 46.680575473367917 ], [ 9.962214849860674, 46.687085885924667 ], [ 9.955428746561081, 46.693572070998997 ], [ 9.957087547929509, 46.698845511309401 ], [ 9.95243765162796, 46.705455249543107 ], [ 9.955800639768608, 46.707712070335369 ], [ 9.955361397734647, 46.71091681299778 ], [ 9.959523949109455, 46.715432913846129 ], [ 9.953750910104736, 46.721275483975148 ], [ 9.947152879112334, 46.721789833704911 ], [ 9.946772440127008, 46.72402122229245 ], [ 9.942468287481306, 46.725465821569834 ], [ 9.943970978671036, 46.730202851226601 ], [ 9.933863028180589, 46.749648486792076 ], [ 9.945414436376536, 46.75196026655172 ], [ 9.952931987499328, 46.750867835869109 ], [ 9.963888528805951, 46.754711895472205 ], [ 9.965996664211968, 46.756942246165686 ], [ 9.963792665243068, 46.760771087954915 ], [ 9.966473763855385, 46.762646748856184 ], [ 9.973912051275596, 46.768196816558252 ], [ 9.987251228796104, 46.772732799452207 ], [ 9.992902252143766, 46.789418819479117 ], [ 10.000103291466264, 46.794252596190539 ], [ 10.020600942130839, 46.795104951505728 ], [ 10.027671771447373, 46.800705028745014 ], [ 10.031171583976777, 46.811056973222051 ], [ 10.043713958671308, 46.80936753004336 ], [ 10.049252672110901, 46.81221117937578 ], [ 10.062155747008026, 46.813085577473451 ], [ 10.066038028020969, 46.821717743287657 ], [ 10.074661382483056, 46.827252363181849 ], [ 10.068966897249377, 46.829867725195115 ], [ 10.072554021587035, 46.834834324162543 ], [ 10.076448831238306, 46.8358965328487 ], [ 10.079634239837286, 46.834526888602703 ], [ 10.085048814565733, 46.842754041791856 ], [ 10.09679701333876, 46.848790505848967 ], [ 10.1051710001723, 46.840909207899465 ], [ 10.119143004952013, 46.844177003431263 ], [ 10.119945015172686, 46.8473845070192 ], [ 10.123114509783317, 46.8484835130118 ], [ 10.139430013802695, 46.847385011902972 ], [ 10.14729300495863, 46.851410508846683 ], [ 10.154601510327014, 46.850327505479804 ], [ 10.157430517229832, 46.84786700481169 ], [ 10.162710502502945, 46.850996513189948 ], [ 10.169082009130292, 46.850666510241815 ], [ 10.171776015308678, 46.853671005636357 ], [ 10.181010513802747, 46.854977008921885 ], [ 10.19367850283481, 46.86644950829487 ], [ 10.199032513713369, 46.866634009230502 ], [ 10.203843518307616, 46.864621010509168 ], [ 10.219248011082659, 46.867291010839864 ], [ 10.232689016639272, 46.866305509994014 ], [ 10.230857512661014, 46.869443507566011 ], [ 10.232827516226337, 46.871613509471651 ], [ 10.23485051539979, 46.884689004607267 ], [ 10.227622511096515, 46.890213006753704 ], [ 10.225737507647983, 46.895946507170827 ], [ 10.233317514596154, 46.901647504257269 ], [ 10.237051009625478, 46.91570801247839 ], [ 10.242031017818247, 46.918835009369701 ], [ 10.240579508783814, 46.931257507947834 ], [ 10.257510505208273, 46.92977851367943 ], [ 10.293612017462177, 46.921812013198426 ], [ 10.296884507177811, 46.919956506066669 ], [ 10.300806008953227, 46.924660505662537 ], [ 10.31606901135121, 46.925184008725196 ], [ 10.317177510146339, 46.930958004289884 ], [ 10.306179511653369, 46.940148005257271 ], [ 10.309367006970547, 46.950206003749138 ], [ 10.327831512430832, 46.953980510266838 ], [ 10.329621011090838, 46.963935512494686 ], [ 10.340722003704707, 46.978380012871526 ], [ 10.33999701456978, 46.981311010379784 ], [ 10.344552008199827, 46.982715009644799 ], [ 10.346522513226503, 46.989592007732895 ], [ 10.354998513194502, 46.992364011995313 ], [ 10.372056505989761, 46.99067350623767 ], [ 10.383384513122616, 46.999276013761687 ], [ 10.389318014310307, 47.000524511500096 ], [ 10.398716003154703, 46.996882503779638 ], [ 10.402184014017596, 46.990859002754277 ] ] ] } },
{ "type": "Feature", "properties": { "bezirk_id": "B_1844" }, "geometry": { "type": "Polygon", "coordinates": [ [ [ 9.256378542380046, 46.908494242524455 ], [ 9.266626910474621, 46.903697209037567 ], [ 9.275340957803435, 46.907066793344505 ], [ 9.286485083553766, 46.905087857531726 ], [ 9.293301989631216, 46.907083061398374 ], [ 9.309930152175692, 46.905768641150779 ], [ 9.321893100298341, 46.900596600837098 ], [ 9.33864236430847, 46.902038321534121 ], [ 9.343130399027372, 46.898283573936844 ], [ 9.34702575834838, 46.899667338494083 ], [ 9.361238089937221, 46.897332905091098 ], [ 9.381700836501814, 46.897635105210291 ], [ 9.397796249500706, 46.89279241072569 ], [ 9.416088285926236, 46.890498132281309 ], [ 9.433097389764338, 46.884639220098435 ], [ 9.448866191442999, 46.872881448490716 ], [ 9.454277714322108, 46.876880410580014 ], [ 9.454469716524299, 46.884453555154536 ], [ 9.467672270208581, 46.878182282009 ], [ 9.481494029081571, 46.86272904470686 ], [ 9.487400915927802, 46.865916765112509 ], [ 9.494402136637261, 46.854120188020623 ], [ 9.484615026651403, 46.845792284117863 ], [ 9.491422898649525, 46.835511014574507 ], [ 9.488248210585008, 46.833750313859255 ], [ 9.488208391606761, 46.822718960025654 ], [ 9.490609098172921, 46.820012332444747 ], [ 9.497233863734058, 46.818426409840811 ], [ 9.491105200364014, 46.811706851753442 ], [ 9.496508903120709, 46.806318532222186 ], [ 9.497350343747016, 46.800904279883291 ], [ 9.483966907749844, 46.798031275124899 ], [ 9.474857813640968, 46.797969087461169 ], [ 9.46477056195582, 46.804645327058466 ], [ 9.458244840210501, 46.811995580150551 ], [ 9.451363031594058, 46.810569323633189 ], [ 9.442829529052043, 46.80489744964779 ], [ 9.43491408352337, 46.802417558912744 ], [ 9.432001606113635, 46.805158914037939 ], [ 9.428804912777817, 46.804827730534882 ], [ 9.415144596568449, 46.797542394579779 ], [ 9.414450314082227, 46.795403827160207 ], [ 9.406904765927401, 46.79472428227615 ], [ 9.420053013663644, 46.769976603595516 ], [ 9.397836641149254, 46.770549040037501 ], [ 9.401269871907498, 46.768087532639669 ], [ 9.395454361627781, 46.765172971987361 ], [ 9.380245740523462, 46.76211236653743 ], [ 9.377141833292807, 46.764279699059706 ], [ 9.379404362654707, 46.766382817130278 ], [ 9.376214590418931, 46.771269024857737 ], [ 9.373836261145644, 46.770319571266917 ], [ 9.368796675373503, 46.773311296552663 ], [ 9.369202945453726, 46.778802290330091 ], [ 9.369693277794493, 46.783347054630504 ], [ 9.363603269172073, 46.784844597550915 ], [ 9.356165793732654, 46.783458061560246 ], [ 9.351912045933181, 46.78060504209018 ], [ 9.34095537781497, 46.795634900061614 ], [ 9.343313846267344, 46.800454533465839 ], [ 9.330637962246575, 46.80478629677895 ], [ 9.325857548429171, 46.804487462186934 ], [ 9.320844783558098, 46.809537050575891 ], [ 9.318324292174307, 46.806411269261964 ], [ 9.312515084789171, 46.808936158257438 ], [ 9.307559422026571, 46.807370719934298 ], [ 9.300559476294195, 46.813756570758343 ], [ 9.293251136562613, 46.815423079290525 ], [ 9.286052334318832, 46.815710668599245 ], [ 9.274985539096287, 46.820567949947424 ], [ 9.255606608112332, 46.838270425119518 ], [ 9.236943938900689, 46.860906824133188 ], [ 9.236920318775942, 46.868834139826944 ], [ 9.221483799671837, 46.882446265326266 ], [ 9.214294389286483, 46.88528435027208 ], [ 9.212966780958691, 46.891981145427195 ], [ 9.217954839050471, 46.894773911978902 ], [ 9.226584016508523, 46.905598464757844 ], [ 9.239762015809896, 46.908253073839255 ], [ 9.243178294257557, 46.913417878998558 ], [ 9.248880733853884, 46.916261062608854 ], [ 9.254346004552861, 46.913232274456881 ], [ 9.256378542380046, 46.908494242524455 ] ] ] } },
{ "type": "Feature", "properties": { "bezirk_id": "B_1845" }, "geometry": { "type": "Polygon", "coordinates": [ [ [ 9.551618512807835, 47.058844005226753 ], [ 9.554383512448021, 47.050505505101803 ], [ 9.556851507482447, 47.049326503980716 ], [ 9.559783504117304, 47.048570507952746 ], [ 9.569209016288323, 47.052526003419821 ], [ 9.57826050743177, 47.054013011384328 ], [ 9.58113551359515, 47.052808007147966 ], [ 9.587708012898904, 47.055177505636621 ], [ 9.596016514038183, 47.059098011920227 ], [ 9.599764008826533, 47.058982511092687 ], [ 9.602818011786381, 47.061894005362213 ], [ 9.60707800966723, 47.060774503837912 ], [ 9.61722600587176, 47.053628509706684 ], [ 9.626350513517034, 47.051330008894098 ], [ 9.636565005694781, 47.05170551446659 ], [ 9.635832282666824, 47.035909021663954 ], [ 9.625617792348168, 47.036536144978115 ], [ 9.623601814876412, 47.032930161515281 ], [ 9.615062111410895, 47.030060018254339 ], [ 9.615707670511622, 47.026511354400654 ], [ 9.628918127145862, 47.024532110370913 ], [ 9.617842200008562, 47.020747757956485 ], [ 9.603091420482533, 47.012586531333028 ], [ 9.600440158746178, 47.009478078653913 ], [ 9.597320104292264, 47.009095938438598 ], [ 9.599208034139737, 47.007629617801804 ], [ 9.597416906184657, 47.001040467989547 ], [ 9.592908318275898, 46.995546220178213 ], [ 9.596551463583214, 46.992931115999511 ], [ 9.591216507099716, 46.984518851823118 ], [ 9.594028606010268, 46.983818104302514 ], [ 9.594417787773143, 46.98008539661452 ], [ 9.609784543895936, 46.975772912640707 ], [ 9.609442212088412, 46.973484760805249 ], [ 9.611620202459223, 46.971103841835166 ], [ 9.603740286129621, 46.96738363566439 ], [ 9.605139281687315, 46.96524252172081 ], [ 9.600378772521033, 46.959312406352481 ], [ 9.598567611217129, 46.950554961063979 ], [ 9.593898391865526, 46.946521577032492 ], [ 9.597528273521448, 46.942025897640939 ], [ 9.604410838070807, 46.938386469520736 ], [ 9.606811468512875, 46.934390636478064 ], [ 9.601057287513868, 46.930144125707152 ], [ 9.602435221412806, 46.925870735274856 ], [ 9.595481521477389, 46.921484655167141 ], [ 9.603915693694292, 46.914369461921638 ], [ 9.610591384707156, 46.915781744433801 ], [ 9.618089490184587, 46.9209484409391 ], [ 9.612810377758381, 46.926807986843869 ], [ 9.612671580919356, 46.929870169268504 ], [ 9.614800860070021, 46.930549608153164 ], [ 9.619299711978446, 46.928115347117263 ], [ 9.620433617209796, 46.922397567977882 ], [ 9.635797589928908, 46.922643615857282 ], [ 9.646215644148336, 46.915352124504921 ], [ 9.655359052326149, 46.891868397850999 ], [ 9.646524159888477, 46.881627594155631 ], [ 9.635717492008101, 46.877642240836309 ], [ 9.632245382300852, 46.873596433007691 ], [ 9.622825587098452, 46.868476444775609 ], [ 9.610942399151211, 46.871510412923151 ], [ 9.60205881757077, 46.86791735188784 ], [ 9.595003506326266, 46.867681667884561 ], [ 9.59056425488702, 46.863634896616546 ], [ 9.588401676176774, 46.864017526093185 ], [ 9.581419507644535, 46.860333150635164 ], [ 9.58045084458009, 46.857750685878827 ], [ 9.568433068826284, 46.874280687589824 ], [ 9.53666763122447, 46.88849155401892 ], [ 9.539043469992539, 46.897230482618163 ], [ 9.52472195599419, 46.897249535852254 ], [ 9.522754113662968, 46.89796027971547 ], [ 9.522773785200732, 46.902531123200539 ], [ 9.515369493606874, 46.9042404615493 ], [ 9.51057063565281, 46.899639290524718 ], [ 9.498806255029391, 46.895829444668493 ], [ 9.483883971121736, 46.894189519574695 ], [ 9.467721928981389, 46.896888828433447 ], [ 9.467281910074917, 46.899839063311937 ], [ 9.475421039626445, 46.906416190434051 ], [ 9.482277291804808, 46.908210593667128 ], [ 9.487986973508747, 46.912292704247321 ], [ 9.478569318343416, 46.915682330873338 ], [ 9.477768311726736, 46.920528672780968 ], [ 9.485721202857635, 46.930374813324555 ], [ 9.486521765579328, 46.9355255027791 ], [ 9.493712661871131, 46.937718222374599 ], [ 9.492863886363709, 46.939227166952449 ], [ 9.496099280339097, 46.940347855285253 ], [ 9.498427594581157, 46.944877128771786 ], [ 9.504568642697157, 46.953548847679492 ], [ 9.518466607546939, 46.955780865349112 ], [ 9.517391137674032, 46.968398029344769 ], [ 9.523729760798618, 46.972530053453312 ], [ 9.541257999258002, 46.974324350690729 ], [ 9.545717273545646, 46.976734985592302 ], [ 9.516823209471434, 47.002286833788077 ], [ 9.510205321084513, 47.010756952929597 ], [ 9.506839810919805, 47.018322199788507 ], [ 9.491730977077513, 47.033598299867229 ], [ 9.48518284458285, 47.040444213800967 ], [ 9.47762602394004, 47.049339794672662 ], [ 9.476047506640237, 47.05179750477231 ], [ 9.476301008224533, 47.054996009437481 ], [ 9.482308016409382, 47.056464006080276 ], [ 9.482490002086132, 47.052960503211672 ], [ 9.486025003157891, 47.049685011431087 ], [ 9.492371503328471, 47.057274006908415 ], [ 9.497507011991999, 47.054545505029409 ], [ 9.500325509037047, 47.057644506771496 ], [ 9.511909016551177, 47.057219512518458 ], [ 9.51727100216698, 47.060695005562188 ], [ 9.530543007851147, 47.063036507557555 ], [ 9.539751511627305, 47.065144507849062 ], [ 9.551618512807835, 47.058844005226753 ] ] ] } },
{ "type": "Feature", "properties": { "bezirk_id": "B_1846" }, "geometry": { "type": "Polygon", "coordinates": [ [ [ 9.937166459761917, 46.696061924487623 ], [ 9.942317050259483, 46.693455868683188 ], [ 9.955428746561081, 46.693572070998997 ], [ 9.962214849860674, 46.687085885924667 ], [ 9.959517324235504, 46.680575473367917 ], [ 9.965577696001382, 46.677066152976565 ], [ 9.983129131855726, 46.670474329246126 ], [ 10.005245377550477, 46.657692689089359 ], [ 10.01904091366935, 46.652322716524189 ], [ 10.030407710910055, 46.650048473604102 ], [ 10.063661276481605, 46.632905644705666 ], [ 10.060668025138355, 46.62938339472376 ], [ 10.060514140767159, 46.624328604909266 ], [ 10.070794929692205, 46.624316322047399 ], [ 10.077384950493833, 46.626305881505807 ], [ 10.093850218337044, 46.624257823042726 ], [ 10.095734975286797, 46.616095171709283 ], [ 10.1023537740616, 46.610719985594962 ], [ 10.098879012726201, 46.605433506395912 ], [ 10.101349504591068, 46.600976508743031 ], [ 10.097091509859952, 46.593198513691178 ], [ 10.101154513291439, 46.588993512389159 ], [ 10.100215007971268, 46.582847503601407 ], [ 10.095366514037879, 46.577344013733999 ], [ 10.078619009937983, 46.575145512162663 ], [ 10.079671507224205, 46.57136850830819 ], [ 10.085295014207931, 46.567156510614986 ], [ 10.077671008352217, 46.560716013273165 ], [ 10.07115500444726, 46.558642013661675 ], [ 10.067716512066927, 46.550325505720807 ], [ 10.061517011800557, 46.545850012478034 ], [ 10.046767015311215, 46.544044504267369 ], [ 10.043919502954846, 46.537531008448717 ], [ 10.053245013555108, 46.531840008969652 ], [ 10.050536506257554, 46.528711507921159 ], [ 10.053934502212336, 46.52267001252396 ], [ 10.051484004400455, 46.51334100751216 ], [ 10.042382510800689, 46.5100605107977 ], [ 10.045040509209437, 46.501893504606024 ], [ 10.049049515773717, 46.499843508252134 ], [ 10.04493350576281, 46.493687007756101 ], [ 10.045129510938697, 46.490391005562621 ], [ 10.04853200618596, 46.487814003990422 ], [ 10.043916505433007, 46.483066506312049 ], [ 10.045188008903088, 46.476962505556045 ], [ 10.05175601535325, 46.471775506106511 ], [ 10.053769015865059, 46.463828508102793 ], [ 10.052492009739584, 46.460407012343772 ], [ 10.041985509125224, 46.452418505238647 ], [ 10.042370504245259, 46.448844007136259 ], [ 10.039349511148385, 46.446842006301388 ], [ 10.041972867389831, 46.442618471443524 ], [ 10.042561800063964, 46.434279376361594 ], [ 10.039130349768236, 46.42977679864034 ], [ 10.033425291918558, 46.428341377952428 ], [ 10.023365090725086, 46.43137929898699 ], [ 10.018549961164574, 46.414171911595808 ], [ 9.990568403851649, 46.402483624216735 ], [ 9.983962196879197, 46.397555935906666 ], [ 9.981519544944092, 46.387629322690145 ], [ 9.973793476429762, 46.385120326683435 ], [ 9.970587863500562, 46.379413770545504 ], [ 9.959241006490851, 46.378124504582956 ], [ 9.953191514430824, 46.379156013585764 ], [ 9.934299007485016, 46.374871006515143 ], [ 9.929785002120601, 46.371533005740112 ], [ 9.930626517963519, 46.367841004262552 ], [ 9.924788511380028, 46.365911504699852 ], [ 9.922567511519285, 46.370627006250132 ], [ 9.91672950653537, 46.370540009483889 ], [ 9.907911455205655, 46.380662071141295 ], [ 9.884071003740539, 46.373428513704305 ], [ 9.880632007934093, 46.368447512451127 ], [ 9.868224511277081, 46.362412008472397 ], [ 9.865182015948882, 46.36464701167656 ], [ 9.856281003434505, 46.362790508465004 ], [ 9.849516504221299, 46.364612006802361 ], [ 9.84618051247581, 46.36184850846805 ], [ 9.832073509305399, 46.360988008931699 ], [ 9.830934501427143, 46.358121003808257 ], [ 9.819998511503734, 46.350685010362398 ], [ 9.809404016040968, 46.348549506947364 ], [ 9.802398003607875, 46.344203009446204 ], [ 9.784503393755836, 46.340994696647364 ], [ 9.778579510641311, 46.335461006419663 ], [ 9.769648004541652, 46.335913512123987 ], [ 9.757628505211375, 46.34441500587711 ], [ 9.747367008566021, 46.347892504983434 ], [ 9.743532512559847, 46.35182000742595 ], [ 9.73583850368621, 46.350313012495057 ], [ 9.726695008692129, 46.34426800646203 ], [ 9.723150516221649, 46.340740006370552 ], [ 9.727061507638179, 46.33269750876336 ], [ 9.723337512095528, 46.331260013962364 ], [ 9.717325501441183, 46.323980502856564 ], [ 9.718268506570681, 46.321669013715479 ], [ 9.726011007408051, 46.31969401228865 ], [ 9.725822512515146, 46.313275504090697 ], [ 9.724475505907462, 46.310015005663608 ], [ 9.718219013931975, 46.30628151253687 ], [ 9.714451050775665, 46.292918413877523 ], [ 9.710146016366544, 46.29173500645927 ], [ 9.702705507744756, 46.290810503296029 ], [ 9.694099511059049, 46.293959010475028 ], [ 9.688660502201765, 46.293835011539905 ], [ 9.681814017263909, 46.297094510812833 ], [ 9.681247517364721, 46.299980512722996 ], [ 9.676512516854286, 46.303048510487329 ], [ 9.67000301337802, 46.299899512792933 ], [ 9.669252512298225, 46.296312004927103 ], [ 9.65997600432574, 46.296052008651479 ], [ 9.651024004936271, 46.292547004774661 ], [ 9.649706501991128, 46.289813508238673 ], [ 9.639238004549034, 46.286154003393264 ], [ 9.624501003462163, 46.28843050575864 ], [ 9.618829006506722, 46.287364511657124 ], [ 9.610439501591086, 46.29464800324255 ], [ 9.599309516771507, 46.295710010043749 ], [ 9.592726003942008, 46.293505506289343 ], [ 9.589966517251028, 46.294924507770908 ], [ 9.579259003896613, 46.294904009172207 ], [ 9.573095508783007, 46.299056012983336 ], [ 9.562162011828688, 46.302707512421968 ], [ 9.559820017784268, 46.306293009588074 ], [ 9.554392511300319, 46.305970004190264 ], [ 9.549529420397013, 46.302379100035481 ], [ 9.539132510181776, 46.308099503455239 ], [ 9.51866750199059, 46.326842510298327 ], [ 9.516721002939247, 46.33260250648685 ], [ 9.514232504794469, 46.332342005330737 ], [ 9.508472516561573, 46.351480507938177 ], [ 9.500530503030673, 46.35616651293703 ], [ 9.496424011125082, 46.364103010542721 ], [ 9.483019003403424, 46.367335012661499 ], [ 9.479331005436251, 46.37123750453334 ], [ 9.476028515916459, 46.370653003845831 ], [ 9.460813508983918, 46.375970509816028 ], [ 9.462817003627006, 46.379039012730566 ], [ 9.461739009582892, 46.383491505157565 ], [ 9.465143002618319, 46.384262003966498 ], [ 9.468653515861769, 46.388940506082001 ], [ 9.46156100291112, 46.412181008718385 ], [ 9.456303505464057, 46.415916002832006 ], [ 9.466335178798696, 46.418795424020686 ], [ 9.467439222793701, 46.422222164517834 ], [ 9.481899677608387, 46.43164515475835 ], [ 9.485238178513393, 46.428030474056314 ], [ 9.487619532972037, 46.431469982947235 ], [ 9.506381068734438, 46.437122695449219 ], [ 9.512206399544928, 46.432543960005788 ], [ 9.517898913472139, 46.431314900004978 ], [ 9.517346911515174, 46.427779486340988 ], [ 9.523085326189145, 46.416587608345139 ], [ 9.522503728904784, 46.40754547523818 ], [ 9.524218350678431, 46.402402607665017 ], [ 9.528386515578893, 46.398834293849873 ], [ 9.526885919487496, 46.394992444479037 ], [ 9.533469229093464, 46.388985706870585 ], [ 9.551917784837846, 46.381840019157003 ], [ 9.567326999095526, 46.393457243068895 ], [ 9.569100479222689, 46.402188924764545 ], [ 9.581486021732472, 46.404871158188449 ], [ 9.586843757030561, 46.402852965262291 ], [ 9.593152099337384, 46.410697406709232 ], [ 9.597491483236094, 46.412180699565205 ], [ 9.605677209141573, 46.410278717498379 ], [ 9.607655236786103, 46.407037214008589 ], [ 9.610964755968828, 46.406190924451593 ], [ 9.638503942256397, 46.404552972322278 ], [ 9.637788176390439, 46.406150718252078 ], [ 9.643490844719183, 46.406903875301261 ], [ 9.648280115049406, 46.413335069946505 ], [ 9.656488914381278, 46.414578677984288 ], [ 9.663435395800485, 46.413587656025534 ], [ 9.663915116366638, 46.420840659812328 ], [ 9.674011825754791, 46.423017891268884 ], [ 9.678271480535985, 46.428792404327865 ], [ 9.703795769084294, 46.440677667273476 ], [ 9.714537177473996, 46.438545787564834 ], [ 9.721784994668663, 46.441567947713914 ], [ 9.722339982589032, 46.445471544600963 ], [ 9.728795360505222, 46.450660109872125 ], [ 9.732528088289484, 46.457946292631533 ], [ 9.726359190312067, 46.461733618414385 ], [ 9.726049800776869, 46.4698303820064 ], [ 9.732169170621548, 46.486697925687245 ], [ 9.728016992747598, 46.489877548045989 ], [ 9.730969842518173, 46.49314777753726 ], [ 9.729555191081296, 46.497595070502051 ], [ 9.72313440046692, 46.499848294131958 ], [ 9.727766139341519, 46.507989534489603 ], [ 9.725016710153815, 46.510168785942085 ], [ 9.702234456614846, 46.511471035593068 ], [ 9.697730970557918, 46.514440488702576 ], [ 9.699562671040418, 46.521468547176298 ], [ 9.695599070528404, 46.524589137959232 ], [ 9.700068312621184, 46.531699757634264 ], [ 9.696968961737618, 46.533048304757997 ], [ 9.693478057621212, 46.540965049521397 ], [ 9.694783592596862, 46.542873997315013 ], [ 9.700768236380918, 46.544077943284435 ], [ 9.716563839181534, 46.542547538775274 ], [ 9.726495221370882, 46.550402549400154 ], [ 9.73562636653506, 46.553476202946975 ], [ 9.736993330558041, 46.55648139484655 ], [ 9.740561292377219, 46.557552137450116 ], [ 9.748443468154083, 46.555466365653984 ], [ 9.754217524536941, 46.556563833522581 ], [ 9.755855814726843, 46.559176314103595 ], [ 9.763721861042329, 46.559150704334947 ], [ 9.766110577478431, 46.561603705340147 ], [ 9.800404504389332, 46.565612295536248 ], [ 9.815061526320573, 46.568366799088629 ], [ 9.817584951878246, 46.571148949256383 ], [ 9.831356090785848, 46.572407967066866 ], [ 9.826388297239333, 46.578713230919838 ], [ 9.824110792049005, 46.588624757500199 ], [ 9.828332694288097, 46.59111007066214 ], [ 9.828233241421794, 46.596539016833098 ], [ 9.834160162937858, 46.597116349731508 ], [ 9.841304609426265, 46.595120724037237 ], [ 9.854965461659681, 46.603399237456536 ], [ 9.862868558090362, 46.60317712117277 ], [ 9.864782125884441, 46.607699273770052 ], [ 9.862907964745281, 46.610169185694922 ], [ 9.872146959150765, 46.621320854203091 ], [ 9.876904928077854, 46.618789044608093 ], [ 9.887921851569905, 46.62266546037791 ], [ 9.876593419456128, 46.644886448056731 ], [ 9.864393945475131, 46.654038848855947 ], [ 9.864520124760283, 46.658302087222651 ], [ 9.870948709957748, 46.665211870905004 ], [ 9.868174668704301, 46.670382985446388 ], [ 9.88062247707833, 46.684282646548994 ], [ 9.884676127647859, 46.680811741756258 ], [ 9.894860809113007, 46.68162763574599 ], [ 9.902204080998695, 46.684934083726866 ], [ 9.90933576480734, 46.685598671142237 ], [ 9.913557407695972, 46.690961052802578 ], [ 9.929348998927287, 46.695882032668351 ], [ 9.937166459761917, 46.696061924487623 ] ] ] } },
{ "type": "Feature", "properties": { "bezirk_id": "B_1847" }, "geometry": { "type": "Polygon", "coordinates": [ [ [ 9.282457245958796, 46.508621970984265 ], [ 9.282739509150638, 46.496695005673445 ], [ 9.278994011773156, 46.487463013646156 ], [ 9.274375006667732, 46.483698012790228 ], [ 9.277553511646865, 46.479103503702781 ], [ 9.273640503308663, 46.466132511207093 ], [ 9.277897009621702, 46.461005510576108 ], [ 9.266221003049534, 46.451533008500746 ], [ 9.252794001187521, 46.449477509586316 ], [ 9.247002510169184, 46.446794510328623 ], [ 9.249851015899202, 46.431012505063983 ], [ 9.260832002694352, 46.425004009157782 ], [ 9.263527005012058, 46.420585508918435 ], [ 9.269646514814326, 46.418181012341599 ], [ 9.274534011912364, 46.418845509586816 ], [ 9.2804760179234, 46.413061512649939 ], [ 9.282117503567036, 46.405097012080567 ], [ 9.278612006929055, 46.403434503078749 ], [ 9.281692502611412, 46.401535508624391 ], [ 9.275405508817398, 46.394951512970863 ], [ 9.278490014688796, 46.389076511000596 ], [ 9.283518513887159, 46.386295006407025 ], [ 9.283506009976149, 46.383651511512767 ], [ 9.275190012171041, 46.37346400341238 ], [ 9.277149511679879, 46.371425510587045 ], [ 9.276072502652239, 46.367811013794693 ], [ 9.278838000891003, 46.366608003272837 ], [ 9.282530006207972, 46.35784350463625 ], [ 9.29650851706257, 46.355652513783745 ], [ 9.297838012981737, 46.35146101100176 ], [ 9.296144508432915, 46.34911251356634 ], [ 9.299976515850961, 46.343647012317781 ], [ 9.292313012639715, 46.335887505878404 ], [ 9.293514510487274, 46.331871508456949 ], [ 9.300141508687918, 46.326456506448885 ], [ 9.295892002021807, 46.323250009236546 ], [ 9.294728014846001, 46.317239010712498 ], [ 9.28528851324949, 46.314388505459327 ], [ 9.281611003813714, 46.309221012559973 ], [ 9.285065012063688, 46.29691250950426 ], [ 9.271965509307128, 46.289542506784763 ], [ 9.267763505891715, 46.282166006447611 ], [ 9.259212014799399, 46.278563013282302 ], [ 9.25704751245658, 46.269438503739508 ], [ 9.252117517220739, 46.26739201048737 ], [ 9.253147513342856, 46.262389008296374 ], [ 9.249096511141582, 46.256173514149232 ], [ 9.251341511428231, 46.251408512382262 ], [ 9.248358013356057, 46.247533505975085 ], [ 9.249802008709914, 46.239703508649576 ], [ 9.246438505770611, 46.23203751419009 ], [ 9.2355305020081, 46.233416504069659 ], [ 9.220906502987917, 46.22889351369227 ], [ 9.222997505861724, 46.2238400071762 ], [ 9.218830510104695, 46.214270511921335 ], [ 9.214401514577153, 46.21074850933892 ], [ 9.202173014274278, 46.208306006058066 ], [ 9.194844514136982, 46.193625007968741 ], [ 9.198089008812246, 46.187010503758984 ], [ 9.194925014885937, 46.184056011314404 ], [ 9.194038505345496, 46.178438003041279 ], [ 9.181099507550723, 46.169172506856654 ], [ 9.17274650732333, 46.170943509685848 ], [ 9.170446501023902, 46.17174300978381 ], [ 9.16866651042216, 46.171363005605151 ], [ 9.159377501213831, 46.169601013285302 ], [ 9.15294881571737, 46.170380951103979 ], [ 9.139271378527923, 46.178640776645153 ], [ 9.13176448507539, 46.183828298563832 ], [ 9.13107746348714, 46.188400431900327 ], [ 9.118997270100897, 46.200385775706863 ], [ 9.111221378925656, 46.204991016107591 ], [ 9.089259959513118, 46.212395160254026 ], [ 9.087722365026984, 46.213407350002512 ], [ 9.079543970738413, 46.233433769354868 ], [ 9.074477509980943, 46.231568051476451 ], [ 9.071053608624633, 46.235855412103525 ], [ 9.07609380677904, 46.237887943776677 ], [ 9.077754369110901, 46.260303874922442 ], [ 9.062643628235792, 46.276006696611034 ], [ 9.053912037961641, 46.29221033129577 ], [ 9.055654568087993, 46.29602635071295 ], [ 9.06047899699484, 46.297406962017611 ], [ 9.069943421036465, 46.307834088689461 ], [ 9.07510699452043, 46.314606722856055 ], [ 9.063719237642115, 46.327205428134796 ], [ 9.069605658890898, 46.332492349780836 ], [ 9.066435561417752, 46.336370935603966 ], [ 9.069301733496674, 46.343572759920086 ], [ 9.071147148156953, 46.343591163104392 ], [ 9.088428056035729, 46.349630104069334 ], [ 9.092618155440363, 46.357513919765147 ], [ 9.094442580715148, 46.364073549527198 ], [ 9.09294595858119, 46.37083464993762 ], [ 9.095222513501795, 46.373023811506897 ], [ 9.087253117806092, 46.388831906172669 ], [ 9.096211329629542, 46.399876349764391 ], [ 9.09044427973104, 46.40652879482559 ], [ 9.102259277439165, 46.41091788183315 ], [ 9.10091424955654, 46.417541891209602 ], [ 9.089012589221801, 46.432156907340385 ], [ 9.089495606615552, 46.436909626896529 ], [ 9.08700784542695, 46.443694017309902 ], [ 9.091226437547292, 46.448437391652 ], [ 9.095080316426236, 46.460393053434117 ], [ 9.085050270378835, 46.470958222093586 ], [ 9.085366410722004, 46.47536246696378 ], [ 9.078598455381718, 46.47808772520461 ], [ 9.156103806723529, 46.505527735550594 ], [ 9.196619607897098, 46.506383595407883 ], [ 9.204015218290435, 46.50499120055099 ], [ 9.20399289495748, 46.506305240806114 ], [ 9.206780166491697, 46.504264355212449 ], [ 9.210143323439464, 46.504697842593458 ], [ 9.226807965602529, 46.511734072661291 ], [ 9.230264185774725, 46.516142609571972 ], [ 9.249309335975497, 46.516605515837256 ], [ 9.263575663158587, 46.519904495670978 ], [ 9.271085530981736, 46.523805765163594 ], [ 9.274808913562829, 46.519048660973617 ], [ 9.272603745729061, 46.51166986069525 ], [ 9.282457245958796, 46.508621970984265 ] ] ] } },
{ "type": "Feature", "properties": { "bezirk_id": "B_1848" }, "geometry": { "type": "Polygon", "coordinates": [ [ [ 9.522754113662968, 46.89796027971547 ], [ 9.52472195599419, 46.897249535852254 ], [ 9.539043469992539, 46.897230482618163 ], [ 9.53666763122447, 46.88849155401892 ], [ 9.568433068826284, 46.874280687589824 ], [ 9.58045084458009, 46.857750685878827 ], [ 9.581419507644535, 46.860333150635164 ], [ 9.588401676176774, 46.864017526093185 ], [ 9.59056425488702, 46.863634896616546 ], [ 9.595003506326266, 46.867681667884561 ], [ 9.60205881757077, 46.86791735188784 ], [ 9.610942399151211, 46.871510412923151 ], [ 9.622825587098452, 46.868476444775609 ], [ 9.632245382300852, 46.873596433007691 ], [ 9.637872229910036, 46.865830356208761 ], [ 9.643974794717797, 46.864587962847196 ], [ 9.674062877389316, 46.865299533125309 ], [ 9.675584279692901, 46.86654763176125 ], [ 9.681918042773418, 46.868034365412306 ], [ 9.69252524920754, 46.862210392439685 ], [ 9.702144824983868, 46.86165139514015 ], [ 9.703410613028014, 46.859619538154512 ], [ 9.714230763933758, 46.857991827671874 ], [ 9.72336838222056, 46.851357201093151 ], [ 9.740337803812601, 46.854625448538826 ], [ 9.758348953689429, 46.860704847528773 ], [ 9.765130040295418, 46.866425581196964 ], [ 9.768990514647836, 46.866490955686452 ], [ 9.776867154771153, 46.864467297376422 ], [ 9.786513889521782, 46.858222053286518 ], [ 9.787221883626092, 46.854004814064986 ], [ 9.795471854766529, 46.854869948910526 ], [ 9.797830827269381, 46.851824492531115 ], [ 9.802660202340846, 46.851571728143718 ], [ 9.805901708647504, 46.849218790626765 ], [ 9.800559023110331, 46.84225577779781 ], [ 9.797268531968777, 46.841990754787417 ], [ 9.792844892688144, 46.837708257844824 ], [ 9.79725541988773, 46.83720334041822 ], [ 9.804464235669917, 46.832338621065659 ], [ 9.80683351121143, 46.824792995508858 ], [ 9.803944243766562, 46.818418237810498 ], [ 9.793802392882375, 46.811941201573092 ], [ 9.776011386817315, 46.807635970052175 ], [ 9.775650098214211, 46.803539647054421 ], [ 9.76861552857997, 46.799678664685999 ], [ 9.753207026906979, 46.79639227798323 ], [ 9.748458821461721, 46.787426124673473 ], [ 9.734197556489908, 46.781126291336989 ], [ 9.731226213018564, 46.777181331316335 ], [ 9.725658461122389, 46.775934130991047 ], [ 9.724367258302095, 46.773287218973991 ], [ 9.732761833013072, 46.766792317999979 ], [ 9.722510576530146, 46.762858265701546 ], [ 9.720396031731372, 46.754981228128464 ], [ 9.715186172205092, 46.75129661363988 ], [ 9.715176821701734, 46.747355133845979 ], [ 9.70428688965349, 46.743990229231109 ], [ 9.701278278995865, 46.739991301163123 ], [ 9.692515593749256, 46.738922886195169 ], [ 9.684436560471902, 46.740117131457012 ], [ 9.677289132368017, 46.732860338403675 ], [ 9.668972643967576, 46.730197545354336 ], [ 9.664070781448048, 46.729708355930768 ], [ 9.661897538423091, 46.735087194895385 ], [ 9.668382582552409, 46.738083294773318 ], [ 9.673327883808442, 46.744969828821105 ], [ 9.677122358476687, 46.745237405903183 ], [ 9.686271131191045, 46.752409828528698 ], [ 9.692018902355313, 46.76086365336765 ], [ 9.687129367357786, 46.762939906410118 ], [ 9.686640650197493, 46.765037331802297 ], [ 9.682235541079621, 46.761776345528801 ], [ 9.67900699391884, 46.762550702061624 ], [ 9.672549016725057, 46.759977572657206 ], [ 9.673397800589328, 46.758341117950259 ], [ 9.669699444190812, 46.756937636542382 ], [ 9.669083076490912, 46.754699916297049 ], [ 9.664997364586661, 46.760710089888605 ], [ 9.647452003143041, 46.747336543299852 ], [ 9.613894334878561, 46.737830507385198 ], [ 9.603605573674164, 46.743029620753411 ], [ 9.597405664003626, 46.742499190332538 ], [ 9.600284472895941, 46.751614523403724 ], [ 9.59925640435895, 46.756016438226155 ], [ 9.602527512241037, 46.759221041898357 ], [ 9.595271500513226, 46.77095789126323 ], [ 9.588812120504128, 46.764987560167917 ], [ 9.589354089337402, 46.76216071972447 ], [ 9.583246577426189, 46.761699731235645 ], [ 9.575625510370372, 46.750144278553591 ], [ 9.558850066713168, 46.755685495706444 ], [ 9.560043903035924, 46.75674315542939 ], [ 9.554746033890664, 46.760872943137279 ], [ 9.553386211671688, 46.765262519581889 ], [ 9.548616947731013, 46.764864859918063 ], [ 9.544529928963932, 46.768854765569039 ], [ 9.537488448545373, 46.767958617543464 ], [ 9.540374350695384, 46.76337918821028 ], [ 9.539430888739727, 46.756980512793994 ], [ 9.534653718759868, 46.756357463942209 ], [ 9.534968042969965, 46.75400304154774 ], [ 9.514471686366432, 46.752820985556802 ], [ 9.507472424658578, 46.763530414198932 ], [ 9.497986205377337, 46.767499354384796 ], [ 9.491306884287487, 46.776771145521955 ], [ 9.493337976290755, 46.77954213924825 ], [ 9.501429457712909, 46.782527710837826 ], [ 9.495066452619492, 46.797373028293315 ], [ 9.497350343747016, 46.800904279883291 ], [ 9.496508903120709, 46.806318532222186 ], [ 9.491105200364014, 46.811706851753442 ], [ 9.497233863734058, 46.818426409840811 ], [ 9.490609098172921, 46.820012332444747 ], [ 9.488208391606761, 46.822718960025654 ], [ 9.488248210585008, 46.833750313859255 ], [ 9.491422898649525, 46.835511014574507 ], [ 9.484615026651403, 46.845792284117863 ], [ 9.494402136637261, 46.854120188020623 ], [ 9.487400915927802, 46.865916765112509 ], [ 9.481494029081571, 46.86272904470686 ], [ 9.467672270208581, 46.878182282009 ], [ 9.454469716524299, 46.884453555154536 ], [ 9.455920722872019, 46.88639859279008 ], [ 9.46681565652335, 46.886088972312791 ], [ 9.469735793425269, 46.891472126772193 ], [ 9.467721928981389, 46.896888828433447 ], [ 9.483883971121736, 46.894189519574695 ], [ 9.498806255029391, 46.895829444668493 ], [ 9.51057063565281, 46.899639290524718 ], [ 9.515369493606874, 46.9042404615493 ], [ 9.522773785200732, 46.902531123200539 ], [ 9.522754113662968, 46.89796027971547 ] ] ] } },
{ "type": "Feature", "properties": { "bezirk_id": "B_1849" }, "geometry": { "type": "Polygon", "coordinates": [ [ [ 9.68204701116454, 47.058955011238773 ], [ 9.688214517961283, 47.055230010865529 ], [ 9.697583009443392, 47.052392503957279 ], [ 9.707326516822375, 47.053839012788799 ], [ 9.707033502292511, 47.048050009645607 ], [ 9.718234001989886, 47.043379009550705 ], [ 9.741354002881806, 47.04260001017596 ], [ 9.745223009437833, 47.041107510996682 ], [ 9.748100502972147, 47.036928011837205 ], [ 9.783335502218183, 47.038458504725803 ], [ 9.791911515011808, 47.031692011741818 ], [ 9.801422517552284, 47.029093002875648 ], [ 9.812349008613499, 47.021738512154258 ], [ 9.815469512658151, 47.022549508400999 ], [ 9.824152004102384, 47.019623504419464 ], [ 9.830726514829948, 47.014332012839319 ], [ 9.836141017302159, 47.01253700315624 ], [ 9.841030017517753, 47.015125013635874 ], [ 9.852750004318576, 47.016419005311185 ], [ 9.860681515845226, 47.023314514146612 ], [ 9.867207003840116, 47.021330510423887 ], [ 9.876267501622767, 47.021233004990378 ], [ 9.880351502882695, 47.018024004882207 ], [ 9.871172007544033, 47.013064012786899 ], [ 9.870725001366599, 47.009644512091405 ], [ 9.872956515759451, 47.006528510259209 ], [ 9.88876492485627, 47.000735836114742 ], [ 9.892325006273436, 46.990365503775266 ], [ 9.883027008909902, 46.983280006240406 ], [ 9.884570009719015, 46.980854508856034 ], [ 9.875722015309446, 46.973659511223417 ], [ 9.875604504930513, 46.967502009841212 ], [ 9.871269010051147, 46.963101011588634 ], [ 9.878741001628793, 46.957073511394626 ], [ 9.874899515566801, 46.950397006895329 ], [ 9.876592003395618, 46.940713008834599 ], [ 9.880727509519788, 46.940118507304625 ], [ 9.876148502948638, 46.934635511375028 ], [ 9.880746511389976, 46.935024004488007 ], [ 9.894506513473987, 46.9316520030048 ], [ 9.906342017981997, 46.925308008064654 ], [ 9.912331016473525, 46.926062503078654 ], [ 9.921551516267881, 46.918831008101471 ], [ 9.937602009318537, 46.913249504819433 ], [ 9.946142007157794, 46.912356512098853 ], [ 9.959091013667226, 46.916031510009752 ], [ 9.963132005341253, 46.912404503320076 ], [ 9.96658701275863, 46.912230007480218 ], [ 9.977887005886293, 46.915890004020746 ], [ 9.980803014008806, 46.913378008201427 ], [ 9.982454003605541, 46.906206006844549 ], [ 9.990130017789451, 46.902415513944746 ], [ 9.995835511341536, 46.902268006548269 ], [ 10.005929005830556, 46.898807006407239 ], [ 10.017838506615249, 46.901622004388926 ], [ 10.026487503733993, 46.895813006414087 ], [ 10.034674009318348, 46.886587507152186 ], [ 10.039329008831229, 46.885814005442704 ], [ 10.042457517680067, 46.880447006227811 ], [ 10.052619513421895, 46.875754011963032 ], [ 10.051217508131431, 46.863949511128538 ], [ 10.059581002206986, 46.860782009295257 ], [ 10.08735151439987, 46.861190004112764 ], [ 10.0926160166056, 46.858180512547136 ], [ 10.092319007904235, 46.851706506358809 ], [ 10.09679701333876, 46.848790505848967 ], [ 10.085048814565733, 46.842754041791856 ], [ 10.079634239837286, 46.834526888602703 ], [ 10.076448831238306, 46.8358965328487 ], [ 10.072554021587035, 46.834834324162543 ], [ 10.068966897249377, 46.829867725195115 ], [ 10.074661382483056, 46.827252363181849 ], [ 10.066038028020969, 46.821717743287657 ], [ 10.062155747008026, 46.813085577473451 ], [ 10.049252672110901, 46.81221117937578 ], [ 10.043713958671308, 46.80936753004336 ], [ 10.031171583976777, 46.811056973222051 ], [ 10.027671771447373, 46.800705028745014 ], [ 10.020600942130839, 46.795104951505728 ], [ 10.000103291466264, 46.794252596190539 ], [ 9.992902252143766, 46.789418819479117 ], [ 9.987251228796104, 46.772732799452207 ], [ 9.973912051275596, 46.768196816558252 ], [ 9.966473763855385, 46.762646748856184 ], [ 9.963792665243068, 46.760771087954915 ], [ 9.965996664211968, 46.756942246165686 ], [ 9.963888528805951, 46.754711895472205 ], [ 9.952931987499328, 46.750867835869109 ], [ 9.945414436376536, 46.75196026655172 ], [ 9.933863028180589, 46.749648486792076 ], [ 9.943970978671036, 46.730202851226601 ], [ 9.942468287481306, 46.725465821569834 ], [ 9.946772440127008, 46.72402122229245 ], [ 9.947152879112334, 46.721789833704911 ], [ 9.953750910104736, 46.721275483975148 ], [ 9.959523949109455, 46.715432913846129 ], [ 9.955361397734647, 46.71091681299778 ], [ 9.955800639768608, 46.707712070335369 ], [ 9.95243765162796, 46.705455249543107 ], [ 9.957087547929509, 46.698845511309401 ], [ 9.955428746561081, 46.693572070998997 ], [ 9.942317050259483, 46.693455868683188 ], [ 9.937166459761917, 46.696061924487623 ], [ 9.929348998927287, 46.695882032668351 ], [ 9.913557407695972, 46.690961052802578 ], [ 9.90933576480734, 46.685598671142237 ], [ 9.902204080998695, 46.684934083726866 ], [ 9.894860809113007, 46.68162763574599 ], [ 9.884676127647859, 46.680811741756258 ], [ 9.88062247707833, 46.684282646548994 ], [ 9.87125264444331, 46.686463028451996 ], [ 9.861272175565869, 46.69311950816288 ], [ 9.851238634007508, 46.689282457115993 ], [ 9.835954089986025, 46.677014408142341 ], [ 9.829932018852073, 46.674783038443053 ], [ 9.81917480051715, 46.683459000401626 ], [ 9.773035835116165, 46.670374323489611 ], [ 9.758683038294821, 46.675896210521188 ], [ 9.750896881086272, 46.676657455721298 ], [ 9.751190856452965, 46.680467247566497 ], [ 9.744072013388374, 46.688602972684166 ], [ 9.743572954704398, 46.696208553785667 ], [ 9.735469515060966, 46.695427205271443 ], [ 9.732538013378296, 46.692577966720727 ], [ 9.732520738185157, 46.700211248328493 ], [ 9.723847780578346, 46.699890490735939 ], [ 9.714200331814844, 46.693828989182741 ], [ 9.71442271320716, 46.690728792064554 ], [ 9.720219891502014, 46.687409125606088 ], [ 9.724207399714917, 46.681515652900337 ], [ 9.717812986083775, 46.682129696065374 ], [ 9.722354483477853, 46.677899075264733 ], [ 9.71656174999489, 46.673551372199128 ], [ 9.714695244180822, 46.673624672953302 ], [ 9.714597025629045, 46.681528026923431 ], [ 9.710451413224346, 46.690214072033669 ], [ 9.706351594119205, 46.687883920033862 ], [ 9.701275462265748, 46.688146802960723 ], [ 9.702694137007919, 46.689855484038922 ], [ 9.698813896122269, 46.694945080397851 ], [ 9.696461835707414, 46.707500620554519 ], [ 9.689512580512659, 46.714963379663487 ], [ 9.675598640265505, 46.723660398734481 ], [ 9.668972643967576, 46.730197545354336 ], [ 9.677289132368017, 46.732860338403675 ], [ 9.684436560471902, 46.740117131457012 ], [ 9.692515593749256, 46.738922886195169 ], [ 9.701278278995865, 46.739991301163123 ], [ 9.70428688965349, 46.743990229231109 ], [ 9.715176821701734, 46.747355133845979 ], [ 9.715186172205092, 46.75129661363988 ], [ 9.720396031731372, 46.754981228128464 ], [ 9.722510576530146, 46.762858265701546 ], [ 9.732761833013072, 46.766792317999979 ], [ 9.724367258302095, 46.773287218973991 ], [ 9.725658461122389, 46.775934130991047 ], [ 9.731226213018564, 46.777181331316335 ], [ 9.734197556489908, 46.781126291336989 ], [ 9.748458821461721, 46.787426124673473 ], [ 9.753207026906979, 46.79639227798323 ], [ 9.76861552857997, 46.799678664685999 ], [ 9.775650098214211, 46.803539647054421 ], [ 9.776011386817315, 46.807635970052175 ], [ 9.793802392882375, 46.811941201573092 ], [ 9.803944243766562, 46.818418237810498 ], [ 9.80683351121143, 46.824792995508858 ], [ 9.804464235669917, 46.832338621065659 ], [ 9.79725541988773, 46.83720334041822 ], [ 9.792844892688144, 46.837708257844824 ], [ 9.797268531968777, 46.841990754787417 ], [ 9.800559023110331, 46.84225577779781 ], [ 9.805901708647504, 46.849218790626765 ], [ 9.802660202340846, 46.851571728143718 ], [ 9.797830827269381, 46.851824492531115 ], [ 9.795471854766529, 46.854869948910526 ], [ 9.787221883626092, 46.854004814064986 ], [ 9.786513889521782, 46.858222053286518 ], [ 9.776867154771153, 46.864467297376422 ], [ 9.768990514647836, 46.866490955686452 ], [ 9.765130040295418, 46.866425581196964 ], [ 9.758348953689429, 46.860704847528773 ], [ 9.740337803812601, 46.854625448538826 ], [ 9.72336838222056, 46.851357201093151 ], [ 9.714230763933758, 46.857991827671874 ], [ 9.703410613028014, 46.859619538154512 ], [ 9.702144824983868, 46.86165139514015 ], [ 9.69252524920754, 46.862210392439685 ], [ 9.681918042773418, 46.868034365412306 ], [ 9.675584279692901, 46.86654763176125 ], [ 9.674062877389316, 46.865299533125309 ], [ 9.643974794717797, 46.864587962847196 ], [ 9.637872229910036, 46.865830356208761 ], [ 9.632245382300852, 46.873596433007691 ], [ 9.635717492008101, 46.877642240836309 ], [ 9.646524159888477, 46.881627594155631 ], [ 9.655359052326149, 46.891868397850999 ], [ 9.646215644148336, 46.915352124504921 ], [ 9.635797589928908, 46.922643615857282 ], [ 9.620433617209796, 46.922397567977882 ], [ 9.619299711978446, 46.928115347117263 ], [ 9.614800860070021, 46.930549608153164 ], [ 9.612671580919356, 46.929870169268504 ], [ 9.612810377758381, 46.926807986843869 ], [ 9.618089490184587, 46.9209484409391 ], [ 9.610591384707156, 46.915781744433801 ], [ 9.603915693694292, 46.914369461921638 ], [ 9.595481521477389, 46.921484655167141 ], [ 9.602435221412806, 46.925870735274856 ], [ 9.601057287513868, 46.930144125707152 ], [ 9.606811468512875, 46.934390636478064 ], [ 9.604410838070807, 46.938386469520736 ], [ 9.597528273521448, 46.942025897640939 ], [ 9.593898391865526, 46.946521577032492 ], [ 9.598567611217129, 46.950554961063979 ], [ 9.600378772521033, 46.959312406352481 ], [ 9.605139281687315, 46.96524252172081 ], [ 9.603740286129621, 46.96738363566439 ], [ 9.611620202459223, 46.971103841835166 ], [ 9.609442212088412, 46.973484760805249 ], [ 9.609784543895936, 46.975772912640707 ], [ 9.594417787773143, 46.98008539661452 ], [ 9.594028606010268, 46.983818104302514 ], [ 9.591216507099716, 46.984518851823118 ], [ 9.596551463583214, 46.992931115999511 ], [ 9.592908318275898, 46.995546220178213 ], [ 9.597416906184657, 47.001040467989547 ], [ 9.599208034139737, 47.007629617801804 ], [ 9.597320104292264, 47.009095938438598 ], [ 9.600440158746178, 47.009478078653913 ], [ 9.603091420482533, 47.012586531333028 ], [ 9.617842200008562, 47.020747757956485 ], [ 9.628918127145862, 47.024532110370913 ], [ 9.615707670511622, 47.026511354400654 ], [ 9.615062111410895, 47.030060018254339 ], [ 9.623601814876412, 47.032930161515281 ], [ 9.625617792348168, 47.036536144978115 ], [ 9.635832282666824, 47.035909021663954 ], [ 9.636565005694781, 47.05170551446659 ], [ 9.641348518166279, 47.053925512502907 ], [ 9.645080512001821, 47.059778005773445 ], [ 9.65823801512955, 47.058185505936279 ], [ 9.681863505819246, 47.062101513755806 ], [ 9.68204701116454, 47.058955011238773 ] ] ] } },
{ "type": "Feature", "properties": { "bezirk_id": "B_1850" }, "geometry": { "type": "Polygon", "coordinates": [ [ [ 9.221483799671837, 46.882446265326266 ], [ 9.236920318775942, 46.868834139826944 ], [ 9.236943938900689, 46.860906824133188 ], [ 9.255606608112332, 46.838270425119518 ], [ 9.274985539096287, 46.820567949947424 ], [ 9.286052334318832, 46.815710668599245 ], [ 9.293251136562613, 46.815423079290525 ], [ 9.300559476294195, 46.813756570758343 ], [ 9.307559422026571, 46.807370719934298 ], [ 9.312515084789171, 46.808936158257438 ], [ 9.318324292174307, 46.806411269261964 ], [ 9.320844783558098, 46.809537050575891 ], [ 9.325857548429171, 46.804487462186934 ], [ 9.330637962246575, 46.80478629677895 ], [ 9.343313846267344, 46.800454533465839 ], [ 9.34095537781497, 46.795634900061614 ], [ 9.351912045933181, 46.78060504209018 ], [ 9.356165793732654, 46.783458061560246 ], [ 9.363603269172073, 46.784844597550915 ], [ 9.369693277794493, 46.783347054630504 ], [ 9.369202945453726, 46.778802290330091 ], [ 9.368796675373503, 46.773311296552663 ], [ 9.373836261145644, 46.770319571266917 ], [ 9.376214590418931, 46.771269024857737 ], [ 9.379404362654707, 46.766382817130278 ], [ 9.377141833292807, 46.764279699059706 ], [ 9.380245740523462, 46.76211236653743 ], [ 9.376821092116806, 46.752083611502691 ], [ 9.380179293305067, 46.747545419146881 ], [ 9.35606338990692, 46.718745228203886 ], [ 9.359283221298444, 46.707758259245651 ], [ 9.356360116212906, 46.705746879513505 ], [ 9.335065006106941, 46.696430093960188 ], [ 9.328645414330257, 46.687142680327391 ], [ 9.317377460463527, 46.677844988494869 ], [ 9.324071194499167, 46.674855038189342 ], [ 9.328000169627247, 46.675059904097552 ], [ 9.339996322663248, 46.66676201974645 ], [ 9.342294416125496, 46.661504702731982 ], [ 9.341244548926699, 46.653963772586025 ], [ 9.339580044046373, 46.64751287517754 ], [ 9.336000555698552, 46.646042875083374 ], [ 9.334835827260198, 46.643011893855579 ], [ 9.342637761323431, 46.638994497918098 ], [ 9.337041902281227, 46.637009346348016 ], [ 9.331998203361334, 46.63436687792084 ], [ 9.325161473154274, 46.634228408859087 ], [ 9.312163491899327, 46.630447858940578 ], [ 9.306820804253126, 46.630814590690939 ], [ 9.304693621053062, 46.627466189273363 ], [ 9.306292370645249, 46.621573208156406 ], [ 9.301931467421506, 46.615921881139457 ], [ 9.312946445598296, 46.610846049115771 ], [ 9.311565018376722, 46.604516108842226 ], [ 9.313518136278397, 46.599471982382866 ], [ 9.310609846474811, 46.598800013746967 ], [ 9.306682624961301, 46.587148990623696 ], [ 9.279756589714582, 46.582899949865187 ], [ 9.268680982636944, 46.578777608270251 ], [ 9.232775584996807, 46.575021598204714 ], [ 9.228635273425835, 46.566619777664414 ], [ 9.211226544095247, 46.563275305425663 ], [ 9.202335459199963, 46.553848813746043 ], [ 9.191391864639099, 46.554233994827619 ], [ 9.181513940978572, 46.551263598411865 ], [ 9.179768410277362, 46.548087120799515 ], [ 9.165612825490825, 46.545459736402236 ], [ 9.154882228243226, 46.539764702867963 ], [ 9.153773967027375, 46.532772177745088 ], [ 9.12299291171014, 46.524837676605877 ], [ 9.102459541120711, 46.509070382661903 ], [ 9.080191458941718, 46.508746497729327 ], [ 9.062996233420794, 46.512439715297305 ], [ 9.05330401508205, 46.510823353767968 ], [ 9.045485618313148, 46.505580684343109 ], [ 9.040150934527629, 46.49395027433566 ], [ 9.032672028857753, 46.502333164586176 ], [ 9.023537468274542, 46.508102381190412 ], [ 9.023155078870047, 46.519084603788727 ], [ 9.016624950089417, 46.532050795412715 ], [ 9.021713068522178, 46.5339594772461 ], [ 9.022949127717837, 46.537883133491214 ], [ 9.019241455483384, 46.547544001495183 ], [ 9.024634385749902, 46.555350652235219 ], [ 9.023232403734607, 46.558249375721203 ], [ 9.026689293322756, 46.561818121379083 ], [ 9.026694163157849, 46.565983865251958 ], [ 9.035393723241439, 46.575210409318544 ], [ 9.037317559491127, 46.582030447210187 ], [ 9.043738914991257, 46.58338862129149 ], [ 9.042803269043715, 46.588800293416845 ], [ 9.033523695567872, 46.594095273854983 ], [ 9.034090234192412, 46.600025636629105 ], [ 9.028071533523805, 46.599102145228819 ], [ 9.020791787385445, 46.60325241512863 ], [ 9.016221770574701, 46.603216882610859 ], [ 9.006160306684183, 46.610985664815345 ], [ 8.995566520325049, 46.611706887202324 ], [ 8.983733392376319, 46.608818033863088 ], [ 8.97308825201303, 46.602663936608522 ], [ 8.966031120585196, 46.603766558283397 ], [ 8.962200842760952, 46.602648251852209 ], [ 8.959542438595225, 46.610700361191917 ], [ 8.962938364693805, 46.6181586489095 ], [ 8.957378170015719, 46.630325246281771 ], [ 8.952431000316443, 46.632289534058827 ], [ 8.950667654606379, 46.624350421882752 ], [ 8.940751623685918, 46.61856151311143 ], [ 8.923077049492694, 46.623040000039019 ], [ 8.907285929694014, 46.615714183555397 ], [ 8.905409535839512, 46.612004565486245 ], [ 8.907197336203744, 46.606205353447599 ], [ 8.917066366230648, 46.596648566376459 ], [ 8.915929477044692, 46.592299704750623 ], [ 8.90343867513446, 46.584561685630071 ], [ 8.876371337367049, 46.57511809985386 ], [ 8.854492921761974, 46.570183210605187 ], [ 8.843188024301575, 46.563368658391134 ], [ 8.831800648469859, 46.563877589561883 ], [ 8.829644890522774, 46.571353490287208 ], [ 8.800596614167091, 46.563256857374434 ], [ 8.785195677661711, 46.567605800728956 ], [ 8.750744474734407, 46.576222524399903 ], [ 8.745520699936378, 46.572773886886353 ], [ 8.739048916411585, 46.572191281275472 ], [ 8.727933291527853, 46.57709509791146 ], [ 8.717510834662486, 46.57111291486116 ], [ 8.705297790340635, 46.573795635200064 ], [ 8.702996898915382, 46.579174293767544 ], [ 8.700924392307389, 46.578702484475563 ], [ 8.698395933023875, 46.581060662336874 ], [ 8.678729036735144, 46.579189468012345 ], [ 8.681918485904788, 46.588529227175336 ], [ 8.680894075340795, 46.595063019647093 ], [ 8.677599403448527, 46.598229779625015 ], [ 8.680066483106607, 46.606200955105379 ], [ 8.677565916536132, 46.609871852282957 ], [ 8.678737680546936, 46.615994830115078 ], [ 8.676985867854082, 46.61931567545809 ], [ 8.667852704871471, 46.620188347695859 ], [ 8.657959436994421, 46.62616052047705 ], [ 8.65658723401897, 46.631330272227999 ], [ 8.651197411540542, 46.635580204405798 ], [ 8.652510027121103, 46.638778015043123 ], [ 8.657642899884401, 46.64165610032493 ], [ 8.658433381880545, 46.647162567005694 ], [ 8.654864887035835, 46.649971674084981 ], [ 8.661221473849759, 46.6560663250254 ], [ 8.666301859013181, 46.655966718858082 ], [ 8.678591345391244, 46.664263503540468 ], [ 8.67371444619981, 46.671009953802127 ], [ 8.673649056417887, 46.676723518819678 ], [ 8.673950263081164, 46.69217644108187 ], [ 8.678302345262264, 46.694945148604958 ], [ 8.68628667466375, 46.694174322874147 ], [ 8.69258420638994, 46.701851347831564 ], [ 8.700196367150403, 46.703584716962453 ], [ 8.708568099438908, 46.699227382824439 ], [ 8.716854363390116, 46.702913408809991 ], [ 8.718192407431305, 46.706398112163512 ], [ 8.726110610728103, 46.707739474605432 ], [ 8.735276545726441, 46.713636439605885 ], [ 8.747529970312321, 46.718381709619607 ], [ 8.749065407907485, 46.720739216645541 ], [ 8.744332775486065, 46.728971492003247 ], [ 8.747766097650986, 46.736201490807353 ], [ 8.765548343576226, 46.745199759143617 ], [ 8.769638759748849, 46.744423393148757 ], [ 8.769584786183913, 46.740645391306842 ], [ 8.772820414375214, 46.73971693073041 ], [ 8.781984760919462, 46.728309470274567 ], [ 8.793569640232652, 46.731663237117104 ], [ 8.799517725723243, 46.731448498680734 ], [ 8.812974229647928, 46.737315083875238 ], [ 8.809868353197068, 46.743830161518915 ], [ 8.818352283154201, 46.758788600418193 ], [ 8.817613592733434, 46.762153339151219 ], [ 8.826014521197937, 46.765551321266969 ], [ 8.831493470542126, 46.764773859071802 ], [ 8.833945956885421, 46.766957135816654 ], [ 8.827898228815654, 46.779203589961838 ], [ 8.827933167846737, 46.791735722598766 ], [ 8.83445516780302, 46.795218948958535 ], [ 8.848069740995934, 46.794350024154056 ], [ 8.847650577210976, 46.798358788578994 ], [ 8.852532957220543, 46.799692975659198 ], [ 8.859884105271725, 46.805701626098674 ], [ 8.873929982735946, 46.808638958550802 ], [ 8.877168405270675, 46.813123664191039 ], [ 8.888578113077703, 46.814904792539366 ], [ 8.898388711832853, 46.814231075096117 ], [ 8.906741758466476, 46.81009343012667 ], [ 8.914855889149573, 46.811149492310847 ], [ 8.915288703701854, 46.799213915476614 ], [ 8.928275001219099, 46.796472165840505 ], [ 8.950721425525067, 46.802709100169487 ], [ 8.95456487471901, 46.805195334413121 ], [ 8.957779807199106, 46.804432864943884 ], [ 9.009012278427669, 46.811180773929628 ], [ 9.019964771603417, 46.817327749499938 ], [ 9.029967427200988, 46.833383855380816 ], [ 9.03440437350142, 46.835346368113782 ], [ 9.033727589162904, 46.839053662821854 ], [ 9.037578943870516, 46.845117954282081 ], [ 9.045952584376362, 46.850200925233139 ], [ 9.044183363001158, 46.855516137515281 ], [ 9.046150959313081, 46.866501061632974 ], [ 9.053554997995786, 46.867116533603962 ], [ 9.061381780878575, 46.874347483810482 ], [ 9.065631655745182, 46.874745973242469 ], [ 9.074107268652391, 46.875173939050498 ], [ 9.094924171615473, 46.871167529372485 ], [ 9.094669456507589, 46.867581294686836 ], [ 9.103608478432541, 46.859695815261112 ], [ 9.104783215384318, 46.853155631954621 ], [ 9.111320072875186, 46.850378976434179 ], [ 9.126960948881694, 46.856915128667751 ], [ 9.1285927918391, 46.859176362452025 ], [ 9.140440888077931, 46.861780855220751 ], [ 9.146535507067268, 46.871128302213918 ], [ 9.156817724065906, 46.873889477347888 ], [ 9.152977700016747, 46.879786429737855 ], [ 9.177321525642311, 46.879059117637283 ], [ 9.188272183692833, 46.87645382232288 ], [ 9.204156803348139, 46.883092883486931 ], [ 9.212966780958691, 46.891981145427195 ], [ 9.214294389286483, 46.88528435027208 ], [ 9.221483799671837, 46.882446265326266 ] ] ] } },
{ "type": "Feature", "properties": { "bezirk_id": "B_1851" }, "geometry": { "type": "Polygon", "coordinates": [ [ [ 9.46477056195582, 46.804645327058466 ], [ 9.474857813640968, 46.797969087461169 ], [ 9.483966907749844, 46.798031275124899 ], [ 9.497350343747016, 46.800904279883291 ], [ 9.495066452619492, 46.797373028293315 ], [ 9.501429457712909, 46.782527710837826 ], [ 9.493337976290755, 46.77954213924825 ], [ 9.491306884287487, 46.776771145521955 ], [ 9.497986205377337, 46.767499354384796 ], [ 9.507472424658578, 46.763530414198932 ], [ 9.514471686366432, 46.752820985556802 ], [ 9.50730277046285, 46.737617596844437 ], [ 9.513211172424695, 46.726531993512069 ], [ 9.510392876391073, 46.720275196211496 ], [ 9.489099553238061, 46.712228400694983 ], [ 9.499132383373246, 46.712191514991318 ], [ 9.503960524225274, 46.709134623077105 ], [ 9.490969133569687, 46.70222435044348 ], [ 9.494812901078371, 46.700805298912201 ], [ 9.496062759764323, 46.693106947754849 ], [ 9.50091620047038, 46.689725743948934 ], [ 9.512526179273181, 46.686599512932368 ], [ 9.505876181579396, 46.678558567933152 ], [ 9.50530247569889, 46.674501589102668 ], [ 9.509391202640259, 46.674076406446709 ], [ 9.51400137299343, 46.665452786814974 ], [ 9.51236560740942, 46.660299338778607 ], [ 9.500051578150465, 46.653737873318384 ], [ 9.497010097971861, 46.654170823013253 ], [ 9.488816819062263, 46.648334521096729 ], [ 9.50046512346468, 46.641636202504145 ], [ 9.501126885277703, 46.627829269530011 ], [ 9.498918385299739, 46.624719728391092 ], [ 9.50456409303349, 46.613531028695768 ], [ 9.501256199270154, 46.606239104451184 ], [ 9.496788655046899, 46.603440419316705 ], [ 9.496683302838603, 46.596558339703336 ], [ 9.500892339452493, 46.591226890592509 ], [ 9.495266184639791, 46.586073512626939 ], [ 9.494935069699078, 46.582857971872137 ], [ 9.496069225355948, 46.575620517778816 ], [ 9.501944689264702, 46.568522081035532 ], [ 9.501394816671919, 46.560946144732696 ], [ 9.506705573868325, 46.555855376821185 ], [ 9.498744693183594, 46.554047192254849 ], [ 9.497271140506017, 46.528004623117525 ], [ 9.492777192807765, 46.526052244387465 ], [ 9.495829693996209, 46.519922887672188 ], [ 9.503422648846067, 46.515978680341298 ], [ 9.518412148543241, 46.516974079928289 ], [ 9.521711079037008, 46.51462794409283 ], [ 9.52346339612734, 46.509358494929749 ], [ 9.531118264263057, 46.502720583323935 ], [ 9.530412049186069, 46.498270172843071 ], [ 9.526043594251838, 46.4951469728475 ], [ 9.519873293833587, 46.493946401009651 ], [ 9.527729414007508, 46.489869657399247 ], [ 9.545301377100962, 46.489095055946663 ], [ 9.554070481922349, 46.483775644563629 ], [ 9.55777006458684, 46.484768523787807 ], [ 9.565515670100963, 46.467030745161658 ], [ 9.58647827688122, 46.462622418308655 ], [ 9.5943736505115, 46.463696587099861 ], [ 9.604568136708609, 46.449949873705805 ], [ 9.606550839379208, 46.441578852730935 ], [ 9.60366719663487, 46.436846413128428 ], [ 9.609228016523783, 46.428137001975522 ], [ 9.612494993699448, 46.415484672966222 ], [ 9.605677209141573, 46.410278717498379 ], [ 9.597491483236094, 46.412180699565205 ], [ 9.593152099337384, 46.410697406709232 ], [ 9.586843757030561, 46.402852965262291 ], [ 9.581486021732472, 46.404871158188449 ], [ 9.569100479222689, 46.402188924764545 ], [ 9.567326999095526, 46.393457243068895 ], [ 9.551917784837846, 46.381840019157003 ], [ 9.533469229093464, 46.388985706870585 ], [ 9.526885919487496, 46.394992444479037 ], [ 9.528386515578893, 46.398834293849873 ], [ 9.524218350678431, 46.402402607665017 ], [ 9.522503728904784, 46.40754547523818 ], [ 9.523085326189145, 46.416587608345139 ], [ 9.517346911515174, 46.427779486340988 ], [ 9.517898913472139, 46.431314900004978 ], [ 9.512206399544928, 46.432543960005788 ], [ 9.506381068734438, 46.437122695449219 ], [ 9.487619532972037, 46.431469982947235 ], [ 9.485238178513393, 46.428030474056314 ], [ 9.481899677608387, 46.43164515475835 ], [ 9.467439222793701, 46.422222164517834 ], [ 9.466335178798696, 46.418795424020686 ], [ 9.456303505464057, 46.415916002832006 ], [ 9.45426150481655, 46.420777504062407 ], [ 9.457076501005469, 46.436708505685772 ], [ 9.460677509983288, 46.442535512257059 ], [ 9.459035504860529, 46.463334006610424 ], [ 9.465402009720263, 46.469647504209227 ], [ 9.462247516352887, 46.480472010161506 ], [ 9.449702511494301, 46.479980503640043 ], [ 9.449096006663819, 46.484377011971695 ], [ 9.461036506571203, 46.484844504013139 ], [ 9.462808503710367, 46.497643013189212 ], [ 9.46106600311313, 46.505487513288109 ], [ 9.464343007374016, 46.507782504923021 ], [ 9.458546011122449, 46.508351012354446 ], [ 9.455071003866056, 46.505321509924428 ], [ 9.434132501292391, 46.497976006544782 ], [ 9.424823510746068, 46.488600506551066 ], [ 9.426430509632008, 46.4859380117326 ], [ 9.424429002143768, 46.476665508019479 ], [ 9.413625011486161, 46.467212514145224 ], [ 9.410788512656765, 46.466791011017101 ], [ 9.389783503226667, 46.473088513788923 ], [ 9.385164514771274, 46.482143012425283 ], [ 9.377788013608161, 46.483948010061084 ], [ 9.371252016134676, 46.489419008783265 ], [ 9.368374502415511, 46.494466508476421 ], [ 9.373330017568669, 46.499771505612081 ], [ 9.373433501369908, 46.503551012454736 ], [ 9.362346504901106, 46.509505008144409 ], [ 9.355109017600165, 46.504264012240682 ], [ 9.351115014186759, 46.505368014259886 ], [ 9.339080507590543, 46.50380401367309 ], [ 9.337504503972291, 46.505975511028687 ], [ 9.311049016550465, 46.504138005933733 ], [ 9.290703005938367, 46.497075513954101 ], [ 9.282739509150638, 46.496695005673445 ], [ 9.282457245958796, 46.508621970984265 ], [ 9.272603745729061, 46.51166986069525 ], [ 9.274808913562829, 46.519048660973617 ], [ 9.271085530981736, 46.523805765163594 ], [ 9.263575663158587, 46.519904495670978 ], [ 9.249309335975497, 46.516605515837256 ], [ 9.230264185774725, 46.516142609571972 ], [ 9.226807965602529, 46.511734072661291 ], [ 9.210143323439464, 46.504697842593458 ], [ 9.206780166491697, 46.504264355212449 ], [ 9.20399289495748, 46.506305240806114 ], [ 9.204015218290435, 46.50499120055099 ], [ 9.196619607897098, 46.506383595407883 ], [ 9.156103806723529, 46.505527735550594 ], [ 9.078598455381718, 46.47808772520461 ], [ 9.073559202901865, 46.48028382764312 ], [ 9.060545582740556, 46.4763045930166 ], [ 9.053751518718606, 46.476887309490493 ], [ 9.045351659269908, 46.481298300403274 ], [ 9.04787009917942, 46.483646979827348 ], [ 9.046370254285103, 46.486655399684501 ], [ 9.038960325234001, 46.491573722733797 ], [ 9.040150934527629, 46.49395027433566 ], [ 9.045485618313148, 46.505580684343109 ], [ 9.05330401508205, 46.510823353767968 ], [ 9.062996233420794, 46.512439715297305 ], [ 9.080191458941718, 46.508746497729327 ], [ 9.102459541120711, 46.509070382661903 ], [ 9.12299291171014, 46.524837676605877 ], [ 9.153773967027375, 46.532772177745088 ], [ 9.154882228243226, 46.539764702867963 ], [ 9.165612825490825, 46.545459736402236 ], [ 9.179768410277362, 46.548087120799515 ], [ 9.181513940978572, 46.551263598411865 ], [ 9.191391864639099, 46.554233994827619 ], [ 9.202335459199963, 46.553848813746043 ], [ 9.211226544095247, 46.563275305425663 ], [ 9.228635273425835, 46.566619777664414 ], [ 9.232775584996807, 46.575021598204714 ], [ 9.268680982636944, 46.578777608270251 ], [ 9.279756589714582, 46.582899949865187 ], [ 9.306682624961301, 46.587148990623696 ], [ 9.310609846474811, 46.598800013746967 ], [ 9.313518136278397, 46.599471982382866 ], [ 9.311565018376722, 46.604516108842226 ], [ 9.312946445598296, 46.610846049115771 ], [ 9.301931467421506, 46.615921881139457 ], [ 9.306292370645249, 46.621573208156406 ], [ 9.304693621053062, 46.627466189273363 ], [ 9.306820804253126, 46.630814590690939 ], [ 9.312163491899327, 46.630447858940578 ], [ 9.325161473154274, 46.634228408859087 ], [ 9.331998203361334, 46.63436687792084 ], [ 9.337041902281227, 46.637009346348016 ], [ 9.342637761323431, 46.638994497918098 ], [ 9.334835827260198, 46.643011893855579 ], [ 9.336000555698552, 46.646042875083374 ], [ 9.339580044046373, 46.64751287517754 ], [ 9.341244548926699, 46.653963772586025 ], [ 9.342294416125496, 46.661504702731982 ], [ 9.339996322663248, 46.66676201974645 ], [ 9.328000169627247, 46.675059904097552 ], [ 9.324071194499167, 46.674855038189342 ], [ 9.317377460463527, 46.677844988494869 ], [ 9.328645414330257, 46.687142680327391 ], [ 9.335065006106941, 46.696430093960188 ], [ 9.356360116212906, 46.705746879513505 ], [ 9.359283221298444, 46.707758259245651 ], [ 9.35606338990692, 46.718745228203886 ], [ 9.380179293305067, 46.747545419146881 ], [ 9.376821092116806, 46.752083611502691 ], [ 9.380245740523462, 46.76211236653743 ], [ 9.395454361627781, 46.765172971987361 ], [ 9.401269871907498, 46.768087532639669 ], [ 9.397836641149254, 46.770549040037501 ], [ 9.420053013663644, 46.769976603595516 ], [ 9.406904765927401, 46.79472428227615 ], [ 9.414450314082227, 46.795403827160207 ], [ 9.415144596568449, 46.797542394579779 ], [ 9.428804912777817, 46.804827730534882 ], [ 9.432001606113635, 46.805158914037939 ], [ 9.43491408352337, 46.802417558912744 ], [ 9.442829529052043, 46.80489744964779 ], [ 9.451363031594058, 46.810569323633189 ], [ 9.458244840210501, 46.811995580150551 ], [ 9.46477056195582, 46.804645327058466 ] ] ] } },
{ "type": "Feature", "properties": { "bezirk_id": "B_1901" }, "geometry": { "type": "Polygon", "coordinates": [ [ [ 8.057766366208108, 47.466361294178128 ], [ 8.07399468701573, 47.465805681412917 ], [ 8.08003361502732, 47.466132158259448 ], [ 8.082603668411606, 47.463680436759006 ], [ 8.085720856911529, 47.463708028550265 ], [ 8.092400372109669, 47.456807833259873 ], [ 8.085353471114757, 47.455300390413797 ], [ 8.084937809139797, 47.448368072564541 ], [ 8.076385537630577, 47.448370538482763 ], [ 8.07703929345967, 47.442070885295749 ], [ 8.064354927077591, 47.440098438526128 ], [ 8.067001434411722, 47.437430761860078 ], [ 8.066737596066458, 47.431918640808746 ], [ 8.067804681749516, 47.429115588325104 ], [ 8.087523211402361, 47.426587187223376 ], [ 8.098416320678096, 47.423242610943454 ], [ 8.097474580411735, 47.419965006019929 ], [ 8.100939015755779, 47.418281248902055 ], [ 8.10398346913192, 47.41231445430244 ], [ 8.103981574093895, 47.408297911735907 ], [ 8.113376111144788, 47.405212336329349 ], [ 8.116278875507332, 47.400104467340725 ], [ 8.115821826225229, 47.393325267815044 ], [ 8.106727801658453, 47.388810837770293 ], [ 8.114280513776366, 47.378313368838441 ], [ 8.123565422814883, 47.372304296351373 ], [ 8.12485516593615, 47.368608853896056 ], [ 8.120941207235557, 47.360716759103035 ], [ 8.131052035331939, 47.359487306045793 ], [ 8.136772745546496, 47.356619562949426 ], [ 8.135255454902573, 47.349900708332882 ], [ 8.143035418352973, 47.334697447402625 ], [ 8.128545566904014, 47.332518251554269 ], [ 8.114594881128451, 47.335209215622214 ], [ 8.113183192789151, 47.333436519242788 ], [ 8.110965674140907, 47.333854211677576 ], [ 8.109276161984839, 47.338388364065331 ], [ 8.106497856525223, 47.338422452170569 ], [ 8.102100283098421, 47.335929286402227 ], [ 8.091233120658181, 47.334507079859826 ], [ 8.086027540122908, 47.330758612057217 ], [ 8.085619162320649, 47.322170969220025 ], [ 8.086642269155664, 47.313827130896833 ], [ 8.082121373289413, 47.309633890271876 ], [ 8.065100509613449, 47.311850261677399 ], [ 8.043314688630241, 47.31854153017084 ], [ 8.044282320611455, 47.324553891737203 ], [ 8.042254361744755, 47.330051246238206 ], [ 8.044517969234526, 47.330165319003584 ], [ 8.040041743257754, 47.340334654125009 ], [ 8.044048437404907, 47.345926362940624 ], [ 8.035606545856002, 47.346042247767564 ], [ 8.036865881145941, 47.34741190698611 ], [ 8.028275948987613, 47.349722698596068 ], [ 8.01190553909319, 47.349814070875041 ], [ 8.01298406131389, 47.354108115183642 ], [ 8.010459267189789, 47.356881962629402 ], [ 8.018877042780868, 47.36412558451444 ], [ 8.022764227336488, 47.364888529081654 ], [ 8.024079522844401, 47.367679848214749 ], [ 8.026726921423213, 47.371290527915974 ], [ 8.030874056749457, 47.383094096552703 ], [ 8.02743172128441, 47.393161541755184 ], [ 8.026558144876121, 47.395621472910456 ], [ 8.020347702291508, 47.395805783804093 ], [ 8.019888444204208, 47.393775347313309 ], [ 8.01045884609487, 47.395135545472968 ], [ 8.007195580609277, 47.407114214401815 ], [ 7.990995053059359, 47.411240176540637 ], [ 7.98954105117988, 47.414143297778494 ], [ 7.982088905049183, 47.413629884190627 ], [ 7.97413084852755, 47.419459351032913 ], [ 7.962728480794538, 47.422554525872215 ], [ 7.982609402620041, 47.42827922668144 ], [ 7.985627655154973, 47.422751473792459 ], [ 7.987183008688105, 47.428365571295117 ], [ 8.01529686985244, 47.430954184500457 ], [ 8.019540186339627, 47.431112849622366 ], [ 8.023436929755642, 47.435923185876923 ], [ 8.030462823245211, 47.435932443211989 ], [ 8.033773104470439, 47.442715185134524 ], [ 8.029757384406301, 47.44284369458439 ], [ 8.0324546362089, 47.446940291548898 ], [ 8.030103563199264, 47.447752821614017 ], [ 8.03181973071135, 47.450649200499953 ], [ 8.029817419274984, 47.451837695732827 ], [ 8.028868785807036, 47.461961099680153 ], [ 8.043012973461801, 47.466007512440036 ], [ 8.045836269097357, 47.464679579188491 ], [ 8.052015707601662, 47.465717328722334 ], [ 8.05117240737265, 47.46389595498313 ], [ 8.057766366208108, 47.466361294178128 ] ] ] } },
{ "type": "Feature", "properties": { "bezirk_id": "B_1902" }, "geometry": { "type": "Polygon", "coordinates": [ [ [ 8.264045928216063, 47.544917360920344 ], [ 8.264368667889627, 47.539185719666811 ], [ 8.271053032779363, 47.53346251314823 ], [ 8.2655974467398, 47.525964346910428 ], [ 8.274127782878296, 47.518689701163794 ], [ 8.279366007674424, 47.518292034903887 ], [ 8.282233421415283, 47.514916295530448 ], [ 8.289035778972869, 47.511070934205584 ], [ 8.292993788651081, 47.509539746861897 ], [ 8.314419605723932, 47.506312637514675 ], [ 8.317982712653489, 47.507454918235716 ], [ 8.321853133644979, 47.506310159631951 ], [ 8.326552132540153, 47.509485248955855 ], [ 8.332010062582119, 47.510387699025046 ], [ 8.331495202003829, 47.507396518021167 ], [ 8.337441062997543, 47.508115060245643 ], [ 8.341759895465286, 47.512290871669499 ], [ 8.34445298667568, 47.512179899015891 ], [ 8.361094169493446, 47.510267664274089 ], [ 8.357826373516879, 47.502468437147243 ], [ 8.359153293908459, 47.50091084301755 ], [ 8.363166802321915, 47.50120267416942 ], [ 8.358363502360854, 47.497454230910478 ], [ 8.362664533055595, 47.490629118103321 ], [ 8.363569144045716, 47.480835813862051 ], [ 8.373290984041008, 47.48138735074123 ], [ 8.375259456767271, 47.471108596991336 ], [ 8.36784340578358, 47.470313884591882 ], [ 8.365769168033186, 47.466228973904542 ], [ 8.369481760436944, 47.465389655994741 ], [ 8.372800490201442, 47.45874285693575 ], [ 8.378919014909627, 47.458999118538358 ], [ 8.380142717565477, 47.456200821545238 ], [ 8.38296708215427, 47.456177805383952 ], [ 8.386785763653267, 47.449436537534069 ], [ 8.381796235492066, 47.448478910126376 ], [ 8.38091317911435, 47.446534256341714 ], [ 8.383916135892255, 47.434942545517394 ], [ 8.382859328182064, 47.432909371785868 ], [ 8.377108520135216, 47.433792688742621 ], [ 8.374682447506194, 47.432274249606948 ], [ 8.376978798711479, 47.429440287575275 ], [ 8.387681123234049, 47.428255595627476 ], [ 8.392088569761974, 47.420492825205123 ], [ 8.386949339370211, 47.416190604328875 ], [ 8.383707236230602, 47.417944150376542 ], [ 8.381742741632568, 47.416269170867466 ], [ 8.384956550933683, 47.414416967521191 ], [ 8.381203642141895, 47.41051689689256 ], [ 8.384599063853925, 47.406225620697647 ], [ 8.379244883118343, 47.402392543666195 ], [ 8.375842546143264, 47.404794811761967 ], [ 8.36896424624838, 47.403159349888391 ], [ 8.367424878312915, 47.400734135237101 ], [ 8.365825806092172, 47.402482971515532 ], [ 8.362352705344318, 47.402366861007529 ], [ 8.36618769796905, 47.398918122339303 ], [ 8.379937434421596, 47.399598508539533 ], [ 8.383260949008507, 47.394273429796222 ], [ 8.392004621398264, 47.39581171276712 ], [ 8.396552259661934, 47.393822222744603 ], [ 8.394154397023101, 47.381986812544575 ], [ 8.399588022586082, 47.374853752349182 ], [ 8.400370717750107, 47.370529669383572 ], [ 8.394561355660555, 47.372925565924177 ], [ 8.394015073248406, 47.375691526616237 ], [ 8.388553219585708, 47.377571526189563 ], [ 8.389301487137432, 47.378689734902537 ], [ 8.386408027430651, 47.379064307913303 ], [ 8.382783013693675, 47.376269589127794 ], [ 8.375906816258727, 47.378322443391752 ], [ 8.366698670167899, 47.378054969646854 ], [ 8.364437414807831, 47.382813405783885 ], [ 8.351858767754637, 47.375240892898631 ], [ 8.346950522925432, 47.378607680651278 ], [ 8.343040179668897, 47.376821396084267 ], [ 8.340525743772618, 47.37847811232011 ], [ 8.333076146421503, 47.377249760066164 ], [ 8.330726146579519, 47.380838874125601 ], [ 8.327644122094679, 47.380259974734223 ], [ 8.32795181947828, 47.377271325679104 ], [ 8.314579270848416, 47.374971863121644 ], [ 8.305990269792884, 47.378517647747501 ], [ 8.307862484810565, 47.3845120985291 ], [ 8.306676604297195, 47.393830596437503 ], [ 8.299534713021657, 47.394513644728768 ], [ 8.294806627370017, 47.399513855073366 ], [ 8.287505683593864, 47.404406851989336 ], [ 8.283429340215946, 47.410526114393349 ], [ 8.274337436445967, 47.409539810545795 ], [ 8.270127155375491, 47.40635007381038 ], [ 8.267179102011772, 47.407621497269616 ], [ 8.262700665182152, 47.401618080398116 ], [ 8.250045602806082, 47.406627672172739 ], [ 8.245119898011627, 47.40332512119658 ], [ 8.233551175241169, 47.402244933651865 ], [ 8.227609635522258, 47.406288243356968 ], [ 8.221685195852517, 47.407048087491063 ], [ 8.215969028582473, 47.412105645447262 ], [ 8.221530171220291, 47.414532648130077 ], [ 8.228473563181282, 47.422562574515709 ], [ 8.235427332842328, 47.426715346408798 ], [ 8.237476504325896, 47.423715010896487 ], [ 8.248667598821957, 47.426668351452591 ], [ 8.252090539183966, 47.430359093899597 ], [ 8.248039817420704, 47.431583788434857 ], [ 8.248679406822019, 47.43877496393192 ], [ 8.254310222485522, 47.442872896254698 ], [ 8.257612715963324, 47.448983846019857 ], [ 8.246985906711021, 47.458214982949094 ], [ 8.24143811403504, 47.459692717133613 ], [ 8.229227227856503, 47.459057214541936 ], [ 8.226995511163528, 47.46060149722824 ], [ 8.232352333025647, 47.464072727841319 ], [ 8.23308384497491, 47.471317237534834 ], [ 8.224504056414686, 47.480496138441175 ], [ 8.233265167641802, 47.480796119031055 ], [ 8.239990435271688, 47.486865967665182 ], [ 8.237271203125504, 47.493117865503336 ], [ 8.235050585135376, 47.506121009390426 ], [ 8.234869189594461, 47.508190953125414 ], [ 8.233298211254473, 47.518545199728479 ], [ 8.225052162775011, 47.535537652178064 ], [ 8.22563795630079, 47.539221309729562 ], [ 8.228954055492508, 47.541600205007747 ], [ 8.230773311359805, 47.545131508082157 ], [ 8.233473880677792, 47.543619983707679 ], [ 8.2405614125563, 47.547636557460564 ], [ 8.262698977932729, 47.54800297494981 ], [ 8.264045928216063, 47.544917360920344 ] ] ] } },
{ "type": "Feature", "properties": { "bezirk_id": "B_1903" }, "geometry": { "type": "Polygon", "coordinates": [ [ [ 8.283429340215946, 47.410526114393349 ], [ 8.287505683593864, 47.404406851989336 ], [ 8.294806627370017, 47.399513855073366 ], [ 8.299534713021657, 47.394513644728768 ], [ 8.306676604297195, 47.393830596437503 ], [ 8.307862484810565, 47.3845120985291 ], [ 8.305990269792884, 47.378517647747501 ], [ 8.314579270848416, 47.374971863121644 ], [ 8.32795181947828, 47.377271325679104 ], [ 8.327644122094679, 47.380259974734223 ], [ 8.330726146579519, 47.380838874125601 ], [ 8.333076146421503, 47.377249760066164 ], [ 8.340525743772618, 47.37847811232011 ], [ 8.343040179668897, 47.376821396084267 ], [ 8.346950522925432, 47.378607680651278 ], [ 8.351858767754637, 47.375240892898631 ], [ 8.364437414807831, 47.382813405783885 ], [ 8.366698670167899, 47.378054969646854 ], [ 8.375906816258727, 47.378322443391752 ], [ 8.382783013693675, 47.376269589127794 ], [ 8.386408027430651, 47.379064307913303 ], [ 8.389301487137432, 47.378689734902537 ], [ 8.388553219585708, 47.377571526189563 ], [ 8.394015073248406, 47.375691526616237 ], [ 8.394561355660555, 47.372925565924177 ], [ 8.400370717750107, 47.370529669383572 ], [ 8.407142810153967, 47.370140276568868 ], [ 8.408126990188098, 47.366740920995788 ], [ 8.405007123804634, 47.364077570638209 ], [ 8.407354004599146, 47.355530668232056 ], [ 8.409331696886406, 47.355100291815482 ], [ 8.4068248193947, 47.35190112696317 ], [ 8.403842812916938, 47.346565067369575 ], [ 8.407380988961259, 47.341714103347314 ], [ 8.416440611406763, 47.337095230024872 ], [ 8.412593386479124, 47.32858244404121 ], [ 8.416275353966208, 47.324467548765405 ], [ 8.429145805035192, 47.32723624182988 ], [ 8.432781077954072, 47.32636844223817 ], [ 8.434772520149675, 47.325325828987836 ], [ 8.442048248646417, 47.327412636571459 ], [ 8.449859200146868, 47.330483764335767 ], [ 8.454132580453704, 47.334646968195479 ], [ 8.452526708778143, 47.3288232503294 ], [ 8.448597416398748, 47.32603322979287 ], [ 8.449168514945894, 47.323356675630421 ], [ 8.440531370036709, 47.317792031720565 ], [ 8.441222775685628, 47.315870061051399 ], [ 8.436011095978115, 47.31515063789616 ], [ 8.432028602264239, 47.311532964592907 ], [ 8.432154804408743, 47.3083655856639 ], [ 8.429491323766543, 47.307372038256581 ], [ 8.431244459171328, 47.305638893999856 ], [ 8.428464367970795, 47.301201179855006 ], [ 8.429155918122383, 47.300700509948655 ], [ 8.414742336430177, 47.29345633426194 ], [ 8.404309041121762, 47.291907034319586 ], [ 8.39707263038898, 47.287973544302048 ], [ 8.392314733640552, 47.291008366551722 ], [ 8.388741098088534, 47.290039398156615 ], [ 8.376787786517335, 47.29820585487743 ], [ 8.375479559571387, 47.301265823511628 ], [ 8.381094243720687, 47.303217004573519 ], [ 8.381265371608569, 47.305419403923921 ], [ 8.380090827410614, 47.309305874280476 ], [ 8.38124546610667, 47.314027855759541 ], [ 8.373590051456132, 47.31795800644705 ], [ 8.372519674625522, 47.324820890169264 ], [ 8.364619158151132, 47.329238128368722 ], [ 8.361198656139488, 47.325766459961486 ], [ 8.352737143105392, 47.324529505637713 ], [ 8.353587163917254, 47.32318251514031 ], [ 8.349884889925887, 47.321878554191528 ], [ 8.340472450643603, 47.320533264197735 ], [ 8.328304073334792, 47.332519044872214 ], [ 8.319753307954906, 47.335507977488717 ], [ 8.319417646625574, 47.343228178717119 ], [ 8.31475370978303, 47.343686420789965 ], [ 8.312133863232885, 47.342096181772945 ], [ 8.302458248114544, 47.346054760993994 ], [ 8.30002469749172, 47.341233692599829 ], [ 8.294149369372564, 47.338767800233363 ], [ 8.292666948406863, 47.339570324508109 ], [ 8.286185000617849, 47.335534409743929 ], [ 8.278351227152282, 47.337174748034244 ], [ 8.274790028374502, 47.333683597128022 ], [ 8.276154639860396, 47.330426553176324 ], [ 8.287511651424337, 47.32411013101067 ], [ 8.286361392175484, 47.323318036504553 ], [ 8.287593433402584, 47.322598382945237 ], [ 8.289382830678511, 47.31867241392596 ], [ 8.28486277682113, 47.317239468504489 ], [ 8.288366642632964, 47.30884842361445 ], [ 8.283511604138434, 47.307085080308788 ], [ 8.28344313202593, 47.301922472433347 ], [ 8.280975926571232, 47.306464975823282 ], [ 8.278872919738891, 47.306444328104192 ], [ 8.278893735924502, 47.303565790329607 ], [ 8.277389336959498, 47.301238045538959 ], [ 8.281102050018916, 47.296020895922503 ], [ 8.275891941506837, 47.295132340853364 ], [ 8.27133966106226, 47.299959604602918 ], [ 8.259649692706905, 47.298172428437901 ], [ 8.258647038478612, 47.296596447224026 ], [ 8.254658821740165, 47.2977760768634 ], [ 8.240867190096246, 47.302118397241117 ], [ 8.240156341644717, 47.304974724896411 ], [ 8.234822432963652, 47.307323338982982 ], [ 8.226715253838034, 47.313558469693859 ], [ 8.232245833703995, 47.320815414018568 ], [ 8.233915473078556, 47.327226249185507 ], [ 8.227488652148054, 47.33725459860311 ], [ 8.218761281773077, 47.342171080298861 ], [ 8.214015223165095, 47.342490876895845 ], [ 8.211823076172276, 47.345545808958406 ], [ 8.216574454683048, 47.3492017588352 ], [ 8.223080765633441, 47.34794345732189 ], [ 8.228655019772855, 47.353473229717594 ], [ 8.226111305599053, 47.356000139003093 ], [ 8.230722644335474, 47.357227877159019 ], [ 8.228062327914794, 47.360826000964231 ], [ 8.233240228723311, 47.361842887626558 ], [ 8.232505147109787, 47.363152180253181 ], [ 8.236301513992276, 47.364718101069123 ], [ 8.227617105722679, 47.377262409404196 ], [ 8.231587672399035, 47.379798723020748 ], [ 8.228029837120548, 47.385462751740128 ], [ 8.226724322994777, 47.39121925735661 ], [ 8.229249893715044, 47.391822642382131 ], [ 8.227157433056821, 47.393635867790124 ], [ 8.232974335878399, 47.397319830982049 ], [ 8.233551175241169, 47.402244933651865 ], [ 8.245119898011627, 47.40332512119658 ], [ 8.250045602806082, 47.406627672172739 ], [ 8.262700665182152, 47.401618080398116 ], [ 8.267179102011772, 47.407621497269616 ], [ 8.270127155375491, 47.40635007381038 ], [ 8.274337436445967, 47.409539810545795 ], [ 8.283429340215946, 47.410526114393349 ] ] ] } },
{ "type": "Feature", "properties": { "bezirk_id": "B_1904" }, "geometry": { "type": "Polygon", "coordinates": [ [ [ 8.181306644549119, 47.565237022707123 ], [ 8.189795978293708, 47.559444110078125 ], [ 8.199790318349072, 47.559603794716978 ], [ 8.203428437750702, 47.563114549768763 ], [ 8.205613221387749, 47.55797346644281 ], [ 8.204821992919472, 47.551017224970174 ], [ 8.207941266920177, 47.546238652988443 ], [ 8.214021054636664, 47.546854725036788 ], [ 8.228954055492508, 47.541600205007747 ], [ 8.22563795630079, 47.539221309729562 ], [ 8.225052162775011, 47.535537652178064 ], [ 8.233298211254473, 47.518545199728479 ], [ 8.234869189594461, 47.508190953125414 ], [ 8.235050585135376, 47.506121009390426 ], [ 8.237271203125504, 47.493117865503336 ], [ 8.239990435271688, 47.486865967665182 ], [ 8.233265167641802, 47.480796119031055 ], [ 8.224504056414686, 47.480496138441175 ], [ 8.23308384497491, 47.471317237534834 ], [ 8.232352333025647, 47.464072727841319 ], [ 8.226995511163528, 47.46060149722824 ], [ 8.229227227856503, 47.459057214541936 ], [ 8.24143811403504, 47.459692717133613 ], [ 8.246985906711021, 47.458214982949094 ], [ 8.257612715963324, 47.448983846019857 ], [ 8.254310222485522, 47.442872896254698 ], [ 8.248679406822019, 47.43877496393192 ], [ 8.248039817420704, 47.431583788434857 ], [ 8.252090539183966, 47.430359093899597 ], [ 8.248667598821957, 47.426668351452591 ], [ 8.237476504325896, 47.423715010896487 ], [ 8.235427332842328, 47.426715346408798 ], [ 8.236921447887047, 47.428243116358594 ], [ 8.235019225867337, 47.429560441245101 ], [ 8.228685357264997, 47.427013441403538 ], [ 8.221491161251224, 47.42269999275328 ], [ 8.217718319011508, 47.422995305132879 ], [ 8.216561377714868, 47.426358062986388 ], [ 8.213504506477648, 47.424867496627655 ], [ 8.208816532995419, 47.42605010946339 ], [ 8.20758483934047, 47.42335993943616 ], [ 8.18785279808351, 47.426340700988241 ], [ 8.184572388115164, 47.426811627506154 ], [ 8.181214122212429, 47.433111398984515 ], [ 8.173953915229797, 47.435316448271074 ], [ 8.172555470903294, 47.441576485098977 ], [ 8.164840317917408, 47.442614552436858 ], [ 8.161642001116279, 47.433595147580924 ], [ 8.162488195222833, 47.42282183285532 ], [ 8.160472913717284, 47.417565756917192 ], [ 8.154661622833272, 47.415262810353354 ], [ 8.118983100771242, 47.410621160130248 ], [ 8.10398346913192, 47.41231445430244 ], [ 8.100939015755779, 47.418281248902055 ], [ 8.097474580411735, 47.419965006019929 ], [ 8.098416320678096, 47.423242610943454 ], [ 8.087523211402361, 47.426587187223376 ], [ 8.067804681749516, 47.429115588325104 ], [ 8.066737596066458, 47.431918640808746 ], [ 8.067001434411722, 47.437430761860078 ], [ 8.064354927077591, 47.440098438526128 ], [ 8.07703929345967, 47.442070885295749 ], [ 8.076385537630577, 47.448370538482763 ], [ 8.084937809139797, 47.448368072564541 ], [ 8.085353471114757, 47.455300390413797 ], [ 8.092400372109669, 47.456807833259873 ], [ 8.097429095248698, 47.459162823876554 ], [ 8.100397989823044, 47.457949643567829 ], [ 8.10635323819062, 47.458005390309289 ], [ 8.106788082217141, 47.456725683799434 ], [ 8.118064043838274, 47.460131871247654 ], [ 8.114031048987153, 47.466307598305299 ], [ 8.115823617159686, 47.468545709264752 ], [ 8.106217891010205, 47.475769952236931 ], [ 8.110485697196237, 47.476509785095267 ], [ 8.112964908783619, 47.482665456419213 ], [ 8.117974128212383, 47.485307482818428 ], [ 8.12365171018542, 47.48416774464107 ], [ 8.127338408802956, 47.487096005165299 ], [ 8.126378752570785, 47.489844961269412 ], [ 8.129648774884453, 47.494367603330161 ], [ 8.127577061141123, 47.498355402608723 ], [ 8.131451891329201, 47.499330655290507 ], [ 8.132108927638631, 47.501881089051487 ], [ 8.128097826868101, 47.509864916426721 ], [ 8.12325050048041, 47.513833117114388 ], [ 8.120011684824449, 47.513870194888199 ], [ 8.111905810428945, 47.517461278480248 ], [ 8.11603169858487, 47.518255705376042 ], [ 8.120962372502095, 47.516571851152364 ], [ 8.121844055066283, 47.524229690481846 ], [ 8.126345511618013, 47.526289713809014 ], [ 8.129467439804491, 47.52333005646485 ], [ 8.138355421801055, 47.522692115884396 ], [ 8.144660355046526, 47.525532016819035 ], [ 8.152093424519254, 47.526295975413838 ], [ 8.158426450132014, 47.528181573723046 ], [ 8.158660216173878, 47.529754103553749 ], [ 8.163337424319407, 47.531901545688335 ], [ 8.176039028429734, 47.533260505787162 ], [ 8.180968281905809, 47.534362309950254 ], [ 8.180294352517175, 47.538414005510866 ], [ 8.172325971564966, 47.540398457312556 ], [ 8.174734172476798, 47.541651367760686 ], [ 8.16974407873324, 47.555479941657019 ], [ 8.178500229074096, 47.564103715974717 ], [ 8.181306644549119, 47.565237022707123 ] ] ] } },
{ "type": "Feature", "properties": { "bezirk_id": "B_1905" }, "geometry": { "type": "Polygon", "coordinates": [ [ [ 8.110965674140907, 47.333854211677576 ], [ 8.113183192789151, 47.333436519242788 ], [ 8.114594881128451, 47.335209215622214 ], [ 8.128545566904014, 47.332518251554269 ], [ 8.143035418352973, 47.334697447402625 ], [ 8.146379281588018, 47.332428319103606 ], [ 8.155254308244423, 47.333210094732202 ], [ 8.164155175861241, 47.330033333637878 ], [ 8.172637093747539, 47.322442100856811 ], [ 8.174834707532071, 47.318731246126347 ], [ 8.190967344380097, 47.302445515743756 ], [ 8.196790750592827, 47.298152829205563 ], [ 8.196235764132776, 47.303769273856886 ], [ 8.199091766405836, 47.304676960568436 ], [ 8.205704137477445, 47.281696200751853 ], [ 8.220069476122045, 47.252590962365495 ], [ 8.20801696103087, 47.247715775238731 ], [ 8.204270670212118, 47.242550592442484 ], [ 8.205805364757428, 47.238123828492888 ], [ 8.202769446204298, 47.229931522566282 ], [ 8.204969465242513, 47.225878132352427 ], [ 8.194509875037813, 47.22630081273271 ], [ 8.185988321805633, 47.222575686136103 ], [ 8.176208445135913, 47.221901108079344 ], [ 8.172953478685971, 47.225241064414561 ], [ 8.174425766814608, 47.227642340899664 ], [ 8.172297525269704, 47.227476009068887 ], [ 8.171872291624645, 47.228243292377208 ], [ 8.165629988064651, 47.228507715149938 ], [ 8.159983577510884, 47.232815822204763 ], [ 8.161878486132558, 47.23622204568089 ], [ 8.156023425593609, 47.237859742871514 ], [ 8.156004925562248, 47.239433979613516 ], [ 8.169667835573534, 47.241821762421615 ], [ 8.171177056258056, 47.240148108115029 ], [ 8.175206323836983, 47.240212381430453 ], [ 8.179970017507204, 47.245614820284359 ], [ 8.179510381685683, 47.250574010850912 ], [ 8.174688274566444, 47.253429317593785 ], [ 8.160057355733368, 47.249051298250777 ], [ 8.142768676985039, 47.247287233645665 ], [ 8.131693004182612, 47.245798220684499 ], [ 8.129773314142886, 47.243417090783325 ], [ 8.125017650157927, 47.241313701929897 ], [ 8.119608316692236, 47.243855368215861 ], [ 8.109050415420098, 47.244573875025587 ], [ 8.106015247862366, 47.252210170318641 ], [ 8.098875280474527, 47.260265711810774 ], [ 8.088311044097711, 47.262925219146872 ], [ 8.086940104356984, 47.264282160969906 ], [ 8.088528368701688, 47.264498094133259 ], [ 8.08657130759269, 47.266559929644593 ], [ 8.091199376195894, 47.270059818659753 ], [ 8.089363748959244, 47.284273010805606 ], [ 8.085608791962882, 47.285292548793592 ], [ 8.073639607513968, 47.282552662954771 ], [ 8.068210865843543, 47.289616328517816 ], [ 8.066307331847453, 47.288502351203469 ], [ 8.061503006648948, 47.293691374659588 ], [ 8.055803521555196, 47.297014069484611 ], [ 8.048232106937988, 47.295102447653214 ], [ 8.044323210295209, 47.297839435304816 ], [ 8.040891574621066, 47.296031461471209 ], [ 8.030853758236416, 47.298170173670023 ], [ 8.035659269104711, 47.308165523038475 ], [ 8.026690617202593, 47.31034329242253 ], [ 8.022629361207605, 47.316282398318947 ], [ 8.025416194670402, 47.322316289848537 ], [ 8.02976167737504, 47.323354271835875 ], [ 8.029776867521134, 47.327507336472529 ], [ 8.033368996506184, 47.330511093771172 ], [ 8.042254361744755, 47.330051246238206 ], [ 8.044282320611455, 47.324553891737203 ], [ 8.043314688630241, 47.31854153017084 ], [ 8.065100509613449, 47.311850261677399 ], [ 8.082121373289413, 47.309633890271876 ], [ 8.086642269155664, 47.313827130896833 ], [ 8.085619162320649, 47.322170969220025 ], [ 8.086027540122908, 47.330758612057217 ], [ 8.091233120658181, 47.334507079859826 ], [ 8.102100283098421, 47.335929286402227 ], [ 8.106497856525223, 47.338422452170569 ], [ 8.109276161984839, 47.338388364065331 ], [ 8.110965674140907, 47.333854211677576 ] ] ] } },
{ "type": "Feature", "properties": { "bezirk_id": "B_1906" }, "geometry": { "type": "Polygon", "coordinates": [ [ [ 8.155999167532153, 47.590399690199078 ], [ 8.159199413645789, 47.584236964743717 ], [ 8.16279827569374, 47.584943073431099 ], [ 8.1677235391577, 47.582519821116207 ], [ 8.165569261288747, 47.578575968769421 ], [ 8.17202107321209, 47.576062001513641 ], [ 8.17534585538823, 47.571408996306957 ], [ 8.178500229074096, 47.564103715974717 ], [ 8.16974407873324, 47.555479941657019 ], [ 8.174734172476798, 47.541651367760686 ], [ 8.172325971564966, 47.540398457312556 ], [ 8.180294352517175, 47.538414005510866 ], [ 8.180968281905809, 47.534362309950254 ], [ 8.176039028429734, 47.533260505787162 ], [ 8.163337424319407, 47.531901545688335 ], [ 8.158660216173878, 47.529754103553749 ], [ 8.158426450132014, 47.528181573723046 ], [ 8.152093424519254, 47.526295975413838 ], [ 8.144660355046526, 47.525532016819035 ], [ 8.138355421801055, 47.522692115884396 ], [ 8.129467439804491, 47.52333005646485 ], [ 8.126345511618013, 47.526289713809014 ], [ 8.121844055066283, 47.524229690481846 ], [ 8.120962372502095, 47.516571851152364 ], [ 8.11603169858487, 47.518255705376042 ], [ 8.111905810428945, 47.517461278480248 ], [ 8.120011684824449, 47.513870194888199 ], [ 8.12325050048041, 47.513833117114388 ], [ 8.128097826868101, 47.509864916426721 ], [ 8.132108927638631, 47.501881089051487 ], [ 8.131451891329201, 47.499330655290507 ], [ 8.127577061141123, 47.498355402608723 ], [ 8.129648774884453, 47.494367603330161 ], [ 8.126378752570785, 47.489844961269412 ], [ 8.127338408802956, 47.487096005165299 ], [ 8.12365171018542, 47.48416774464107 ], [ 8.117974128212383, 47.485307482818428 ], [ 8.112964908783619, 47.482665456419213 ], [ 8.110485697196237, 47.476509785095267 ], [ 8.106217891010205, 47.475769952236931 ], [ 8.115823617159686, 47.468545709264752 ], [ 8.114031048987153, 47.466307598305299 ], [ 8.118064043838274, 47.460131871247654 ], [ 8.106788082217141, 47.456725683799434 ], [ 8.10635323819062, 47.458005390309289 ], [ 8.100397989823044, 47.457949643567829 ], [ 8.097429095248698, 47.459162823876554 ], [ 8.092400372109669, 47.456807833259873 ], [ 8.085720856911529, 47.463708028550265 ], [ 8.082603668411606, 47.463680436759006 ], [ 8.08003361502732, 47.466132158259448 ], [ 8.07399468701573, 47.465805681412917 ], [ 8.057766366208108, 47.466361294178128 ], [ 8.05117240737265, 47.46389595498313 ], [ 8.052015707601662, 47.465717328722334 ], [ 8.045836269097357, 47.464679579188491 ], [ 8.043012973461801, 47.466007512440036 ], [ 8.028868785807036, 47.461961099680153 ], [ 8.029817419274984, 47.451837695732827 ], [ 8.03181973071135, 47.450649200499953 ], [ 8.030103563199264, 47.447752821614017 ], [ 8.0324546362089, 47.446940291548898 ], [ 8.029757384406301, 47.44284369458439 ], [ 8.033773104470439, 47.442715185134524 ], [ 8.030462823245211, 47.435932443211989 ], [ 8.023436929755642, 47.435923185876923 ], [ 8.019540186339627, 47.431112849622366 ], [ 8.01529686985244, 47.430954184500457 ], [ 7.987183008688105, 47.428365571295117 ], [ 7.981878803431673, 47.44632521920412 ], [ 7.974922200927646, 47.452015039856306 ], [ 7.976575102270228, 47.454183980362046 ], [ 7.973983856054762, 47.45966754160554 ], [ 7.968057525615071, 47.463100535560343 ], [ 7.960637489028769, 47.458421248668785 ], [ 7.960397384825137, 47.455571161894987 ], [ 7.956849596219628, 47.455242208731413 ], [ 7.957630623912151, 47.458785537188241 ], [ 7.948859438793801, 47.463789310768334 ], [ 7.940169495393658, 47.462100379423632 ], [ 7.946504295094983, 47.485250734318619 ], [ 7.949335421649089, 47.491300328731803 ], [ 7.95776308920342, 47.49823331536529 ], [ 7.96868893461804, 47.499892740361659 ], [ 7.968870143907933, 47.502095465219327 ], [ 7.971526893636466, 47.502317127005696 ], [ 7.978193604210609, 47.509238714022047 ], [ 7.984127102713778, 47.515695669613528 ], [ 7.980245823059954, 47.519149596789738 ], [ 7.983561729558842, 47.522713689062051 ], [ 7.973719550958084, 47.523703901885526 ], [ 7.969531877276392, 47.527185849833337 ], [ 7.961822024921498, 47.529064663001407 ], [ 7.956492557096793, 47.527244814104726 ], [ 7.953835977037586, 47.528533795374948 ], [ 7.955920682911617, 47.532616782666771 ], [ 7.952107761506578, 47.532462840946835 ], [ 7.954743961585184, 47.53863000253466 ], [ 7.962074282435403, 47.541205404493198 ], [ 7.963252285774857, 47.550212022696215 ], [ 7.964701007524113, 47.557180511435277 ], [ 7.977976000035798, 47.555215006633986 ], [ 7.999166001724248, 47.556397512498776 ], [ 8.007232508612642, 47.554973513081642 ], [ 8.008201508827783, 47.554549506091547 ], [ 8.019543505947201, 47.550454507055626 ], [ 8.046035510637402, 47.55530001157004 ], [ 8.059276513788868, 47.563420011543229 ], [ 8.067313016347057, 47.564490506755547 ], [ 8.071343007326153, 47.564113008982972 ], [ 8.083569003197729, 47.557436503704004 ], [ 8.090359002388961, 47.557902012419703 ], [ 8.097180510678873, 47.561029007098838 ], [ 8.101439002350427, 47.566363507322485 ], [ 8.102989014175314, 47.576099010072333 ], [ 8.107204005109269, 47.5807230062846 ], [ 8.112715512008725, 47.583541013107975 ], [ 8.126100504500627, 47.583286506225761 ], [ 8.136409507740407, 47.584050010016213 ], [ 8.138362502570038, 47.590781512585551 ], [ 8.147293514771681, 47.594984508665263 ], [ 8.159201007316467, 47.594154005780744 ], [ 8.155999167532153, 47.590399690199078 ] ] ] } },
{ "type": "Feature", "properties": { "bezirk_id": "B_1907" }, "geometry": { "type": "Polygon", "coordinates": [ [ [ 8.18785279808351, 47.426340700988241 ], [ 8.20758483934047, 47.42335993943616 ], [ 8.208816532995419, 47.42605010946339 ], [ 8.213504506477648, 47.424867496627655 ], [ 8.216561377714868, 47.426358062986388 ], [ 8.217718319011508, 47.422995305132879 ], [ 8.221491161251224, 47.42269999275328 ], [ 8.228685357264997, 47.427013441403538 ], [ 8.235019225867337, 47.429560441245101 ], [ 8.236921447887047, 47.428243116358594 ], [ 8.235427332842328, 47.426715346408798 ], [ 8.228473563181282, 47.422562574515709 ], [ 8.221530171220291, 47.414532648130077 ], [ 8.215969028582473, 47.412105645447262 ], [ 8.221685195852517, 47.407048087491063 ], [ 8.227609635522258, 47.406288243356968 ], [ 8.233551175241169, 47.402244933651865 ], [ 8.232974335878399, 47.397319830982049 ], [ 8.227157433056821, 47.393635867790124 ], [ 8.229249893715044, 47.391822642382131 ], [ 8.226724322994777, 47.39121925735661 ], [ 8.228029837120548, 47.385462751740128 ], [ 8.231587672399035, 47.379798723020748 ], [ 8.227617105722679, 47.377262409404196 ], [ 8.236301513992276, 47.364718101069123 ], [ 8.232505147109787, 47.363152180253181 ], [ 8.233240228723311, 47.361842887626558 ], [ 8.228062327914794, 47.360826000964231 ], [ 8.230722644335474, 47.357227877159019 ], [ 8.226111305599053, 47.356000139003093 ], [ 8.228655019772855, 47.353473229717594 ], [ 8.223080765633441, 47.34794345732189 ], [ 8.216574454683048, 47.3492017588352 ], [ 8.211823076172276, 47.345545808958406 ], [ 8.214015223165095, 47.342490876895845 ], [ 8.218761281773077, 47.342171080298861 ], [ 8.227488652148054, 47.33725459860311 ], [ 8.233915473078556, 47.327226249185507 ], [ 8.232245833703995, 47.320815414018568 ], [ 8.226715253838034, 47.313558469693859 ], [ 8.234822432963652, 47.307323338982982 ], [ 8.240156341644717, 47.304974724896411 ], [ 8.240867190096246, 47.302118397241117 ], [ 8.254658821740165, 47.2977760768634 ], [ 8.258595258875985, 47.287197076254564 ], [ 8.250662258514058, 47.28624575513961 ], [ 8.248589150431025, 47.281169174511014 ], [ 8.242194983254702, 47.278758268816901 ], [ 8.242388705746809, 47.272307513245657 ], [ 8.23287042332908, 47.273893608626651 ], [ 8.228192664604588, 47.273053214661765 ], [ 8.228132024543017, 47.27789292405059 ], [ 8.221870117609248, 47.292525407636617 ], [ 8.21937812674701, 47.293891535462663 ], [ 8.220598205878053, 47.295952103031027 ], [ 8.214361776640141, 47.312625737938646 ], [ 8.204536393428596, 47.3191766361115 ], [ 8.201901810983285, 47.31901418954314 ], [ 8.202789951695808, 47.317299295163807 ], [ 8.200256533533363, 47.315876864799037 ], [ 8.199091766405836, 47.304676960568436 ], [ 8.196235764132776, 47.303769273856886 ], [ 8.196790750592827, 47.298152829205563 ], [ 8.190967344380097, 47.302445515743756 ], [ 8.174834707532071, 47.318731246126347 ], [ 8.172637093747539, 47.322442100856811 ], [ 8.164155175861241, 47.330033333637878 ], [ 8.155254308244423, 47.333210094732202 ], [ 8.146379281588018, 47.332428319103606 ], [ 8.143035418352973, 47.334697447402625 ], [ 8.135255454902573, 47.349900708332882 ], [ 8.136772745546496, 47.356619562949426 ], [ 8.131052035331939, 47.359487306045793 ], [ 8.120941207235557, 47.360716759103035 ], [ 8.12485516593615, 47.368608853896056 ], [ 8.123565422814883, 47.372304296351373 ], [ 8.114280513776366, 47.378313368838441 ], [ 8.106727801658453, 47.388810837770293 ], [ 8.115821826225229, 47.393325267815044 ], [ 8.116278875507332, 47.400104467340725 ], [ 8.113376111144788, 47.405212336329349 ], [ 8.103981574093895, 47.408297911735907 ], [ 8.10398346913192, 47.41231445430244 ], [ 8.118983100771242, 47.410621160130248 ], [ 8.154661622833272, 47.415262810353354 ], [ 8.160472913717284, 47.417565756917192 ], [ 8.162488195222833, 47.42282183285532 ], [ 8.161642001116279, 47.433595147580924 ], [ 8.164840317917408, 47.442614552436858 ], [ 8.172555470903294, 47.441576485098977 ], [ 8.173953915229797, 47.435316448271074 ], [ 8.181214122212429, 47.433111398984515 ], [ 8.184572388115164, 47.426811627506154 ], [ 8.18785279808351, 47.426340700988241 ] ] ] } },
{ "type": "Feature", "properties": { "bezirk_id": "B_1908" }, "geometry": { "type": "Polygon", "coordinates": [ [ [ 8.302458248114544, 47.346054760993994 ], [ 8.312133863232885, 47.342096181772945 ], [ 8.31475370978303, 47.343686420789965 ], [ 8.319417646625574, 47.343228178717119 ], [ 8.319753307954906, 47.335507977488717 ], [ 8.328304073334792, 47.332519044872214 ], [ 8.340472450643603, 47.320533264197735 ], [ 8.349884889925887, 47.321878554191528 ], [ 8.353587163917254, 47.32318251514031 ], [ 8.352737143105392, 47.324529505637713 ], [ 8.361198656139488, 47.325766459961486 ], [ 8.364619158151132, 47.329238128368722 ], [ 8.372519674625522, 47.324820890169264 ], [ 8.373590051456132, 47.31795800644705 ], [ 8.38124546610667, 47.314027855759541 ], [ 8.380090827410614, 47.309305874280476 ], [ 8.381265371608569, 47.305419403923921 ], [ 8.381094243720687, 47.303217004573519 ], [ 8.375479559571387, 47.301265823511628 ], [ 8.376787786517335, 47.29820585487743 ], [ 8.388741098088534, 47.290039398156615 ], [ 8.391625924003067, 47.286489501691293 ], [ 8.394937403128992, 47.277997640769485 ], [ 8.402374542581473, 47.272628560951333 ], [ 8.401436500150913, 47.268246737964084 ], [ 8.400899187017041, 47.264095434938561 ], [ 8.404794516312123, 47.26028485906911 ], [ 8.402586601523822, 47.255086105690289 ], [ 8.410715820142322, 47.248037510292498 ], [ 8.408095974565612, 47.24270738982753 ], [ 8.405951584127887, 47.236617611702613 ], [ 8.395532245585088, 47.227835257721658 ], [ 8.39648018765349, 47.220307302583471 ], [ 8.400556406884807, 47.215703708440927 ], [ 8.400169485614805, 47.208870480288574 ], [ 8.405613906080539, 47.196051468146095 ], [ 8.400241685847833, 47.183520904200797 ], [ 8.402756636551404, 47.176645359441892 ], [ 8.409724767840592, 47.175327416376184 ], [ 8.41166731846153, 47.173332012130174 ], [ 8.41507099154687, 47.164667543836856 ], [ 8.414340970549249, 47.157180505611827 ], [ 8.412095484819842, 47.153358455282955 ], [ 8.415250570370578, 47.145595583497382 ], [ 8.412129712193961, 47.140737476844635 ], [ 8.405085788868805, 47.137603475898089 ], [ 8.389845335424964, 47.139772510524161 ], [ 8.375877614520794, 47.139401423308847 ], [ 8.37483358668875, 47.143026101853522 ], [ 8.362069520931877, 47.145980834998824 ], [ 8.361346243692619, 47.152211474439881 ], [ 8.35827881169601, 47.153270508157476 ], [ 8.358273914429486, 47.156823734357687 ], [ 8.347577590582034, 47.164518826247061 ], [ 8.349495439880009, 47.165610093066817 ], [ 8.346419487908848, 47.17011409145212 ], [ 8.340795191129601, 47.17372947136176 ], [ 8.338435498673311, 47.17853346314277 ], [ 8.339209812655847, 47.184563272232594 ], [ 8.338275072634183, 47.188609477229086 ], [ 8.330550951807947, 47.197026200974022 ], [ 8.330190887850263, 47.202345196867213 ], [ 8.32736082987741, 47.210750650363899 ], [ 8.325509302012341, 47.214524932045869 ], [ 8.319428944572556, 47.215669004315565 ], [ 8.320918848033358, 47.221153681684967 ], [ 8.318565453874191, 47.223366512083267 ], [ 8.314766793949051, 47.23973071248313 ], [ 8.305896598524896, 47.250654937435392 ], [ 8.301300296077089, 47.252353524206931 ], [ 8.299144281355488, 47.255472951413566 ], [ 8.294792289757199, 47.264212600623836 ], [ 8.300459152168884, 47.271465388950546 ], [ 8.297718989543876, 47.2720075491141 ], [ 8.287193305467715, 47.279128599413902 ], [ 8.278714171570108, 47.282069077743699 ], [ 8.272597886572314, 47.280620291421485 ], [ 8.270657580645121, 47.283341800966397 ], [ 8.261630148036334, 47.282543045801191 ], [ 8.258595258875985, 47.287197076254564 ], [ 8.254658821740165, 47.2977760768634 ], [ 8.258647038478612, 47.296596447224026 ], [ 8.259649692706905, 47.298172428437901 ], [ 8.27133966106226, 47.299959604602918 ], [ 8.275891941506837, 47.295132340853364 ], [ 8.281102050018916, 47.296020895922503 ], [ 8.277389336959498, 47.301238045538959 ], [ 8.278893735924502, 47.303565790329607 ], [ 8.278872919738891, 47.306444328104192 ], [ 8.280975926571232, 47.306464975823282 ], [ 8.28344313202593, 47.301922472433347 ], [ 8.283511604138434, 47.307085080308788 ], [ 8.288366642632964, 47.30884842361445 ], [ 8.28486277682113, 47.317239468504489 ], [ 8.289382830678511, 47.31867241392596 ], [ 8.287593433402584, 47.322598382945237 ], [ 8.286361392175484, 47.323318036504553 ], [ 8.287511651424337, 47.32411013101067 ], [ 8.276154639860396, 47.330426553176324 ], [ 8.274790028374502, 47.333683597128022 ], [ 8.278351227152282, 47.337174748034244 ], [ 8.286185000617849, 47.335534409743929 ], [ 8.292666948406863, 47.339570324508109 ], [ 8.294149369372564, 47.338767800233363 ], [ 8.30002469749172, 47.341233692599829 ], [ 8.302458248114544, 47.346054760993994 ] ] ] } },
{ "type": "Feature", "properties": { "bezirk_id": "B_1909" }, "geometry": { "type": "Polygon", "coordinates": [ [ [ 7.897958274337004, 47.584053877478645 ], [ 7.906522719454473, 47.57692357532504 ], [ 7.91153000553422, 47.569016510284605 ], [ 7.907387507041963, 47.560817014294251 ], [ 7.908518002765685, 47.555422505617905 ], [ 7.917205514273383, 47.547726504916255 ], [ 7.932319003808741, 47.546916504706033 ], [ 7.940499509532494, 47.544481014074677 ], [ 7.945550500457044, 47.543965004608609 ], [ 7.948643008613995, 47.545548008869893 ], [ 7.955421014610717, 47.557116009079643 ], [ 7.960036509929734, 47.558276013312117 ], [ 7.964701007524113, 47.557180511435277 ], [ 7.963252285774857, 47.550212022696215 ], [ 7.962074282435403, 47.541205404493198 ], [ 7.954743961585184, 47.53863000253466 ], [ 7.952107761506578, 47.532462840946835 ], [ 7.955920682911617, 47.532616782666771 ], [ 7.953835977037586, 47.528533795374948 ], [ 7.956492557096793, 47.527244814104726 ], [ 7.961822024921498, 47.529064663001407 ], [ 7.969531877276392, 47.527185849833337 ], [ 7.973719550958084, 47.523703901885526 ], [ 7.983561729558842, 47.522713689062051 ], [ 7.980245823059954, 47.519149596789738 ], [ 7.984127102713778, 47.515695669613528 ], [ 7.978193604210609, 47.509238714022047 ], [ 7.971526893636466, 47.502317127005696 ], [ 7.968870143907933, 47.502095465219327 ], [ 7.96868893461804, 47.499892740361659 ], [ 7.95776308920342, 47.49823331536529 ], [ 7.949335421649089, 47.491300328731803 ], [ 7.946504295094983, 47.485250734318619 ], [ 7.933319146926952, 47.481359351439707 ], [ 7.905514998198369, 47.484883477102699 ], [ 7.90468973143866, 47.492163016561541 ], [ 7.899575757474842, 47.496185826252706 ], [ 7.898305290572279, 47.501209552832606 ], [ 7.895341179783384, 47.502246588238243 ], [ 7.894109948340258, 47.505714135039277 ], [ 7.883926151040608, 47.508523849988116 ], [ 7.878130400535873, 47.513960350168063 ], [ 7.875708053984484, 47.513205015294631 ], [ 7.876675553509252, 47.52269001350836 ], [ 7.872290602651496, 47.522283773760179 ], [ 7.869451595503842, 47.519299362092269 ], [ 7.864035521438057, 47.51940929182966 ], [ 7.862734008293418, 47.524360735018718 ], [ 7.857346341566864, 47.533212349094413 ], [ 7.852448567877209, 47.535262544625439 ], [ 7.845202078495647, 47.532419103368902 ], [ 7.839027176424067, 47.534230362483747 ], [ 7.833087721236478, 47.533818996308618 ], [ 7.835506244884428, 47.532236816389329 ], [ 7.833327512224715, 47.530337538155656 ], [ 7.831990572073182, 47.514746588865883 ], [ 7.81474155620226, 47.504793505721338 ], [ 7.807428359507228, 47.497172094211173 ], [ 7.802251082438277, 47.496954596462182 ], [ 7.798302511779045, 47.499401166703727 ], [ 7.798566407474108, 47.495688940850329 ], [ 7.794509264767703, 47.496250093729721 ], [ 7.788651342351182, 47.493407825638947 ], [ 7.787073618171783, 47.493628431901257 ], [ 7.792786820370437, 47.500662421476193 ], [ 7.790920305942686, 47.501396617357898 ], [ 7.792726737545716, 47.503603636514228 ], [ 7.789789529916386, 47.505024617907111 ], [ 7.787564905278635, 47.513935345534989 ], [ 7.790102619831795, 47.516266110889354 ], [ 7.788875636373001, 47.519453671833013 ], [ 7.761347031012909, 47.525073723820704 ], [ 7.750711363129344, 47.525102800908535 ], [ 7.749919721867619, 47.524697435486125 ], [ 7.737003253482428, 47.527187079821992 ], [ 7.73439369925866, 47.530110130406051 ], [ 7.724093176460839, 47.535873982781645 ], [ 7.715369851596394, 47.536299814422009 ], [ 7.713784500985337, 47.539405013370335 ], [ 7.724050014702583, 47.542229007230524 ], [ 7.752676512506525, 47.545027014823447 ], [ 7.757852016134145, 47.548376505044494 ], [ 7.783334009131494, 47.553297013061353 ], [ 7.795672501123959, 47.557445510059424 ], [ 7.799482008687322, 47.562637514105688 ], [ 7.811995502947831, 47.570752510761309 ], [ 7.818820009054823, 47.587106011178314 ], [ 7.832744013362678, 47.586561005921574 ], [ 7.837581006353521, 47.582636512019207 ], [ 7.847207510260202, 47.582381013347643 ], [ 7.860485013730273, 47.587352510091399 ], [ 7.868770000141261, 47.588516008196592 ], [ 7.885045004710892, 47.588872508239454 ], [ 7.894096553949705, 47.586371495305599 ], [ 7.897958274337004, 47.584053877478645 ] ] ] } },
{ "type": "Feature", "properties": { "bezirk_id": "B_1910" }, "geometry": { "type": "Polygon", "coordinates": [ [ [ 8.040041743257754, 47.340334654125009 ], [ 8.044517969234526, 47.330165319003584 ], [ 8.042254361744755, 47.330051246238206 ], [ 8.033368996506184, 47.330511093771172 ], [ 8.029776867521134, 47.327507336472529 ], [ 8.02976167737504, 47.323354271835875 ], [ 8.025416194670402, 47.322316289848537 ], [ 8.022629361207605, 47.316282398318947 ], [ 8.026690617202593, 47.31034329242253 ], [ 8.035659269104711, 47.308165523038475 ], [ 8.030853758236416, 47.298170173670023 ], [ 8.040891574621066, 47.296031461471209 ], [ 8.044323210295209, 47.297839435304816 ], [ 8.048232106937988, 47.295102447653214 ], [ 8.055803521555196, 47.297014069484611 ], [ 8.061503006648948, 47.293691374659588 ], [ 8.066307331847453, 47.288502351203469 ], [ 8.068210865843543, 47.289616328517816 ], [ 8.073639607513968, 47.282552662954771 ], [ 8.085608791962882, 47.285292548793592 ], [ 8.089363748959244, 47.284273010805606 ], [ 8.091199376195894, 47.270059818659753 ], [ 8.08657130759269, 47.266559929644593 ], [ 8.088528368701688, 47.264498094133259 ], [ 8.086940104356984, 47.264282160969906 ], [ 8.088311044097711, 47.262925219146872 ], [ 8.07831388853257, 47.260057770850956 ], [ 8.072718746992948, 47.255078533670009 ], [ 8.066041636474045, 47.254620335117572 ], [ 8.062670082078512, 47.256653473994298 ], [ 8.056289331097092, 47.255554471833754 ], [ 8.062909245096375, 47.246586932756159 ], [ 8.050909764983512, 47.243799899372178 ], [ 8.030141668391654, 47.242217271241586 ], [ 8.029093618083005, 47.240603569063218 ], [ 8.015052967483633, 47.24420058806875 ], [ 8.016863893661172, 47.256541411864738 ], [ 8.013798227405061, 47.262010936993399 ], [ 8.004756033691063, 47.270948144322631 ], [ 8.003846150039951, 47.274883313408196 ], [ 7.997671980492172, 47.279725576407444 ], [ 7.995285558313541, 47.28156304214663 ], [ 7.986835645040431, 47.276044747203215 ], [ 7.973470261876829, 47.274431341446238 ], [ 7.971029531281902, 47.276118749185208 ], [ 7.956075719469265, 47.27686136743494 ], [ 7.950770432610822, 47.274915190038378 ], [ 7.951779864593994, 47.265799053571989 ], [ 7.961485631214352, 47.254332145634791 ], [ 7.933466094235369, 47.235881531326683 ], [ 7.922257316054834, 47.237728032254523 ], [ 7.909593945839723, 47.243959833742892 ], [ 7.894696545078125, 47.242607512263007 ], [ 7.867670201694291, 47.237332325997798 ], [ 7.853606977465157, 47.23247263642871 ], [ 7.842010090985658, 47.235652927692847 ], [ 7.838686053320118, 47.234414232754645 ], [ 7.826172117357531, 47.246096096709827 ], [ 7.827802529645369, 47.250515999813437 ], [ 7.825397581600449, 47.252242067888531 ], [ 7.827878462132573, 47.253690867293059 ], [ 7.829559593724452, 47.25957669783449 ], [ 7.826932752995392, 47.261726292813535 ], [ 7.827691549818987, 47.264323194335567 ], [ 7.824905910772, 47.265476881237028 ], [ 7.828080240565881, 47.266894354276026 ], [ 7.83301895794876, 47.268235782529203 ], [ 7.840928035999892, 47.274423795510323 ], [ 7.849325443291097, 47.288884573274075 ], [ 7.850696924638994, 47.290165916888611 ], [ 7.861868576680747, 47.306981379471019 ], [ 7.873967387345324, 47.31171253715442 ], [ 7.880590606262034, 47.311399563505582 ], [ 7.885308353938759, 47.310967668346954 ], [ 7.892190338373366, 47.316229661000378 ], [ 7.898574984076474, 47.320413874391129 ], [ 7.895847113702456, 47.323150050970675 ], [ 7.896811614346833, 47.327643502130243 ], [ 7.906974652999524, 47.341571256257183 ], [ 7.910378406407086, 47.341743127587002 ], [ 7.910359938432934, 47.339731220448066 ], [ 7.915875517420258, 47.336605847586057 ], [ 7.918206480563457, 47.335381936159131 ], [ 7.919278841091725, 47.333983327958116 ], [ 7.931257707856336, 47.333096387529309 ], [ 7.947884197682825, 47.33264653215786 ], [ 7.948336859853224, 47.317695543455024 ], [ 7.963696113934621, 47.320693904451289 ], [ 7.976320704797823, 47.322560671785176 ], [ 7.975300116652215, 47.326307172981068 ], [ 7.984440689371572, 47.33013202259815 ], [ 7.985415288428253, 47.328409445398407 ], [ 7.991702402009535, 47.3325440142223 ], [ 8.001026722361113, 47.334756640736508 ], [ 8.0073609514838, 47.339402819977622 ], [ 8.00399686421933, 47.345355753403958 ], [ 8.01190553909319, 47.349814070875041 ], [ 8.028275948987613, 47.349722698596068 ], [ 8.036865881145941, 47.34741190698611 ], [ 8.035606545856002, 47.346042247767564 ], [ 8.044048437404907, 47.345926362940624 ], [ 8.040041743257754, 47.340334654125009 ] ] ] } },
{ "type": "Feature", "properties": { "bezirk_id": "B_1911" }, "geometry": { "type": "Polygon", "coordinates": [ [ [ 8.224047250133523, 47.606849823479415 ], [ 8.22589301160383, 47.605135507231068 ], [ 8.229350516016412, 47.605396505853641 ], [ 8.238228514127417, 47.612728507416215 ], [ 8.258417004802702, 47.615223510127088 ], [ 8.261148298212651, 47.613464261752618 ], [ 8.265113514417772, 47.609419012283155 ], [ 8.279824001483567, 47.611617513400041 ], [ 8.288483510289234, 47.610319511001428 ], [ 8.297631014438117, 47.605480008467467 ], [ 8.295029505634394, 47.594603505733396 ], [ 8.298266012123857, 47.588745006695945 ], [ 8.310290015148878, 47.583648512943569 ], [ 8.316351506554298, 47.578941013143286 ], [ 8.32445800730866, 47.572606509990095 ], [ 8.33717501385329, 47.570398006437657 ], [ 8.362104505384202, 47.56948850925847 ], [ 8.383539512533648, 47.565495010289432 ], [ 8.392099003331717, 47.575016011521356 ], [ 8.399506508106384, 47.577068009907499 ], [ 8.416288009716242, 47.570742503877931 ], [ 8.426434508628407, 47.567549008616083 ], [ 8.418405995947177, 47.564411496021002 ], [ 8.414494657817196, 47.554046957478526 ], [ 8.417542888353916, 47.545701404641534 ], [ 8.411361768747094, 47.546212162401346 ], [ 8.405092032430172, 47.541857339191615 ], [ 8.404375544845132, 47.53824754430542 ], [ 8.401074255650764, 47.540046914422604 ], [ 8.404442970367786, 47.534649199053263 ], [ 8.402718889057088, 47.53332338085999 ], [ 8.395631542417107, 47.532113912319147 ], [ 8.395685788480684, 47.527751147883329 ], [ 8.393298794976292, 47.525720100232114 ], [ 8.391880760222465, 47.525138140541223 ], [ 8.386675180279838, 47.528850594503353 ], [ 8.381400468644241, 47.524963055147921 ], [ 8.380391243533005, 47.515967792927206 ], [ 8.377022786089171, 47.5124243161357 ], [ 8.361094169493446, 47.510267664274089 ], [ 8.34445298667568, 47.512179899015891 ], [ 8.341759895465286, 47.512290871669499 ], [ 8.337441062997543, 47.508115060245643 ], [ 8.331495202003829, 47.507396518021167 ], [ 8.332010062582119, 47.510387699025046 ], [ 8.326552132540153, 47.509485248955855 ], [ 8.321853133644979, 47.506310159631951 ], [ 8.317982712653489, 47.507454918235716 ], [ 8.314419605723932, 47.506312637514675 ], [ 8.292993788651081, 47.509539746861897 ], [ 8.289035778972869, 47.511070934205584 ], [ 8.282233421415283, 47.514916295530448 ], [ 8.279366007674424, 47.518292034903887 ], [ 8.274127782878296, 47.518689701163794 ], [ 8.2655974467398, 47.525964346910428 ], [ 8.271053032779363, 47.53346251314823 ], [ 8.264368667889627, 47.539185719666811 ], [ 8.264045928216063, 47.544917360920344 ], [ 8.262698977932729, 47.54800297494981 ], [ 8.2405614125563, 47.547636557460564 ], [ 8.233473880677792, 47.543619983707679 ], [ 8.230773311359805, 47.545131508082157 ], [ 8.228954055492508, 47.541600205007747 ], [ 8.214021054636664, 47.546854725036788 ], [ 8.207941266920177, 47.546238652988443 ], [ 8.204821992919472, 47.551017224970174 ], [ 8.205613221387749, 47.55797346644281 ], [ 8.203428437750702, 47.563114549768763 ], [ 8.199790318349072, 47.559603794716978 ], [ 8.189795978293708, 47.559444110078125 ], [ 8.181306644549119, 47.565237022707123 ], [ 8.178500229074096, 47.564103715974717 ], [ 8.17534585538823, 47.571408996306957 ], [ 8.17202107321209, 47.576062001513641 ], [ 8.165569261288747, 47.578575968769421 ], [ 8.1677235391577, 47.582519821116207 ], [ 8.16279827569374, 47.584943073431099 ], [ 8.159199413645789, 47.584236964743717 ], [ 8.155999167532153, 47.590399690199078 ], [ 8.159201007316467, 47.594154005780744 ], [ 8.165546502530269, 47.59430851135766 ], [ 8.174452011662694, 47.601952014765686 ], [ 8.18446101420982, 47.604809513888782 ], [ 8.193912013700716, 47.616274509859863 ], [ 8.201661003892154, 47.620358506155483 ], [ 8.214005009810514, 47.619980505191918 ], [ 8.22124912768912, 47.615511940445742 ], [ 8.224047250133523, 47.606849823479415 ] ] ] } },
{ "type": "Feature", "properties": { "bezirk_id": "B_2011" }, "geometry": { "type": "MultiPolygon", "coordinates": [ [ [ [ 9.476290439981726, 47.489342844022048 ], [ 9.464183114369744, 47.484418191085403 ], [ 9.465698956224335, 47.487972416004013 ], [ 9.452941427178846, 47.490021582344589 ], [ 9.453613981562418, 47.491656299215009 ], [ 9.449627235024542, 47.492238475354121 ], [ 9.448961818019081, 47.500967973077252 ], [ 9.468140231538266, 47.495594986300986 ], [ 9.476290439981726, 47.489342844022048 ] ] ], [ [ [ 9.357254241527114, 47.580892514416952 ], [ 9.380663616138323, 47.572037069659352 ], [ 9.384925253526804, 47.568618910745577 ], [ 9.384235713296777, 47.566489340626589 ], [ 9.380288887986842, 47.567608120457507 ], [ 9.382755022613255, 47.563806266895263 ], [ 9.380751831547915, 47.55628285006312 ], [ 9.381956714976472, 47.552529114961438 ], [ 9.385565138848051, 47.549823563073993 ], [ 9.387100197733496, 47.544579784241748 ], [ 9.40589185998917, 47.535355541606194 ], [ 9.421798810291907, 47.523748451957381 ], [ 9.439109793861226, 47.51787267624379 ], [ 9.44022297454514, 47.515694215781728 ], [ 9.43557282309207, 47.512103852045016 ], [ 9.435906953783391, 47.506861973683797 ], [ 9.425086538868634, 47.501560166522339 ], [ 9.421445822527474, 47.496854320587609 ], [ 9.415782128678471, 47.497697952133066 ], [ 9.409748119939431, 47.493572421698332 ], [ 9.406194492458564, 47.493677882364878 ], [ 9.404027234015931, 47.487120111142488 ], [ 9.400811571573946, 47.485942136908378 ], [ 9.402269431234389, 47.482291717178541 ], [ 9.399153914523268, 47.478062103657884 ], [ 9.396526499475243, 47.475182657918879 ], [ 9.391306262465479, 47.476485453570234 ], [ 9.388936701573884, 47.481429381112029 ], [ 9.385072077583901, 47.481997538061016 ], [ 9.380610825089093, 47.486300947863164 ], [ 9.372684671035259, 47.485866920457724 ], [ 9.367374725581366, 47.484741011635577 ], [ 9.368547023074425, 47.487420455358404 ], [ 9.369835706008033, 47.488550523328641 ], [ 9.368099705259176, 47.493014820251943 ], [ 9.373076039794885, 47.494434175891158 ], [ 9.37446124170717, 47.499665039726203 ], [ 9.364307976011816, 47.501570764677766 ], [ 9.357960885995059, 47.504114262403824 ], [ 9.356258252681844, 47.500345937466726 ], [ 9.341454171027859, 47.503640097808081 ], [ 9.337498176937393, 47.501051098298404 ], [ 9.339324524918457, 47.507201717164307 ], [ 9.343098650976538, 47.506923766391502 ], [ 9.348361889280488, 47.511137382379189 ], [ 9.345852728130566, 47.511520616732156 ], [ 9.348399669698441, 47.513989740445425 ], [ 9.355732351409719, 47.516314503244054 ], [ 9.356449664966702, 47.519631330178825 ], [ 9.343421914641215, 47.520017329174742 ], [ 9.338349280192149, 47.524490936662566 ], [ 9.340394223477052, 47.527075331179866 ], [ 9.339610262811265, 47.531892294105106 ], [ 9.337148277087239, 47.52879293358702 ], [ 9.329701585263452, 47.52967947579468 ], [ 9.328767026086878, 47.528426241969115 ], [ 9.319245405834346, 47.531487094226435 ], [ 9.315443860415298, 47.53028927722378 ], [ 9.316695592068815, 47.528874547841333 ], [ 9.312158779477683, 47.527535610388668 ], [ 9.312949825164781, 47.522098000652463 ], [ 9.302727972391196, 47.526392338938813 ], [ 9.301345402266131, 47.524084537456098 ], [ 9.296310679799916, 47.524435311075131 ], [ 9.293593994665388, 47.522706589504445 ], [ 9.291795368461639, 47.525209375794816 ], [ 9.287016988086931, 47.522840039769356 ], [ 9.285144096552482, 47.524910799214467 ], [ 9.279953998704974, 47.522699396478188 ], [ 9.277915435048866, 47.528264502279981 ], [ 9.270806025051863, 47.532020679422985 ], [ 9.251099015016406, 47.531404172287679 ], [ 9.251121298647437, 47.534003718138784 ], [ 9.254221786241105, 47.534548901789435 ], [ 9.252667665234693, 47.538441606491574 ], [ 9.247415671898917, 47.54221216179716 ], [ 9.249292612500037, 47.544656774528484 ], [ 9.248071883013635, 47.548993987696953 ], [ 9.251086581567671, 47.55167268515067 ], [ 9.261073329233719, 47.55304536077719 ], [ 9.25880295489624, 47.559693199415328 ], [ 9.260640671139397, 47.559412425560247 ], [ 9.259893684867553, 47.566306186078783 ], [ 9.265509536509601, 47.568043998994654 ], [ 9.26405285295502, 47.570136054036624 ], [ 9.264557556895923, 47.57437425403409 ], [ 9.273883015338233, 47.575711321445631 ], [ 9.275294860116933, 47.579629246029015 ], [ 9.278445445752975, 47.581918265345621 ], [ 9.286634629936735, 47.581122288033256 ], [ 9.289461178076591, 47.57829738898738 ], [ 9.292306547173558, 47.579826243031171 ], [ 9.297594673453116, 47.578967886413807 ], [ 9.299073922190493, 47.584755660834695 ], [ 9.304654614548845, 47.590693374993791 ], [ 9.299214843926595, 47.593704536336396 ], [ 9.305719092155982, 47.599024633204841 ], [ 9.312237680000091, 47.599441263531219 ], [ 9.313790681500265, 47.601233376002249 ], [ 9.331482494904321, 47.591212064392884 ], [ 9.357254241527114, 47.580892514416952 ] ] ] ] } },
{ "type": "Feature", "properties": { "bezirk_id": "B_2012" }, "geometry": { "type": "Polygon", "coordinates": [ [ [ 8.701577209238131, 47.691932632797908 ], [ 8.708270003667705, 47.689553512744297 ], [ 8.717707599912247, 47.690739817430831 ], [ 8.727972280080516, 47.692677103743563 ], [ 8.756539501219857, 47.689635509830083 ], [ 8.785670502731815, 47.67646250515461 ], [ 8.795690108453254, 47.675598691409228 ], [ 8.798674554701602, 47.676166426228235 ], [ 8.804640194773443, 47.678201171413249 ], [ 8.809249946514239, 47.676716717565782 ], [ 8.816736217413499, 47.677797446959026 ], [ 8.83680824632871, 47.671279248352526 ], [ 8.841766655016571, 47.664410411877739 ], [ 8.85449979871502, 47.660567986109811 ], [ 8.845264287427128, 47.653214539061274 ], [ 8.851126584599413, 47.65039993827655 ], [ 8.857768989231975, 47.649401454656591 ], [ 8.863031600802586, 47.655021757511001 ], [ 8.871969601288532, 47.6517635500132 ], [ 8.876816448139861, 47.653772433299018 ], [ 8.882376448105063, 47.652624036978438 ], [ 8.890822014227213, 47.645052906762871 ], [ 8.895333646871769, 47.644546628863999 ], [ 8.90623683849655, 47.644139438259103 ], [ 8.916602442983937, 47.648325516555872 ], [ 8.922540059089496, 47.646450766301456 ], [ 8.931353596431086, 47.652184525898193 ], [ 8.937467417945495, 47.651835902026882 ], [ 8.948994538016377, 47.655059645038762 ], [ 8.965745346117098, 47.658393568525597 ], [ 8.97114433102506, 47.660931000199987 ], [ 8.972589811507474, 47.664869739438409 ], [ 8.977650433169186, 47.664892727009914 ], [ 8.982445347999144, 47.669506511618707 ], [ 8.989348999285617, 47.668784872728139 ], [ 8.998778755129173, 47.672454495341142 ], [ 9.00361941168719, 47.672218457429693 ], [ 9.02019334087389, 47.676014747190116 ], [ 9.024733480864908, 47.673740028260774 ], [ 9.038010969775067, 47.675042134346967 ], [ 9.043960858566642, 47.673170001057642 ], [ 9.042040157036762, 47.669553484150896 ], [ 9.039922012835358, 47.671291797100011 ], [ 9.035894208684988, 47.671095401646866 ], [ 9.042521263313837, 47.664770386367628 ], [ 9.040323136234912, 47.663415466077225 ], [ 9.040552476709898, 47.654704920467786 ], [ 9.032137702728974, 47.656008098240918 ], [ 9.031565648339866, 47.654693651255457 ], [ 9.031439321011685, 47.653148205668586 ], [ 9.037980038319787, 47.653283159450034 ], [ 9.033115235348701, 47.650885384986715 ], [ 9.0308768105442, 47.646832269537356 ], [ 9.035295866595408, 47.648147841600988 ], [ 9.036328966573343, 47.636934506221806 ], [ 9.019457403512128, 47.624572159327123 ], [ 9.020745285911811, 47.620911504500221 ], [ 9.019971134779249, 47.62038233995289 ], [ 9.023121309055449, 47.618945083811901 ], [ 9.023392788911972, 47.616899435160249 ], [ 9.020531495351726, 47.616866524490355 ], [ 9.020704728067864, 47.615092081530918 ], [ 9.023768619340769, 47.615230162569375 ], [ 9.021719645431642, 47.611210237258618 ], [ 9.026257283232129, 47.611705932247204 ], [ 9.029167219386448, 47.60715938523596 ], [ 9.020841527864917, 47.604961447504138 ], [ 9.008897805369596, 47.598233323947817 ], [ 9.015033489079014, 47.597052644692752 ], [ 9.00669436056592, 47.589375707000841 ], [ 9.008347772721349, 47.586384852914478 ], [ 9.015441554293206, 47.587961742312011 ], [ 9.020543712167415, 47.585607402986071 ], [ 9.018702870203898, 47.581386658521765 ], [ 9.018413400127054, 47.576128263384533 ], [ 9.012384934405613, 47.574564096899643 ], [ 9.009440163305316, 47.569386675758622 ], [ 9.011690195598836, 47.56726921053707 ], [ 9.010031804644742, 47.561084824677309 ], [ 9.001854989532472, 47.560961529927297 ], [ 9.004894323245408, 47.552716600716373 ], [ 8.997099066027971, 47.545175534794964 ], [ 9.005413653895985, 47.545998921629923 ], [ 9.006691296075969, 47.542923152823732 ], [ 9.009683579537841, 47.544375872523524 ], [ 9.011531256968722, 47.542614659464959 ], [ 9.014251283286521, 47.538916500094537 ], [ 9.012094199447333, 47.53515868376742 ], [ 9.001330054555794, 47.532740672450807 ], [ 8.998790689422034, 47.534016292377281 ], [ 8.994225413875578, 47.53143300416275 ], [ 8.992313665579973, 47.533734537553826 ], [ 8.988556002846611, 47.531050238135535 ], [ 8.981662848043692, 47.530602545659612 ], [ 8.973881969747307, 47.527467560385716 ], [ 8.970152613741909, 47.528020685701009 ], [ 8.96798204312319, 47.525053864018389 ], [ 8.970323734159585, 47.51645017403105 ], [ 8.974955191966702, 47.513600191730887 ], [ 8.969788354713739, 47.512616154681886 ], [ 8.960601849600895, 47.514059620292308 ], [ 8.960962684594122, 47.512750524096347 ], [ 8.952597075609596, 47.509459906234433 ], [ 8.939311070421164, 47.512889248912337 ], [ 8.930835230944865, 47.507988312406397 ], [ 8.929066072955928, 47.506445887152651 ], [ 8.925001368388372, 47.510636061732995 ], [ 8.912170978846532, 47.512851023757179 ], [ 8.907571746453382, 47.528993230889306 ], [ 8.911786573119906, 47.530118092793195 ], [ 8.906387212778085, 47.540441336690165 ], [ 8.898466783231788, 47.535980788037698 ], [ 8.891688587261108, 47.535841128405906 ], [ 8.889036226284933, 47.53259107937027 ], [ 8.890877169828308, 47.530454111133288 ], [ 8.887576970427142, 47.528273596950001 ], [ 8.883437943207477, 47.529422731847148 ], [ 8.88019351642982, 47.526836525887447 ], [ 8.873690968851221, 47.529480939357505 ], [ 8.867793385204108, 47.530444392607727 ], [ 8.840894821434567, 47.532833065667049 ], [ 8.84111783626334, 47.537256010143253 ], [ 8.834296366864898, 47.543050334927557 ], [ 8.830156268917971, 47.553372592950737 ], [ 8.82948207684962, 47.557563419081838 ], [ 8.838871081231202, 47.557342414476985 ], [ 8.841999362269503, 47.560066081647463 ], [ 8.851067275560686, 47.560747496150341 ], [ 8.851052018563845, 47.563671104178297 ], [ 8.844209413819485, 47.563232571113012 ], [ 8.844653080906129, 47.565934722088542 ], [ 8.839125083867877, 47.56546194144213 ], [ 8.838634122544871, 47.571035839455398 ], [ 8.830719317596394, 47.573838675622135 ], [ 8.829747149633862, 47.571232781077796 ], [ 8.822419900353394, 47.573137482094857 ], [ 8.821876295017852, 47.571659786180192 ], [ 8.81760163260088, 47.571863630993235 ], [ 8.816849526506202, 47.57002859069928 ], [ 8.810254292055019, 47.570952350850149 ], [ 8.807492036241698, 47.571560683894354 ], [ 8.808202222267465, 47.57435874278643 ], [ 8.804817518070291, 47.575064310877636 ], [ 8.806248685866459, 47.579535943879996 ], [ 8.801169907264756, 47.580549209952473 ], [ 8.802236309317395, 47.582731448638278 ], [ 8.806036144849946, 47.583154437303087 ], [ 8.797908010850024, 47.585031012753376 ], [ 8.762006942499932, 47.592849092330688 ], [ 8.748192410239238, 47.592349284708291 ], [ 8.745676657979406, 47.596560261588955 ], [ 8.74868860991821, 47.600061245166309 ], [ 8.739470609926258, 47.608116383732977 ], [ 8.740328927653991, 47.612199375208974 ], [ 8.745825007730758, 47.612839171369757 ], [ 8.746394212508857, 47.621899469280145 ], [ 8.748071443814899, 47.623013891771841 ], [ 8.749481444185394, 47.621387913033317 ], [ 8.756525079605098, 47.616801748950365 ], [ 8.762011161878629, 47.618079527492043 ], [ 8.78783132621596, 47.609650813058884 ], [ 8.790274378792025, 47.608435051420699 ], [ 8.788716588211658, 47.603146215297372 ], [ 8.803052031227331, 47.601017581332833 ], [ 8.804111398279145, 47.608075113737804 ], [ 8.804948039645319, 47.613705058578461 ], [ 8.814005004797545, 47.617222982130237 ], [ 8.811549225317219, 47.618970089637266 ], [ 8.814630741149934, 47.621344212934751 ], [ 8.811750599913822, 47.622637613469863 ], [ 8.813404156073593, 47.627403298718889 ], [ 8.820239534688596, 47.629300988547271 ], [ 8.825461136100008, 47.637145182660916 ], [ 8.82754107329786, 47.640340464056408 ], [ 8.826431157328457, 47.646749057177637 ], [ 8.804849742483132, 47.652239999272226 ], [ 8.805251608083475, 47.664728943846001 ], [ 8.802699816834123, 47.664911855662382 ], [ 8.798520813836491, 47.664987851756997 ], [ 8.788544300501833, 47.665374089214033 ], [ 8.785968426589399, 47.655186044436761 ], [ 8.781588141026024, 47.652016689751548 ], [ 8.776291773763944, 47.648920693533299 ], [ 8.76857676089047, 47.650196628527596 ], [ 8.757736835645719, 47.643061593928536 ], [ 8.748639130160139, 47.641149811125352 ], [ 8.747248452618612, 47.638727939239551 ], [ 8.743887871182462, 47.639530324808852 ], [ 8.743018657314593, 47.642607276964263 ], [ 8.731850257843602, 47.641985678855328 ], [ 8.725701570696504, 47.643088397311146 ], [ 8.717137154235409, 47.641716914490559 ], [ 8.713509031339946, 47.644149381549724 ], [ 8.708719256535908, 47.641998207348919 ], [ 8.699600400060749, 47.646945693755598 ], [ 8.68855796491154, 47.649421673763477 ], [ 8.685410136443155, 47.654807259916538 ], [ 8.681239689872532, 47.656920700045106 ], [ 8.677959703624504, 47.665815311554645 ], [ 8.676874952790913, 47.671817183833596 ], [ 8.669605788370836, 47.674754673404209 ], [ 8.668168496566727, 47.677666094330768 ], [ 8.670453406017806, 47.684864384390451 ], [ 8.6782420100359, 47.687581013954222 ], [ 8.689708504790202, 47.695485008938476 ], [ 8.701577209238131, 47.691932632797908 ] ] ] } },
{ "type": "Feature", "properties": { "bezirk_id": "B_2013" }, "geometry": { "type": "Polygon", "coordinates": [ [ [ 9.08937033742901, 47.673432932678473 ], [ 9.096733208231781, 47.666131780152881 ], [ 9.116425099452618, 47.665192245112436 ], [ 9.125902626059977, 47.666332255882892 ], [ 9.139070887399203, 47.663197341084512 ], [ 9.148036801496318, 47.666250066687226 ], [ 9.157705843186081, 47.66601867495482 ], [ 9.163047505409489, 47.660459514057948 ], [ 9.17049201268226, 47.654709009470977 ], [ 9.175346005289923, 47.65575701352433 ], [ 9.175806507805518, 47.653938009635937 ], [ 9.182167938796974, 47.655884736160566 ], [ 9.181489260467259, 47.651846912666116 ], [ 9.1857799564825, 47.652771926798096 ], [ 9.191994658593162, 47.647460756418383 ], [ 9.198919429275625, 47.647535854243237 ], [ 9.20586083811761, 47.644515772654444 ], [ 9.211611358381425, 47.644913835511218 ], [ 9.219293494627836, 47.639011974097059 ], [ 9.22392672651975, 47.635099600286679 ], [ 9.228963329328884, 47.634482254300515 ], [ 9.231542401853501, 47.635971716051586 ], [ 9.235166510306049, 47.632947052100491 ], [ 9.24604037340378, 47.631797637262096 ], [ 9.264500913475782, 47.623736153306155 ], [ 9.267862846852253, 47.623989053265809 ], [ 9.280852754110716, 47.617558299724323 ], [ 9.299471594661242, 47.610882918013886 ], [ 9.313790681500265, 47.601233376002249 ], [ 9.312237680000091, 47.599441263531219 ], [ 9.305719092155982, 47.599024633204841 ], [ 9.299214843926595, 47.593704536336396 ], [ 9.304654614548845, 47.590693374993791 ], [ 9.299073922190493, 47.584755660834695 ], [ 9.297594673453116, 47.578967886413807 ], [ 9.292306547173558, 47.579826243031171 ], [ 9.289461178076591, 47.57829738898738 ], [ 9.286634629936735, 47.581122288033256 ], [ 9.278445445752975, 47.581918265345621 ], [ 9.275294860116933, 47.579629246029015 ], [ 9.273883015338233, 47.575711321445631 ], [ 9.264557556895923, 47.57437425403409 ], [ 9.26405285295502, 47.570136054036624 ], [ 9.260907980308945, 47.57533129819172 ], [ 9.258192924786526, 47.57369169018574 ], [ 9.259493347908318, 47.570522643100261 ], [ 9.254337017187058, 47.571728048739089 ], [ 9.253336802820886, 47.575522054323713 ], [ 9.25143401638601, 47.572358235360987 ], [ 9.245894701246444, 47.570915418819773 ], [ 9.243974447464144, 47.576990673869382 ], [ 9.23892935478036, 47.576016611636923 ], [ 9.232938127449716, 47.583621151624229 ], [ 9.23322462929605, 47.589733963886523 ], [ 9.222591720464751, 47.591472345943863 ], [ 9.221574351299576, 47.593647011778053 ], [ 9.215874508111439, 47.591422576201488 ], [ 9.215797008834793, 47.593079007517339 ], [ 9.209021513836941, 47.592085164709921 ], [ 9.206691588106304, 47.593200221230568 ], [ 9.204888288194175, 47.591761380461563 ], [ 9.203454450666319, 47.595030717006651 ], [ 9.203870391038921, 47.597939038644519 ], [ 9.200335621941129, 47.600430663601216 ], [ 9.1971641753101, 47.601855159545963 ], [ 9.193991504350587, 47.60003209998284 ], [ 9.185864479324568, 47.604454817782162 ], [ 9.186716123919641, 47.606484023447528 ], [ 9.184055317345699, 47.606470123774777 ], [ 9.17718091131144, 47.598432219254946 ], [ 9.174947658207644, 47.598465680182464 ], [ 9.175325049403165, 47.592118007535454 ], [ 9.172387957480328, 47.59013791263822 ], [ 9.165899372208964, 47.589748987570104 ], [ 9.163219280788507, 47.591570044447934 ], [ 9.159536086511674, 47.588710146424681 ], [ 9.148111350370019, 47.591110101682226 ], [ 9.147955099111153, 47.58832373051947 ], [ 9.145690190830667, 47.588599985136121 ], [ 9.144481564335335, 47.586575744973914 ], [ 9.134642754083107, 47.587844555917933 ], [ 9.131356139283991, 47.584438240282516 ], [ 9.123615631862666, 47.583111691919328 ], [ 9.119501856979641, 47.584619714778803 ], [ 9.112398709098938, 47.583678987353025 ], [ 9.110619711434529, 47.585872609975461 ], [ 9.107241711029287, 47.587540491652547 ], [ 9.110338780707913, 47.593837796000422 ], [ 9.099101156932953, 47.593819352889625 ], [ 9.100598714650697, 47.604268751093322 ], [ 9.102434096465457, 47.605960587556538 ], [ 9.100145597502172, 47.608062371286792 ], [ 9.097635613655308, 47.60904283180561 ], [ 9.099036435151239, 47.611298657746524 ], [ 9.097111822258668, 47.612711503172847 ], [ 9.088490867300585, 47.611835942177876 ], [ 9.089459147141737, 47.613027563467298 ], [ 9.069114151773993, 47.612874543558483 ], [ 9.050099466502498, 47.609650035949791 ], [ 9.045273931972327, 47.614583489635351 ], [ 9.049534442043683, 47.616449418802347 ], [ 9.049240160141606, 47.620339513742834 ], [ 9.05388102185173, 47.623315434579027 ], [ 9.046722807979755, 47.624197467148541 ], [ 9.020745285911811, 47.620911504500221 ], [ 9.019457403512128, 47.624572159327123 ], [ 9.036328966573343, 47.636934506221806 ], [ 9.035295866595408, 47.648147841600988 ], [ 9.0308768105442, 47.646832269537356 ], [ 9.033115235348701, 47.650885384986715 ], [ 9.037980038319787, 47.653283159450034 ], [ 9.031439321011685, 47.653148205668586 ], [ 9.031565648339866, 47.654693651255457 ], [ 9.032137702728974, 47.656008098240918 ], [ 9.040552476709898, 47.654704920467786 ], [ 9.040323136234912, 47.663415466077225 ], [ 9.042521263313837, 47.664770386367628 ], [ 9.035894208684988, 47.671095401646866 ], [ 9.039922012835358, 47.671291797100011 ], [ 9.042040157036762, 47.669553484150896 ], [ 9.043960858566642, 47.673170001057642 ], [ 9.049193774871922, 47.674887590817768 ], [ 9.065800097417414, 47.674395244737923 ], [ 9.068896651894068, 47.674612678996432 ], [ 9.076903647179183, 47.670820938234748 ], [ 9.084345168558695, 47.674583687793678 ], [ 9.08937033742901, 47.673432932678473 ] ] ] } },
{ "type": "Feature", "properties": { "bezirk_id": "B_2014" }, "geometry": { "type": "Polygon", "coordinates": [ [ [ 8.925001368388372, 47.510636061732995 ], [ 8.929066072955928, 47.506445887152651 ], [ 8.930835230944865, 47.507988312406397 ], [ 8.939311070421164, 47.512889248912337 ], [ 8.952597075609596, 47.509459906234433 ], [ 8.960962684594122, 47.512750524096347 ], [ 8.960601849600895, 47.514059620292308 ], [ 8.969788354713739, 47.512616154681886 ], [ 8.974955191966702, 47.513600191730887 ], [ 8.970323734159585, 47.51645017403105 ], [ 8.96798204312319, 47.525053864018389 ], [ 8.970152613741909, 47.528020685701009 ], [ 8.973881969747307, 47.527467560385716 ], [ 8.981662848043692, 47.530602545659612 ], [ 8.988556002846611, 47.531050238135535 ], [ 8.992313665579973, 47.533734537553826 ], [ 8.994225413875578, 47.53143300416275 ], [ 8.998790689422034, 47.534016292377281 ], [ 9.001330054555794, 47.532740672450807 ], [ 9.012094199447333, 47.53515868376742 ], [ 9.01053057621691, 47.530349284993989 ], [ 9.00718006698435, 47.528883451249051 ], [ 9.01314587336258, 47.525824953147911 ], [ 9.014408123486131, 47.521813728686844 ], [ 9.011660479019829, 47.520960518736779 ], [ 9.015514685755875, 47.513009920519153 ], [ 9.024890434122939, 47.516624046749506 ], [ 9.031071619070165, 47.522161497434894 ], [ 9.046784760845874, 47.524885940603212 ], [ 9.048443566813527, 47.521336577659362 ], [ 9.05203712745363, 47.522473998297073 ], [ 9.053550510965893, 47.520707733069429 ], [ 9.058047656681767, 47.522731936085584 ], [ 9.064294988736274, 47.519441914487992 ], [ 9.067182477947469, 47.520498821666607 ], [ 9.077862798795231, 47.520177198027142 ], [ 9.079123565065768, 47.51800035384548 ], [ 9.08480457063099, 47.517919725140892 ], [ 9.087163690155561, 47.516060010717133 ], [ 9.092800504376685, 47.516699281945783 ], [ 9.095846470492951, 47.514307811038648 ], [ 9.096320489053156, 47.509497240362663 ], [ 9.094746664367074, 47.507990469549178 ], [ 9.096424383506935, 47.506868960500327 ], [ 9.095243902513614, 47.503071610602944 ], [ 9.081948234855714, 47.495119876740119 ], [ 9.06458700302878, 47.490795196135103 ], [ 9.06278103870444, 47.492502776454032 ], [ 9.05897339340315, 47.490379159011823 ], [ 9.059905213589163, 47.488728866682514 ], [ 9.055817185038544, 47.487409705006449 ], [ 9.042765973741504, 47.496029404888837 ], [ 9.04203107844816, 47.495868668274156 ], [ 9.02822223677701, 47.488619655417061 ], [ 9.026248191121899, 47.490068083316686 ], [ 9.020141635582151, 47.488235600912482 ], [ 9.01735500454091, 47.490036814056047 ], [ 9.012069251138701, 47.489470102526674 ], [ 9.010699895062128, 47.485350677680259 ], [ 9.006946564035527, 47.484529020949878 ], [ 9.003522530207849, 47.480914115817207 ], [ 9.008687123152043, 47.47965671499631 ], [ 9.008623369332488, 47.475699449178684 ], [ 9.011834591646691, 47.475260015540044 ], [ 9.009308972299181, 47.472856478084864 ], [ 9.030079013866406, 47.466851284973032 ], [ 9.02850887745076, 47.461367422397906 ], [ 9.025810460064118, 47.460288997400539 ], [ 9.027428677764661, 47.457621999901654 ], [ 9.043228166802106, 47.453733554203289 ], [ 9.049055383876977, 47.453013845474572 ], [ 9.054570793238748, 47.448582874849244 ], [ 9.062616208100062, 47.446445926864193 ], [ 9.056892617409675, 47.445563748341527 ], [ 9.058718052664158, 47.443235218804425 ], [ 9.054606324978081, 47.443202798060405 ], [ 9.047385555351553, 47.444284048044985 ], [ 9.045209976871119, 47.440742908196263 ], [ 9.038085116224005, 47.441480402058261 ], [ 9.03779394091695, 47.43664461692336 ], [ 9.034124268948696, 47.435417895775885 ], [ 9.03673282562413, 47.437513903776143 ], [ 9.033571198517331, 47.439968471273779 ], [ 9.02780231006628, 47.43682737120173 ], [ 9.022015572765417, 47.441530660516939 ], [ 9.018715751405553, 47.4366820382131 ], [ 9.011899017555612, 47.433482507698365 ], [ 9.01006786345849, 47.435225627164456 ], [ 8.999257156388577, 47.435048216246521 ], [ 8.994161359152633, 47.429899297308346 ], [ 8.987872707999969, 47.429731864322136 ], [ 8.992320504172531, 47.423150165921506 ], [ 8.99056544409612, 47.413871997982021 ], [ 8.988841826281414, 47.411115399060506 ], [ 8.982142546639523, 47.412248598547151 ], [ 8.976847488010893, 47.410618981252576 ], [ 8.972374936061676, 47.404408303854353 ], [ 8.974750207824458, 47.399473985340663 ], [ 8.971548319331395, 47.391248687530855 ], [ 8.968087120985034, 47.391214188147799 ], [ 8.964975081258549, 47.384778291353108 ], [ 8.957496715784835, 47.386361199535521 ], [ 8.954922161477501, 47.381537237102371 ], [ 8.945961153922841, 47.37846099194693 ], [ 8.943635580348852, 47.375837531228626 ], [ 8.940531487312446, 47.379413327746811 ], [ 8.943708618601621, 47.384049827906246 ], [ 8.941813884604436, 47.387313015894684 ], [ 8.919903439976972, 47.399650443587902 ], [ 8.906171307812409, 47.401354961335223 ], [ 8.90389243176355, 47.402453398591774 ], [ 8.912726975620048, 47.412741087495512 ], [ 8.914772678243267, 47.418652155734691 ], [ 8.91136579894725, 47.422941590312121 ], [ 8.914975909748275, 47.426912409787271 ], [ 8.912941509097488, 47.428148002105672 ], [ 8.90771518438466, 47.430427473855055 ], [ 8.910626588130574, 47.434078664715109 ], [ 8.913473731980179, 47.431568568715889 ], [ 8.919233026764299, 47.432727361124122 ], [ 8.930820397855664, 47.431795753745675 ], [ 8.93272848293182, 47.435540313737434 ], [ 8.921679638852947, 47.434890949962373 ], [ 8.906845676794862, 47.438795484464222 ], [ 8.902646951861621, 47.444255096249343 ], [ 8.908854571090739, 47.448161399729074 ], [ 8.900363777967687, 47.454305077320775 ], [ 8.895610478170719, 47.463315636527938 ], [ 8.893486378996196, 47.463738174178374 ], [ 8.890601163426544, 47.469324664643608 ], [ 8.883659674188786, 47.470185187627777 ], [ 8.884468223447243, 47.473575384161748 ], [ 8.880902975910899, 47.474690344143937 ], [ 8.884774318408624, 47.477025826195629 ], [ 8.885327180066726, 47.481741540581588 ], [ 8.897479752595876, 47.485043241168597 ], [ 8.896693666489298, 47.487832751131492 ], [ 8.892833131350244, 47.48836707933625 ], [ 8.894858471185385, 47.502716338260605 ], [ 8.897638350714935, 47.511137029305338 ], [ 8.895052308171707, 47.519481324794782 ], [ 8.898724303858929, 47.524085692614229 ], [ 8.887576970427142, 47.528273596950001 ], [ 8.890877169828308, 47.530454111133288 ], [ 8.889036226284933, 47.53259107937027 ], [ 8.891688587261108, 47.535841128405906 ], [ 8.898466783231788, 47.535980788037698 ], [ 8.906387212778085, 47.540441336690165 ], [ 8.911786573119906, 47.530118092793195 ], [ 8.907571746453382, 47.528993230889306 ], [ 8.912170978846532, 47.512851023757179 ], [ 8.925001368388372, 47.510636061732995 ] ] ] } },
{ "type": "Feature", "properties": { "bezirk_id": "B_2015" }, "geometry": { "type": "Polygon", "coordinates": [ [ [ 9.049534442043683, 47.616449418802347 ], [ 9.045273931972327, 47.614583489635351 ], [ 9.050099466502498, 47.609650035949791 ], [ 9.069114151773993, 47.612874543558483 ], [ 9.089459147141737, 47.613027563467298 ], [ 9.088490867300585, 47.611835942177876 ], [ 9.097111822258668, 47.612711503172847 ], [ 9.099036435151239, 47.611298657746524 ], [ 9.097635613655308, 47.60904283180561 ], [ 9.100145597502172, 47.608062371286792 ], [ 9.102434096465457, 47.605960587556538 ], [ 9.100598714650697, 47.604268751093322 ], [ 9.099101156932953, 47.593819352889625 ], [ 9.110338780707913, 47.593837796000422 ], [ 9.107241711029287, 47.587540491652547 ], [ 9.110619711434529, 47.585872609975461 ], [ 9.112398709098938, 47.583678987353025 ], [ 9.119501856979641, 47.584619714778803 ], [ 9.123615631862666, 47.583111691919328 ], [ 9.131356139283991, 47.584438240282516 ], [ 9.134642754083107, 47.587844555917933 ], [ 9.144481564335335, 47.586575744973914 ], [ 9.145690190830667, 47.588599985136121 ], [ 9.147955099111153, 47.58832373051947 ], [ 9.148111350370019, 47.591110101682226 ], [ 9.159536086511674, 47.588710146424681 ], [ 9.163219280788507, 47.591570044447934 ], [ 9.165899372208964, 47.589748987570104 ], [ 9.172387957480328, 47.59013791263822 ], [ 9.175325049403165, 47.592118007535454 ], [ 9.174947658207644, 47.598465680182464 ], [ 9.17718091131144, 47.598432219254946 ], [ 9.184055317345699, 47.606470123774777 ], [ 9.186716123919641, 47.606484023447528 ], [ 9.185864479324568, 47.604454817782162 ], [ 9.193991504350587, 47.60003209998284 ], [ 9.1971641753101, 47.601855159545963 ], [ 9.200335621941129, 47.600430663601216 ], [ 9.203870391038921, 47.597939038644519 ], [ 9.203454450666319, 47.595030717006651 ], [ 9.204888288194175, 47.591761380461563 ], [ 9.206691588106304, 47.593200221230568 ], [ 9.209021513836941, 47.592085164709921 ], [ 9.215797008834793, 47.593079007517339 ], [ 9.215874508111439, 47.591422576201488 ], [ 9.221574351299576, 47.593647011778053 ], [ 9.222591720464751, 47.591472345943863 ], [ 9.23322462929605, 47.589733963886523 ], [ 9.232938127449716, 47.583621151624229 ], [ 9.23892935478036, 47.576016611636923 ], [ 9.243974447464144, 47.576990673869382 ], [ 9.245894701246444, 47.570915418819773 ], [ 9.25143401638601, 47.572358235360987 ], [ 9.253336802820886, 47.575522054323713 ], [ 9.254337017187058, 47.571728048739089 ], [ 9.259493347908318, 47.570522643100261 ], [ 9.258192924786526, 47.57369169018574 ], [ 9.260907980308945, 47.57533129819172 ], [ 9.26405285295502, 47.570136054036624 ], [ 9.265509536509601, 47.568043998994654 ], [ 9.259893684867553, 47.566306186078783 ], [ 9.260640671139397, 47.559412425560247 ], [ 9.25880295489624, 47.559693199415328 ], [ 9.261073329233719, 47.55304536077719 ], [ 9.251086581567671, 47.55167268515067 ], [ 9.248071883013635, 47.548993987696953 ], [ 9.249292612500037, 47.544656774528484 ], [ 9.247415671898917, 47.54221216179716 ], [ 9.252667665234693, 47.538441606491574 ], [ 9.254221786241105, 47.534548901789435 ], [ 9.251121298647437, 47.534003718138784 ], [ 9.251099015016406, 47.531404172287679 ], [ 9.270806025051863, 47.532020679422985 ], [ 9.277915435048866, 47.528264502279981 ], [ 9.279953998704974, 47.522699396478188 ], [ 9.285144096552482, 47.524910799214467 ], [ 9.287016988086931, 47.522840039769356 ], [ 9.291795368461639, 47.525209375794816 ], [ 9.293593994665388, 47.522706589504445 ], [ 9.282354278608661, 47.520682016566553 ], [ 9.285011083027555, 47.518408595261825 ], [ 9.282604456952651, 47.514497569848302 ], [ 9.279572764462838, 47.513997043830962 ], [ 9.280394936338558, 47.510133542677515 ], [ 9.275412334461659, 47.513109519798512 ], [ 9.268871181893996, 47.511719734337667 ], [ 9.27153864569584, 47.507827113670871 ], [ 9.280680763455877, 47.506071356968249 ], [ 9.286492450716977, 47.507544382046383 ], [ 9.291543502621618, 47.50656400211713 ], [ 9.29540501386229, 47.509542897465614 ], [ 9.29783796891981, 47.509251948597971 ], [ 9.299408895196711, 47.512024579160112 ], [ 9.302657755722098, 47.512278188354408 ], [ 9.303355589168886, 47.515514640803836 ], [ 9.316976844457951, 47.508655085197731 ], [ 9.314984986257162, 47.506393301108155 ], [ 9.309155825765719, 47.506379689784758 ], [ 9.306795037616746, 47.502297458582511 ], [ 9.308861418384909, 47.501409426579009 ], [ 9.308646408258356, 47.497562427180142 ], [ 9.314067575699852, 47.50071342531907 ], [ 9.317236045844886, 47.500212216846634 ], [ 9.320912467367425, 47.490814138320999 ], [ 9.298508559505716, 47.477195908898757 ], [ 9.281169399793415, 47.483069138438061 ], [ 9.278361594168617, 47.479398302102126 ], [ 9.263402328735951, 47.474651218674786 ], [ 9.251545245873363, 47.474810653375847 ], [ 9.247041753538245, 47.475825757066112 ], [ 9.244731161291934, 47.480072135290506 ], [ 9.239055330917164, 47.480970267481609 ], [ 9.237021748418474, 47.480875946766375 ], [ 9.232220644351633, 47.480959470875291 ], [ 9.232519840755316, 47.483140929520253 ], [ 9.224546649983512, 47.48440679748694 ], [ 9.218377801081807, 47.48368319033569 ], [ 9.213188564701561, 47.478904925302771 ], [ 9.208887289896682, 47.47991997846735 ], [ 9.209825419745556, 47.481916221243601 ], [ 9.206540941871051, 47.482515223581984 ], [ 9.206505136083395, 47.486627038684183 ], [ 9.209709293399126, 47.489186940834863 ], [ 9.198723328220115, 47.488895755852766 ], [ 9.196729770939809, 47.490419425292387 ], [ 9.193133123713135, 47.488818718158335 ], [ 9.193212356522499, 47.491219491362429 ], [ 9.18945704667839, 47.492859689338808 ], [ 9.182995514635934, 47.491319970007886 ], [ 9.180937675535805, 47.497378367552969 ], [ 9.177700930059965, 47.497040216047601 ], [ 9.177264762914783, 47.494662802374208 ], [ 9.173692945470087, 47.49462644575852 ], [ 9.169180062600018, 47.498301443033441 ], [ 9.172019737701433, 47.50315281262634 ], [ 9.169123899326193, 47.503915826817654 ], [ 9.168255259890998, 47.501292964927167 ], [ 9.165940373533671, 47.503999360909738 ], [ 9.160656009053252, 47.499885941103081 ], [ 9.16266217727334, 47.49666247587416 ], [ 9.156154579353188, 47.487934097391182 ], [ 9.141933632016851, 47.484410937761389 ], [ 9.137091824104248, 47.4857235623127 ], [ 9.128956626873324, 47.484475291522102 ], [ 9.124018699929636, 47.483602739418302 ], [ 9.124758268222525, 47.481396937902893 ], [ 9.118131752083903, 47.47956816969667 ], [ 9.115969774096792, 47.479599532462736 ], [ 9.112871068789632, 47.484439272844007 ], [ 9.098844244306919, 47.485515106915251 ], [ 9.090380073292222, 47.482405574907034 ], [ 9.083808905807027, 47.4891921433425 ], [ 9.084734042494214, 47.492066668209745 ], [ 9.081948234855714, 47.495119876740119 ], [ 9.095243902513614, 47.503071610602944 ], [ 9.096424383506935, 47.506868960500327 ], [ 9.094746664367074, 47.507990469549178 ], [ 9.096320489053156, 47.509497240362663 ], [ 9.095846470492951, 47.514307811038648 ], [ 9.092800504376685, 47.516699281945783 ], [ 9.087163690155561, 47.516060010717133 ], [ 9.08480457063099, 47.517919725140892 ], [ 9.079123565065768, 47.51800035384548 ], [ 9.077862798795231, 47.520177198027142 ], [ 9.067182477947469, 47.520498821666607 ], [ 9.064294988736274, 47.519441914487992 ], [ 9.058047656681767, 47.522731936085584 ], [ 9.053550510965893, 47.520707733069429 ], [ 9.05203712745363, 47.522473998297073 ], [ 9.048443566813527, 47.521336577659362 ], [ 9.046784760845874, 47.524885940603212 ], [ 9.031071619070165, 47.522161497434894 ], [ 9.024890434122939, 47.516624046749506 ], [ 9.015514685755875, 47.513009920519153 ], [ 9.011660479019829, 47.520960518736779 ], [ 9.014408123486131, 47.521813728686844 ], [ 9.01314587336258, 47.525824953147911 ], [ 9.00718006698435, 47.528883451249051 ], [ 9.01053057621691, 47.530349284993989 ], [ 9.012094199447333, 47.53515868376742 ], [ 9.014251283286521, 47.538916500094537 ], [ 9.011531256968722, 47.542614659464959 ], [ 9.009683579537841, 47.544375872523524 ], [ 9.006691296075969, 47.542923152823732 ], [ 9.005413653895985, 47.545998921629923 ], [ 8.997099066027971, 47.545175534794964 ], [ 9.004894323245408, 47.552716600716373 ], [ 9.001854989532472, 47.560961529927297 ], [ 9.010031804644742, 47.561084824677309 ], [ 9.011690195598836, 47.56726921053707 ], [ 9.009440163305316, 47.569386675758622 ], [ 9.012384934405613, 47.574564096899643 ], [ 9.018413400127054, 47.576128263384533 ], [ 9.018702870203898, 47.581386658521765 ], [ 9.020543712167415, 47.585607402986071 ], [ 9.015441554293206, 47.587961742312011 ], [ 9.008347772721349, 47.586384852914478 ], [ 9.00669436056592, 47.589375707000841 ], [ 9.015033489079014, 47.597052644692752 ], [ 9.008897805369596, 47.598233323947817 ], [ 9.020841527864917, 47.604961447504138 ], [ 9.029167219386448, 47.60715938523596 ], [ 9.026257283232129, 47.611705932247204 ], [ 9.021719645431642, 47.611210237258618 ], [ 9.023768619340769, 47.615230162569375 ], [ 9.020704728067864, 47.615092081530918 ], [ 9.020531495351726, 47.616866524490355 ], [ 9.023392788911972, 47.616899435160249 ], [ 9.023121309055449, 47.618945083811901 ], [ 9.019971134779249, 47.62038233995289 ], [ 9.020745285911811, 47.620911504500221 ], [ 9.046722807979755, 47.624197467148541 ], [ 9.05388102185173, 47.623315434579027 ], [ 9.049240160141606, 47.620339513742834 ], [ 9.049534442043683, 47.616449418802347 ] ] ] } },
{ "type": "Feature", "properties": { "bezirk_id": "B_2101" }, "geometry": { "type": "Polygon", "coordinates": [ [ [ 9.062643628235792, 46.276006696611034 ], [ 9.077754369110901, 46.260303874922442 ], [ 9.07609380677904, 46.237887943776677 ], [ 9.071053608624633, 46.235855412103525 ], [ 9.074477509980943, 46.231568051476451 ], [ 9.079543970738413, 46.233433769354868 ], [ 9.087722365026984, 46.213407350002512 ], [ 9.089259959513118, 46.212395160254026 ], [ 9.111221378925656, 46.204991016107591 ], [ 9.118997270100897, 46.200385775706863 ], [ 9.13107746348714, 46.188400431900327 ], [ 9.13176448507539, 46.183828298563832 ], [ 9.139271378527923, 46.178640776645153 ], [ 9.15294881571737, 46.170380951103979 ], [ 9.159377501213831, 46.169601013285302 ], [ 9.156579002653203, 46.162163509405019 ], [ 9.134509503344692, 46.153322512569083 ], [ 9.121475506795081, 46.134818008752625 ], [ 9.117079017298096, 46.135406513006117 ], [ 9.104710008418898, 46.131970507191483 ], [ 9.099791509747925, 46.126718511454129 ], [ 9.089215012813924, 46.125782003116306 ], [ 9.078689011052973, 46.121241509972855 ], [ 9.067638678397005, 46.134754301876875 ], [ 9.063748770422217, 46.13494536327201 ], [ 9.0602300450948, 46.132386718881229 ], [ 9.051130833796702, 46.122278018738868 ], [ 9.040235634719661, 46.124907544075917 ], [ 9.031976302972987, 46.123449961456714 ], [ 9.024671873450096, 46.125892229431066 ], [ 9.002745562766997, 46.130643076717455 ], [ 8.991022655537257, 46.124335916375465 ], [ 8.988675045291714, 46.116855436641487 ], [ 8.985553714729196, 46.115368747117877 ], [ 8.98052315261523, 46.120476120829736 ], [ 8.978461373471982, 46.119856480642227 ], [ 8.971056679267877, 46.124321005214711 ], [ 8.974598844421212, 46.133854948156255 ], [ 8.960552917635393, 46.133703395880737 ], [ 8.951438978251323, 46.130793896812165 ], [ 8.948675500966525, 46.134744717426912 ], [ 8.938149616429566, 46.135532900590206 ], [ 8.92891641830562, 46.140063859411562 ], [ 8.927877496210138, 46.143253586418027 ], [ 8.938038634042918, 46.144675549791906 ], [ 8.939870765989921, 46.144930105554231 ], [ 8.937071083381081, 46.15327175111549 ], [ 8.933373525589642, 46.153455738237433 ], [ 8.933502488337171, 46.156270159316982 ], [ 8.920419932155351, 46.158422045130237 ], [ 8.918857055160521, 46.162851172962277 ], [ 8.923900312940933, 46.163558690388371 ], [ 8.922718991720592, 46.166777229700756 ], [ 8.930175181991514, 46.168100527014325 ], [ 8.930577596313396, 46.170974319916773 ], [ 8.928065560202613, 46.170512639923231 ], [ 8.92737557399321, 46.172276196721782 ], [ 8.932266433875879, 46.187704828623431 ], [ 8.93326374938966, 46.19478145639107 ], [ 8.931347127060915, 46.197649927246459 ], [ 8.935810802518048, 46.204959597939045 ], [ 8.942645053127736, 46.22720003913215 ], [ 8.938449649711549, 46.233023036854362 ], [ 8.931276228782076, 46.233360917200407 ], [ 8.916964923006129, 46.238695402468892 ], [ 8.924388817511765, 46.247505339404732 ], [ 8.924287957036897, 46.253786737674574 ], [ 8.931320620849215, 46.253892060932657 ], [ 8.93207266115475, 46.260027258453903 ], [ 8.948116226155461, 46.266490246148138 ], [ 8.950978780029224, 46.270527784527225 ], [ 8.952086998651811, 46.266059295367391 ], [ 8.959252200423137, 46.26713284020763 ], [ 8.965616984669492, 46.272958340249978 ], [ 8.970213477851791, 46.272158414840582 ], [ 8.975456680645458, 46.275884185343493 ], [ 8.988321749586468, 46.275195821989655 ], [ 8.991670776425586, 46.276607470462075 ], [ 8.991260971918658, 46.288615625037131 ], [ 8.996613239911008, 46.291511199528536 ], [ 8.998397587397644, 46.274985358550516 ], [ 9.001601707736343, 46.272663357037651 ], [ 9.006417382246722, 46.272476247919577 ], [ 9.015249171838805, 46.274550252745385 ], [ 9.013647121002414, 46.282154102026176 ], [ 9.017803180267768, 46.28641280951814 ], [ 9.028924787411549, 46.28949612768529 ], [ 9.044345501667104, 46.297466083640764 ], [ 9.055654568087993, 46.29602635071295 ], [ 9.053912037961641, 46.29221033129577 ], [ 9.062643628235792, 46.276006696611034 ] ] ] } },
{ "type": "Feature", "properties": { "bezirk_id": "B_2102" }, "geometry": { "type": "Polygon", "coordinates": [ [ [ 8.957378170015719, 46.630325246281771 ], [ 8.962938364693805, 46.6181586489095 ], [ 8.959542438595225, 46.610700361191917 ], [ 8.962200842760952, 46.602648251852209 ], [ 8.966031120585196, 46.603766558283397 ], [ 8.97308825201303, 46.602663936608522 ], [ 8.983733392376319, 46.608818033863088 ], [ 8.995566520325049, 46.611706887202324 ], [ 9.006160306684183, 46.610985664815345 ], [ 9.016221770574701, 46.603216882610859 ], [ 9.020791787385445, 46.60325241512863 ], [ 9.028071533523805, 46.599102145228819 ], [ 9.034090234192412, 46.600025636629105 ], [ 9.033523695567872, 46.594095273854983 ], [ 9.042803269043715, 46.588800293416845 ], [ 9.043738914991257, 46.58338862129149 ], [ 9.037317559491127, 46.582030447210187 ], [ 9.035393723241439, 46.575210409318544 ], [ 9.026694163157849, 46.565983865251958 ], [ 9.026689293322756, 46.561818121379083 ], [ 9.023232403734607, 46.558249375721203 ], [ 9.024634385749902, 46.555350652235219 ], [ 9.019241455483384, 46.547544001495183 ], [ 9.022949127717837, 46.537883133491214 ], [ 9.021713068522178, 46.5339594772461 ], [ 9.016624950089417, 46.532050795412715 ], [ 9.023155078870047, 46.519084603788727 ], [ 9.023537468274542, 46.508102381190412 ], [ 9.032672028857753, 46.502333164586176 ], [ 9.040150934527629, 46.49395027433566 ], [ 9.038960325234001, 46.491573722733797 ], [ 9.046370254285103, 46.486655399684501 ], [ 9.04787009917942, 46.483646979827348 ], [ 9.045351659269908, 46.481298300403274 ], [ 9.053751518718606, 46.476887309490493 ], [ 9.060545582740556, 46.4763045930166 ], [ 9.073559202901865, 46.48028382764312 ], [ 9.078598455381718, 46.47808772520461 ], [ 9.085366410722004, 46.47536246696378 ], [ 9.085050270378835, 46.470958222093586 ], [ 9.095080316426236, 46.460393053434117 ], [ 9.091226437547292, 46.448437391652 ], [ 9.08700784542695, 46.443694017309902 ], [ 9.089495606615552, 46.436909626896529 ], [ 9.089012589221801, 46.432156907340385 ], [ 9.10091424955654, 46.417541891209602 ], [ 9.102259277439165, 46.41091788183315 ], [ 9.09044427973104, 46.40652879482559 ], [ 9.096211329629542, 46.399876349764391 ], [ 9.087253117806092, 46.388831906172669 ], [ 9.082578266343191, 46.387748105431825 ], [ 9.072820283335853, 46.389706720607577 ], [ 9.061064737229081, 46.394464343587821 ], [ 9.043542709199739, 46.396477267403398 ], [ 9.032398013540087, 46.400026542904229 ], [ 9.014165186666443, 46.400497310388353 ], [ 9.000978434435421, 46.392843023585463 ], [ 8.990131261469376, 46.394584533372878 ], [ 8.988166313092375, 46.391804218615263 ], [ 8.987014165018991, 46.388337968584331 ], [ 8.996112363475024, 46.384137498382941 ], [ 8.994939860390597, 46.381787283146707 ], [ 8.999334319799939, 46.377723003790003 ], [ 8.996858780074097, 46.375264781502523 ], [ 8.988131477608553, 46.376464129152701 ], [ 8.975785044622246, 46.381625799086038 ], [ 8.975785684838485, 46.388994637243115 ], [ 8.960181452825745, 46.390806680487628 ], [ 8.950988167845106, 46.38519840763923 ], [ 8.953489939338505, 46.377940152687891 ], [ 8.949999772592466, 46.377716828638263 ], [ 8.948105545968067, 46.379721480514355 ], [ 8.946068594086631, 46.388296029123964 ], [ 8.940397398592109, 46.388686206647137 ], [ 8.930820318556304, 46.397405067889409 ], [ 8.929097108425013, 46.405687223362108 ], [ 8.917481666652421, 46.416159130509158 ], [ 8.90567888551047, 46.424679814921923 ], [ 8.902255559066496, 46.429447566921517 ], [ 8.898161952561972, 46.43060695988973 ], [ 8.897168996007244, 46.434812420771095 ], [ 8.875473560672717, 46.453389425918871 ], [ 8.870421117874685, 46.463188166334753 ], [ 8.866930617418491, 46.465121531163227 ], [ 8.864178197237344, 46.471858975229758 ], [ 8.870198915853267, 46.477946253144353 ], [ 8.867650877594993, 46.48157719408659 ], [ 8.861981793828651, 46.48392465723839 ], [ 8.865927307131043, 46.49773068741677 ], [ 8.863029927057264, 46.50150085150235 ], [ 8.856872476723007, 46.506184395818558 ], [ 8.85144906459184, 46.505577185619813 ], [ 8.84594909409206, 46.509541173542615 ], [ 8.817251726181079, 46.518638072175492 ], [ 8.80859016633991, 46.517825123754982 ], [ 8.800487510094394, 46.522124093957032 ], [ 8.787641998508716, 46.520270973631263 ], [ 8.783802997495121, 46.516834665236289 ], [ 8.778640117296131, 46.517282528001779 ], [ 8.7678838598358, 46.525074206605467 ], [ 8.77224536689001, 46.530160347684379 ], [ 8.769825705378832, 46.534075369578709 ], [ 8.776846518019559, 46.53963400049112 ], [ 8.774789628803836, 46.542402248197071 ], [ 8.784890711949386, 46.56059181970307 ], [ 8.778524685138947, 46.566874855040638 ], [ 8.78111277869688, 46.566034618108347 ], [ 8.785195677661711, 46.567605800728956 ], [ 8.800596614167091, 46.563256857374434 ], [ 8.829644890522774, 46.571353490287208 ], [ 8.831800648469859, 46.563877589561883 ], [ 8.843188024301575, 46.563368658391134 ], [ 8.854492921761974, 46.570183210605187 ], [ 8.876371337367049, 46.57511809985386 ], [ 8.90343867513446, 46.584561685630071 ], [ 8.915929477044692, 46.592299704750623 ], [ 8.917066366230648, 46.596648566376459 ], [ 8.907197336203744, 46.606205353447599 ], [ 8.905409535839512, 46.612004565486245 ], [ 8.907285929694014, 46.615714183555397 ], [ 8.923077049492694, 46.623040000039019 ], [ 8.940751623685918, 46.61856151311143 ], [ 8.950667654606379, 46.624350421882752 ], [ 8.952431000316443, 46.632289534058827 ], [ 8.957378170015719, 46.630325246281771 ] ] ] } },
{ "type": "Feature", "properties": { "bezirk_id": "B_2103" }, "geometry": { "type": "Polygon", "coordinates": [ [ [ 8.539199882600156, 46.586778112401191 ], [ 8.554788899019291, 46.580777984446385 ], [ 8.573401363024065, 46.583680303410603 ], [ 8.58131153610357, 46.577024688676509 ], [ 8.590499128295384, 46.573477377806647 ], [ 8.611341006395762, 46.57503679336709 ], [ 8.614841394324381, 46.578221439946283 ], [ 8.62645061955449, 46.576319513001351 ], [ 8.62982206580895, 46.573603275086747 ], [ 8.630799009406147, 46.565837955929531 ], [ 8.634654621909229, 46.564412003214862 ], [ 8.648183661702648, 46.565699420231752 ], [ 8.666666129960293, 46.576576312683187 ], [ 8.678729036735144, 46.579189468012345 ], [ 8.698395933023875, 46.581060662336874 ], [ 8.700924392307389, 46.578702484475563 ], [ 8.702996898915382, 46.579174293767544 ], [ 8.705297790340635, 46.573795635200064 ], [ 8.717510834662486, 46.57111291486116 ], [ 8.727933291527853, 46.57709509791146 ], [ 8.739048916411585, 46.572191281275472 ], [ 8.745520699936378, 46.572773886886353 ], [ 8.750744474734407, 46.576222524399903 ], [ 8.785195677661711, 46.567605800728956 ], [ 8.78111277869688, 46.566034618108347 ], [ 8.778524685138947, 46.566874855040638 ], [ 8.784890711949386, 46.56059181970307 ], [ 8.774789628803836, 46.542402248197071 ], [ 8.776846518019559, 46.53963400049112 ], [ 8.769825705378832, 46.534075369578709 ], [ 8.77224536689001, 46.530160347684379 ], [ 8.7678838598358, 46.525074206605467 ], [ 8.778640117296131, 46.517282528001779 ], [ 8.783802997495121, 46.516834665236289 ], [ 8.787641998508716, 46.520270973631263 ], [ 8.800487510094394, 46.522124093957032 ], [ 8.80859016633991, 46.517825123754982 ], [ 8.817251726181079, 46.518638072175492 ], [ 8.84594909409206, 46.509541173542615 ], [ 8.85144906459184, 46.505577185619813 ], [ 8.856872476723007, 46.506184395818558 ], [ 8.863029927057264, 46.50150085150235 ], [ 8.865927307131043, 46.49773068741677 ], [ 8.861981793828651, 46.48392465723839 ], [ 8.867650877594993, 46.48157719408659 ], [ 8.870198915853267, 46.477946253144353 ], [ 8.864178197237344, 46.471858975229758 ], [ 8.866930617418491, 46.465121531163227 ], [ 8.870421117874685, 46.463188166334753 ], [ 8.875473560672717, 46.453389425918871 ], [ 8.897168996007244, 46.434812420771095 ], [ 8.898161952561972, 46.43060695988973 ], [ 8.902255559066496, 46.429447566921517 ], [ 8.90567888551047, 46.424679814921923 ], [ 8.917481666652421, 46.416159130509158 ], [ 8.929097108425013, 46.405687223362108 ], [ 8.930820318556304, 46.397405067889409 ], [ 8.940397398592109, 46.388686206647137 ], [ 8.946068594086631, 46.388296029123964 ], [ 8.948105545968067, 46.379721480514355 ], [ 8.949999772592466, 46.377716828638263 ], [ 8.953489939338505, 46.377940152687891 ], [ 8.957522027833107, 46.374764114895584 ], [ 8.96625639978925, 46.373342101739496 ], [ 8.959122297491229, 46.359960036614225 ], [ 8.953373165303379, 46.355583370597024 ], [ 8.922527423180567, 46.334290214480916 ], [ 8.912027818144061, 46.319761823258844 ], [ 8.903355479199559, 46.316950258648419 ], [ 8.898974411606648, 46.307577792124341 ], [ 8.884082576593228, 46.305114773189437 ], [ 8.884321948500329, 46.310698955999392 ], [ 8.871726072349102, 46.320477060396826 ], [ 8.853729585969425, 46.321045308029909 ], [ 8.847024419200913, 46.326887049125396 ], [ 8.848379588975327, 46.330064153734163 ], [ 8.859351791812461, 46.337412630523254 ], [ 8.85896602360428, 46.341538147896465 ], [ 8.861639277366708, 46.342917142436988 ], [ 8.862658218377025, 46.347096996455875 ], [ 8.861834893864089, 46.349392612531297 ], [ 8.852193373787472, 46.351852577198706 ], [ 8.84319689965095, 46.363210827437754 ], [ 8.831265957402573, 46.366731984689054 ], [ 8.832903128105839, 46.369752860287456 ], [ 8.82934387522063, 46.378460757560276 ], [ 8.815223252585913, 46.383977364406633 ], [ 8.812434229356148, 46.387816938357908 ], [ 8.801814455975199, 46.388439967501526 ], [ 8.787642287576585, 46.393665787694964 ], [ 8.782494223030177, 46.393187104873398 ], [ 8.772939493112823, 46.396988696402509 ], [ 8.760835736244195, 46.39870494100434 ], [ 8.753595978117113, 46.405293887283783 ], [ 8.742097933543471, 46.405795495374207 ], [ 8.738152037834869, 46.427307310477261 ], [ 8.725928050101846, 46.429767850629297 ], [ 8.723220543850125, 46.4341170195042 ], [ 8.709016852441062, 46.441042529376496 ], [ 8.706344989760996, 46.445327895915177 ], [ 8.707223976782238, 46.453415199543002 ], [ 8.712713602401813, 46.459354591213227 ], [ 8.702947907703271, 46.473795661626838 ], [ 8.691581295244376, 46.476683653889303 ], [ 8.689488050197616, 46.474574495894558 ], [ 8.681366445867162, 46.475896219494757 ], [ 8.666013422010771, 46.482819728978193 ], [ 8.65947395912316, 46.481603679469316 ], [ 8.647408186746524, 46.482515445421335 ], [ 8.633467424330867, 46.491146805796838 ], [ 8.598694787632651, 46.500593780850615 ], [ 8.581398952389311, 46.499626486847802 ], [ 8.579347794493756, 46.494402101030119 ], [ 8.575567639305625, 46.49304552632406 ], [ 8.558910733592461, 46.491969476958985 ], [ 8.556694198227778, 46.487448065194371 ], [ 8.55734007726786, 46.478984965863638 ], [ 8.547870035260692, 46.47123288114512 ], [ 8.537888986419844, 46.467038598978633 ], [ 8.533421379416239, 46.470176553878595 ], [ 8.526071597829672, 46.471821555006237 ], [ 8.52432816208014, 46.474492197603283 ], [ 8.509300728510915, 46.466565032303414 ], [ 8.499117908784184, 46.465167172909467 ], [ 8.497482983687338, 46.466783796023641 ], [ 8.484527950174487, 46.463395246686055 ], [ 8.484779266450078, 46.4595514590969 ], [ 8.467754462231756, 46.455586688013497 ], [ 8.461998778534094, 46.450645715100471 ], [ 8.452797009166297, 46.455351007945623 ], [ 8.450012508332598, 46.461844505927964 ], [ 8.445719009051624, 46.463716011381671 ], [ 8.438637501104445, 46.462666507869052 ], [ 8.438528515246585, 46.464295503291851 ], [ 8.417099506881577, 46.45876300755711 ], [ 8.408417002656519, 46.458737013747658 ], [ 8.402231012298698, 46.454742004034806 ], [ 8.395953502810981, 46.454560008689732 ], [ 8.392958005402649, 46.451575504400282 ], [ 8.384717009858351, 46.452158508995836 ], [ 8.382266837513827, 46.459801891063108 ], [ 8.385752540626704, 46.461860008714908 ], [ 8.38534879719187, 46.465578837286252 ], [ 8.392394898336189, 46.467948879369573 ], [ 8.38590181894957, 46.475623065175348 ], [ 8.394661467227614, 46.484995776618675 ], [ 8.392293064008957, 46.49473166246645 ], [ 8.398758561461726, 46.494245394175643 ], [ 8.40104382608358, 46.49236382957816 ], [ 8.411015943289625, 46.492773723573414 ], [ 8.414307551628518, 46.494724694503411 ], [ 8.4195713601816, 46.492628214454619 ], [ 8.431609669906686, 46.497021812572086 ], [ 8.442913661086534, 46.495429074592415 ], [ 8.451742891222075, 46.507819649910367 ], [ 8.460301757586139, 46.511188641905221 ], [ 8.472819536725137, 46.523238543781879 ], [ 8.478159805505266, 46.525097071799607 ], [ 8.477673481161768, 46.527602514014674 ], [ 8.48270110865624, 46.53214461629603 ], [ 8.505533048003873, 46.535126395812817 ], [ 8.519531898102274, 46.538934625141991 ], [ 8.513446030076338, 46.558766476861805 ], [ 8.521029604751925, 46.566899322719188 ], [ 8.521172748181703, 46.57731583277161 ], [ 8.525031401760836, 46.577809848517795 ], [ 8.526171894505721, 46.58132555840303 ], [ 8.531299664639082, 46.58456014132701 ], [ 8.539199882600156, 46.586778112401191 ] ] ] } },
{ "type": "Feature", "properties": { "bezirk_id": "B_2104" }, "geometry": { "type": "Polygon", "coordinates": [ [ [ 8.772939493112823, 46.396988696402509 ], [ 8.782494223030177, 46.393187104873398 ], [ 8.787642287576585, 46.393665787694964 ], [ 8.801814455975199, 46.388439967501526 ], [ 8.812434229356148, 46.387816938357908 ], [ 8.815223252585913, 46.383977364406633 ], [ 8.82934387522063, 46.378460757560276 ], [ 8.832903128105839, 46.369752860287456 ], [ 8.831265957402573, 46.366731984689054 ], [ 8.84319689965095, 46.363210827437754 ], [ 8.852193373787472, 46.351852577198706 ], [ 8.861834893864089, 46.349392612531297 ], [ 8.862658218377025, 46.347096996455875 ], [ 8.861639277366708, 46.342917142436988 ], [ 8.85896602360428, 46.341538147896465 ], [ 8.859351791812461, 46.337412630523254 ], [ 8.848379588975327, 46.330064153734163 ], [ 8.847024419200913, 46.326887049125396 ], [ 8.853729585969425, 46.321045308029909 ], [ 8.871726072349102, 46.320477060396826 ], [ 8.884321948500329, 46.310698955999392 ], [ 8.884082576593228, 46.305114773189437 ], [ 8.898974411606648, 46.307577792124341 ], [ 8.910384191864086, 46.303183325780999 ], [ 8.911627089031256, 46.299226373213216 ], [ 8.906262580287693, 46.291405512595688 ], [ 8.904899040512293, 46.277900388908925 ], [ 8.913300049011387, 46.269495753614628 ], [ 8.913266957813939, 46.257745817304439 ], [ 8.918364958597182, 46.254422228748034 ], [ 8.924287957036897, 46.253786737674574 ], [ 8.924388817511765, 46.247505339404732 ], [ 8.916964923006129, 46.238695402468892 ], [ 8.931276228782076, 46.233360917200407 ], [ 8.938449649711549, 46.233023036854362 ], [ 8.942645053127736, 46.22720003913215 ], [ 8.935810802518048, 46.204959597939045 ], [ 8.931347127060915, 46.197649927246459 ], [ 8.93326374938966, 46.19478145639107 ], [ 8.932266433875879, 46.187704828623431 ], [ 8.92737557399321, 46.172276196721782 ], [ 8.928065560202613, 46.170512639923231 ], [ 8.930577596313396, 46.170974319916773 ], [ 8.930175181991514, 46.168100527014325 ], [ 8.922718991720592, 46.166777229700756 ], [ 8.923900312940933, 46.163558690388371 ], [ 8.918857055160521, 46.162851172962277 ], [ 8.920419932155351, 46.158422045130237 ], [ 8.933502488337171, 46.156270159316982 ], [ 8.933373525589642, 46.153455738237433 ], [ 8.937071083381081, 46.15327175111549 ], [ 8.939870765989921, 46.144930105554231 ], [ 8.938038634042918, 46.144675549791906 ], [ 8.897918876911955, 46.146865947038641 ], [ 8.891704884246709, 46.132271828484058 ], [ 8.886338794342782, 46.130001564351751 ], [ 8.876669066612864, 46.116629618854354 ], [ 8.871293399680738, 46.104552003113128 ], [ 8.86597441198106, 46.103944674368883 ], [ 8.868020324739094, 46.098601508764872 ], [ 8.864361474154174, 46.089890158935034 ], [ 8.865848977091233, 46.084314740309388 ], [ 8.860870564533899, 46.08181351277485 ], [ 8.856603322041495, 46.073823955550296 ], [ 8.852114015077932, 46.075641507281659 ], [ 8.8475165037529, 46.075753007406931 ], [ 8.841439502750289, 46.080498513371197 ], [ 8.833761004122216, 46.082861009995753 ], [ 8.815357504400772, 46.097285003044867 ], [ 8.806036001492423, 46.101283509144785 ], [ 8.799783502740313, 46.094711008957795 ], [ 8.783036012804947, 46.094183509001439 ], [ 8.768302515738171, 46.100714505640752 ], [ 8.760227512981235, 46.101417504366381 ], [ 8.755675888463522, 46.105151811983916 ], [ 8.762728220837751, 46.10794821767449 ], [ 8.78369043071997, 46.124524327231569 ], [ 8.795976450535246, 46.128965600056503 ], [ 8.805863157484657, 46.136214711626785 ], [ 8.821507276269847, 46.140711492110135 ], [ 8.834737061985468, 46.141808172422287 ], [ 8.83949909000561, 46.145797812626732 ], [ 8.84570562228901, 46.145540660968713 ], [ 8.855270899746431, 46.150009489045509 ], [ 8.865888088031822, 46.15058649411619 ], [ 8.864581259754935, 46.154570718746633 ], [ 8.861397719793587, 46.151641862000744 ], [ 8.856013816027097, 46.153688951588826 ], [ 8.857491253186266, 46.155739711363211 ], [ 8.866099272489423, 46.156180001212888 ], [ 8.855236522508738, 46.158152248982198 ], [ 8.856335030953119, 46.161062500311829 ], [ 8.863127684174763, 46.164341893989715 ], [ 8.854049567350865, 46.16280061869849 ], [ 8.854221052899247, 46.164417937729262 ], [ 8.858113722387156, 46.164728942739501 ], [ 8.859097183249174, 46.167685603723584 ], [ 8.858938833592646, 46.171547336513221 ], [ 8.853362910999525, 46.165778252248124 ], [ 8.84379047061605, 46.173689229388259 ], [ 8.841129850782776, 46.177995897272851 ], [ 8.832208106179349, 46.179087025423676 ], [ 8.827049221620543, 46.175371829873974 ], [ 8.810329681054087, 46.171266621487341 ], [ 8.801880381411728, 46.170514240298623 ], [ 8.804859369408904, 46.163082717327427 ], [ 8.80274805257131, 46.154503875557623 ], [ 8.80478819075957, 46.152294790159466 ], [ 8.802837433963905, 46.150224999185021 ], [ 8.795695573647901, 46.149400976465571 ], [ 8.790565415903247, 46.145584873604093 ], [ 8.783832139837203, 46.145485391845916 ], [ 8.766448036002343, 46.154499187235928 ], [ 8.740027273325669, 46.148068267814033 ], [ 8.733233648340764, 46.145978166640795 ], [ 8.720393213587693, 46.132755521259284 ], [ 8.714246241078436, 46.120022804717209 ], [ 8.698031016499867, 46.101609504131076 ], [ 8.685852513313378, 46.102102511564162 ], [ 8.679273502409602, 46.110380007698424 ], [ 8.670025510003516, 46.10882650369269 ], [ 8.657714008064165, 46.112691505264799 ], [ 8.647899511399377, 46.122534505382696 ], [ 8.648031005854586, 46.123326508266253 ], [ 8.628892512692097, 46.122331003937347 ], [ 8.61185850621955, 46.121669504186208 ], [ 8.611172002105018, 46.124527504182183 ], [ 8.609716512779135, 46.132875010619188 ], [ 8.595678011674478, 46.142778508382762 ], [ 8.592897004287021, 46.14297001107672 ], [ 8.593127013338579, 46.146004003458394 ], [ 8.599627001643954, 46.14955750299233 ], [ 8.599901502077776, 46.153120004695637 ], [ 8.603367501368629, 46.153540006873357 ], [ 8.603007003948859, 46.155369004687323 ], [ 8.587988515628671, 46.156681511875604 ], [ 8.58732350690912, 46.161597007074334 ], [ 8.576414014772565, 46.162641510332989 ], [ 8.5721220095209, 46.166930505936506 ], [ 8.569695003023849, 46.177058506244187 ], [ 8.563727513014031, 46.183797514275099 ], [ 8.554050008936027, 46.186147013052661 ], [ 8.55358601311343, 46.192028006187229 ], [ 8.542448003481036, 46.197376503013651 ], [ 8.536403002202066, 46.204266006911368 ], [ 8.532443010879341, 46.218282512658512 ], [ 8.521686014130475, 46.221850509700822 ], [ 8.515136000648342, 46.220158508537772 ], [ 8.492382010941526, 46.229102011580558 ], [ 8.477527012064924, 46.230371503895334 ], [ 8.468683506716422, 46.232895014553016 ], [ 8.464106514701564, 46.244550505690839 ], [ 8.474345143265339, 46.249958714650049 ], [ 8.476571295253244, 46.253132030693834 ], [ 8.481470958809606, 46.251647538115094 ], [ 8.499350581785254, 46.252785759006485 ], [ 8.504883606440933, 46.258509455214721 ], [ 8.509250942581691, 46.259646740656578 ], [ 8.5183727779844, 46.258525446388347 ], [ 8.544291133613568, 46.262557417431687 ], [ 8.550092246660357, 46.26397599925393 ], [ 8.554928697643728, 46.268309689330891 ], [ 8.569268172228837, 46.267294627370411 ], [ 8.591583122145209, 46.260681828305309 ], [ 8.597258595167249, 46.261631457199002 ], [ 8.62200691481347, 46.256840949172094 ], [ 8.626944437970065, 46.248935105482261 ], [ 8.626819165282521, 46.243196559780266 ], [ 8.635104627042754, 46.239645478843237 ], [ 8.642780742960811, 46.233212338671805 ], [ 8.649398029557593, 46.231126406277305 ], [ 8.658736984968773, 46.233662032511766 ], [ 8.662307758842385, 46.230447601666512 ], [ 8.67192742170662, 46.231044808252214 ], [ 8.676920117343467, 46.226554840518816 ], [ 8.696933169085915, 46.221997388257044 ], [ 8.700315757489642, 46.212468085884638 ], [ 8.707013319160621, 46.209577118021606 ], [ 8.706242292181125, 46.205402267880537 ], [ 8.729690154290166, 46.204057159010112 ], [ 8.740447311777585, 46.205238269878834 ], [ 8.741302036011271, 46.200882943408722 ], [ 8.751259736537135, 46.196863052058752 ], [ 8.755462262866581, 46.190093484169857 ], [ 8.770102475181714, 46.190164774999587 ], [ 8.766872842983355, 46.193189765501508 ], [ 8.775438219349343, 46.192216025308845 ], [ 8.780315782811364, 46.19721446304748 ], [ 8.790119141530083, 46.196512805441586 ], [ 8.790936667471351, 46.202306047777562 ], [ 8.792251124636339, 46.208273274765524 ], [ 8.79048721561098, 46.210300710702676 ], [ 8.800223900177956, 46.222392684500228 ], [ 8.797961435265021, 46.226783446136054 ], [ 8.795232664249919, 46.230684923180242 ], [ 8.797353935690543, 46.238801699907604 ], [ 8.790428887709902, 46.245542461737955 ], [ 8.785626583499468, 46.244322207159996 ], [ 8.77904128734864, 46.246514746923239 ], [ 8.772633849753285, 46.259159223899182 ], [ 8.776029206630206, 46.268008094575968 ], [ 8.765616594210217, 46.27830623528812 ], [ 8.756079611409586, 46.279911174705504 ], [ 8.753467721427155, 46.281902880180844 ], [ 8.753745535383093, 46.286416092586698 ], [ 8.736008836661687, 46.295257823749381 ], [ 8.733025612106173, 46.301886678314666 ], [ 8.715892914149348, 46.309161802239167 ], [ 8.708471732668041, 46.309371242978209 ], [ 8.690303675324897, 46.315907303120973 ], [ 8.689858265164553, 46.320248673818156 ], [ 8.68486167883391, 46.321500346093728 ], [ 8.681563421168439, 46.32491038393426 ], [ 8.68340119319549, 46.330306252843528 ], [ 8.690794268436751, 46.333823468183134 ], [ 8.694629345720747, 46.348022924015041 ], [ 8.713513702596874, 46.354415659100397 ], [ 8.711718205876894, 46.35930312899427 ], [ 8.725355615779074, 46.366139642574161 ], [ 8.734916932163653, 46.376862907589079 ], [ 8.735408504681898, 46.381661612380164 ], [ 8.731343846911068, 46.385666655579755 ], [ 8.730988194246365, 46.390933873097438 ], [ 8.742097933543471, 46.405795495374207 ], [ 8.753595978117113, 46.405293887283783 ], [ 8.760835736244195, 46.39870494100434 ], [ 8.772939493112823, 46.396988696402509 ] ] ] } },
{ "type": "Feature", "properties": { "bezirk_id": "B_2105" }, "geometry": { "type": "MultiPolygon", "coordinates": [ [ [ [ 8.95364242569215, 45.916649937542893 ], [ 8.949833150484103, 45.914074094174772 ], [ 8.943788527361537, 45.912220864024526 ], [ 8.940575177806419, 45.915835677709211 ], [ 8.938088808434188, 45.915886876644571 ], [ 8.935358260343978, 45.911721677729481 ], [ 8.929281252830497, 45.911964407207627 ], [ 8.920243086637939, 45.908997985789583 ], [ 8.916187878297853, 45.914422571383433 ], [ 8.928085313333264, 45.919645702941146 ], [ 8.936607785403924, 45.930067936855728 ], [ 8.945532756012437, 45.935787724706152 ], [ 8.951172377569611, 45.935954904393675 ], [ 8.949022886761192, 45.933761531703091 ], [ 8.953251252907487, 45.930465692938782 ], [ 8.954286886608136, 45.919907177233512 ], [ 8.95364242569215, 45.916649937542893 ] ] ], [ [ [ 9.022502011646264, 45.989539009636069 ], [ 9.018078503406533, 45.987650006154261 ], [ 9.011358505379476, 45.987902511190313 ], [ 9.01114151641819, 45.983181510679167 ], [ 9.007343504654502, 45.980297503212626 ], [ 8.9953480177639, 45.980511013644566 ], [ 8.995821014464054, 45.972812007216469 ], [ 8.991070015148269, 45.971641505242523 ], [ 8.988544502676534, 45.972932003846694 ], [ 8.994025505058769, 45.966551503757188 ], [ 9.013964002603263, 45.960548004419678 ], [ 9.017267008359994, 45.949176512204751 ], [ 9.012288873139296, 45.943843229959903 ], [ 9.013568012976471, 45.941511008796304 ], [ 9.022478511225955, 45.937148003820056 ], [ 9.019195193665155, 45.928442070548719 ], [ 9.01490374916556, 45.926720891760368 ], [ 9.012658094625008, 45.920364357229332 ], [ 8.997307662892251, 45.908702081742383 ], [ 8.981517919920899, 45.912770782204127 ], [ 8.982393236842437, 45.916843448717067 ], [ 8.976003482398095, 45.927997491322969 ], [ 8.97234666349622, 45.930008820092311 ], [ 8.966648593564205, 45.933271399272719 ], [ 8.963056902505315, 45.939960021876963 ], [ 8.963937096989527, 45.948405361860971 ], [ 8.961632023386706, 45.951315682318452 ], [ 8.957849548328772, 45.951663754662214 ], [ 8.958347780405708, 45.955669730128605 ], [ 8.964550433933814, 45.955135879099963 ], [ 8.967314565020404, 45.963114779680225 ], [ 8.975668006240499, 45.961690009809487 ], [ 8.97936050965081, 45.97103850783931 ], [ 8.976329009861256, 45.975860004516548 ], [ 8.977564508375146, 45.982565506053021 ], [ 8.977020100573327, 45.982974146287205 ], [ 8.984662550726032, 45.988069767847584 ], [ 9.005470628211269, 45.993531179086965 ], [ 9.011396464986728, 45.998046117615246 ], [ 9.024489849672682, 46.000927504774651 ], [ 9.028461003486875, 45.99362600957862 ], [ 9.022890008857138, 45.992752013785704 ], [ 9.022502011646264, 45.989539009636069 ] ] ], [ [ [ 8.948675500966525, 46.134744717426912 ], [ 8.951438978251323, 46.130793896812165 ], [ 8.960552917635393, 46.133703395880737 ], [ 8.974598844421212, 46.133854948156255 ], [ 8.971056679267877, 46.124321005214711 ], [ 8.978461373471982, 46.119856480642227 ], [ 8.98052315261523, 46.120476120829736 ], [ 8.985553714729196, 46.115368747117877 ], [ 8.988675045291714, 46.116855436641487 ], [ 8.991022655537257, 46.124335916375465 ], [ 9.002745562766997, 46.130643076717455 ], [ 9.024671873450096, 46.125892229431066 ], [ 9.031976302972987, 46.123449961456714 ], [ 9.040235634719661, 46.124907544075917 ], [ 9.051130833796702, 46.122278018738868 ], [ 9.0602300450948, 46.132386718881229 ], [ 9.063748770422217, 46.13494536327201 ], [ 9.067638678397005, 46.134754301876875 ], [ 9.078689011052973, 46.121241509972855 ], [ 9.072517513911276, 46.118103003979741 ], [ 9.089146005612337, 46.090069011910316 ], [ 9.089432517329042, 46.085693508795892 ], [ 9.084195501394797, 46.078741009708935 ], [ 9.07907250120711, 46.07591601120135 ], [ 9.078321127121033, 46.065201693948779 ], [ 9.073897010843263, 46.062513513289716 ], [ 9.060423007786778, 46.06066750991176 ], [ 9.050230514598447, 46.062364009441175 ], [ 9.044785014279034, 46.058971512884682 ], [ 9.039377005579205, 46.058942513596442 ], [ 9.028804015734769, 46.053032006714353 ], [ 9.022682006776018, 46.052694010412544 ], [ 9.017218006140343, 46.04973100412947 ], [ 9.016969515120534, 46.043188512757929 ], [ 9.009525009440928, 46.03728800968662 ], [ 9.007594017545021, 46.02979901322977 ], [ 9.022658795791623, 46.015908787030476 ], [ 9.003710164697846, 46.004181435849986 ], [ 8.993114490341608, 46.003878411915508 ], [ 8.982670345028687, 45.999793485302966 ], [ 8.975195834511615, 45.999805811059581 ], [ 8.96732770692849, 46.005131320590451 ], [ 8.962245981266889, 46.00207820800928 ], [ 8.958816154592041, 46.003627111206995 ], [ 8.953212621863251, 46.002685977747262 ], [ 8.948382171052488, 45.993735754125296 ], [ 8.956397164130424, 45.989975100117995 ], [ 8.956681277942325, 45.984402040709945 ], [ 8.956980967218625, 45.976138632463126 ], [ 8.949579638375255, 45.965603708811386 ], [ 8.949375423305787, 45.957742993656886 ], [ 8.955374856494565, 45.955916800708742 ], [ 8.95457405369784, 45.951689967110774 ], [ 8.943099971948557, 45.950485512951957 ], [ 8.93663311325229, 45.939001652695964 ], [ 8.927806204816534, 45.929762031323754 ], [ 8.920204902891461, 45.924257358470626 ], [ 8.913324251538537, 45.921999642512631 ], [ 8.899876964984557, 45.930632413488588 ], [ 8.897414246539642, 45.934982934727365 ], [ 8.903391708927481, 45.948265703524555 ], [ 8.904272234577371, 45.955136919979338 ], [ 8.900989338603816, 45.957788782228867 ], [ 8.899611553163123, 45.964644395313272 ], [ 8.897667996578686, 45.96916811569595 ], [ 8.900423945282384, 45.975250291268466 ], [ 8.91155433734186, 45.990849915365942 ], [ 8.906963553904525, 45.995336450827097 ], [ 8.900984470453981, 45.991869477619495 ], [ 8.897977571241453, 45.992376356612951 ], [ 8.894411910525506, 45.98838288657668 ], [ 8.894362858883881, 45.974906027320529 ], [ 8.884804269588809, 45.970143960369903 ], [ 8.88860720889188, 45.962717494542737 ], [ 8.883630508359511, 45.959902520273189 ], [ 8.876647590399781, 45.959263270254922 ], [ 8.870509664362963, 45.961329902615567 ], [ 8.87302908372935, 45.968855219035817 ], [ 8.869108326885598, 45.971874132897092 ], [ 8.864155238368124, 45.969957686822752 ], [ 8.859929625586451, 45.966232457280135 ], [ 8.85371543642084, 45.970386477987901 ], [ 8.846821508805551, 45.976175010839214 ], [ 8.843551516427082, 45.977346507968221 ], [ 8.842698012829215, 45.981471009564963 ], [ 8.840102513788676, 45.981659509758494 ], [ 8.839301514134348, 45.984132513922717 ], [ 8.834186010580471, 45.985194503844241 ], [ 8.831639005737383, 45.987960008772951 ], [ 8.823592515952814, 45.987667010594777 ], [ 8.821860504561057, 45.987296006914342 ], [ 8.81391200817435, 45.990378006071737 ], [ 8.795799008520749, 45.992059514342792 ], [ 8.792432010802383, 45.991885505726792 ], [ 8.79085700981426, 45.988609503943138 ], [ 8.785907006733332, 45.989075508524358 ], [ 8.793094515863221, 46.008108513409269 ], [ 8.797105004435037, 46.012190514284711 ], [ 8.805911012434976, 46.021933506737966 ], [ 8.819678003924571, 46.025497005051967 ], [ 8.828166507202852, 46.034228006355342 ], [ 8.830033507002938, 46.041611010354025 ], [ 8.832708511825068, 46.040569503816236 ], [ 8.835439012267505, 46.043775008321063 ], [ 8.828817014055309, 46.046469012373734 ], [ 8.834533509807661, 46.051369508023868 ], [ 8.844191517350032, 46.048514005052631 ], [ 8.854594514956535, 46.061591513588418 ], [ 8.852114015077932, 46.075641507281659 ], [ 8.856603322041495, 46.073823955550296 ], [ 8.860870564533899, 46.08181351277485 ], [ 8.865848977091233, 46.084314740309388 ], [ 8.864361474154174, 46.089890158935034 ], [ 8.868020324739094, 46.098601508764872 ], [ 8.86597441198106, 46.103944674368883 ], [ 8.871293399680738, 46.104552003113128 ], [ 8.876669066612864, 46.116629618854354 ], [ 8.886338794342782, 46.130001564351751 ], [ 8.891704884246709, 46.132271828484058 ], [ 8.897918876911955, 46.146865947038641 ], [ 8.938038634042918, 46.144675549791906 ], [ 8.927877496210138, 46.143253586418027 ], [ 8.92891641830562, 46.140063859411562 ], [ 8.938149616429566, 46.135532900590206 ], [ 8.948675500966525, 46.134744717426912 ] ] ] ] } },
{ "type": "Feature", "properties": { "bezirk_id": "B_2106" }, "geometry": { "type": "Polygon", "coordinates": [ [ [ 8.969863061945839, 45.925112271502577 ], [ 8.973454643201727, 45.910667927738942 ], [ 8.972328188765927, 45.907264418118494 ], [ 8.976549821582241, 45.905686202034786 ], [ 8.979800413980444, 45.907162167522038 ], [ 8.981517919920899, 45.912770782204127 ], [ 8.997307662892251, 45.908702081742383 ], [ 9.012658094625008, 45.920364357229332 ], [ 9.01490374916556, 45.926720891760368 ], [ 9.019195193665155, 45.928442070548719 ], [ 9.026157513409267, 45.928747505256091 ], [ 9.029812310831444, 45.92642983421716 ], [ 9.042735504273169, 45.927493507478161 ], [ 9.049433006040658, 45.922081009673853 ], [ 9.049087502337422, 45.920428505592611 ], [ 9.059905009758488, 45.920948014144386 ], [ 9.059062513626436, 45.916484010115219 ], [ 9.068497408460184, 45.912793366569694 ], [ 9.067808510883612, 45.91063451084343 ], [ 9.072649003667662, 45.912833004802025 ], [ 9.076576006309303, 45.911417003976204 ], [ 9.076346509004205, 45.9033855123065 ], [ 9.076931502469172, 45.899299509605974 ], [ 9.086842005811747, 45.902205012160422 ], [ 9.089025987110315, 45.900662179654347 ], [ 9.088803509537712, 45.896897011477101 ], [ 9.085173002925858, 45.895963011413905 ], [ 9.081643516374651, 45.891796007812481 ], [ 9.077954515072852, 45.892028013258901 ], [ 9.079459016579436, 45.888464511095599 ], [ 9.077837617739769, 45.885080706905867 ], [ 9.071460004685171, 45.881758507182901 ], [ 9.066386509362381, 45.875390504049314 ], [ 9.0572345115025, 45.875157509669023 ], [ 9.054807007384593, 45.873565508026665 ], [ 9.053696006786172, 45.868001011545104 ], [ 9.049178511775711, 45.862617505466744 ], [ 9.051365002663568, 45.855521509996237 ], [ 9.048236003237426, 45.853183003599028 ], [ 9.05077451698352, 45.852212503431325 ], [ 9.045399502714414, 45.849594510907266 ], [ 9.043811511599319, 45.84659150926835 ], [ 9.040628515416, 45.846492509454528 ], [ 9.038652015189372, 45.842030002795788 ], [ 9.035431514950549, 45.839658503843282 ], [ 9.037831508958677, 45.835524012289845 ], [ 9.030952506502254, 45.824690502852441 ], [ 9.034462015095121, 45.823017013046524 ], [ 9.031389501921749, 45.82083350561912 ], [ 9.022372012833399, 45.821922512791495 ], [ 9.021331502907238, 45.820693510202517 ], [ 9.016526014249234, 45.817970007793939 ], [ 8.998435015073547, 45.822916509641608 ], [ 8.993914509926, 45.821970508090537 ], [ 8.994115007022462, 45.826208506452119 ], [ 8.997487512035933, 45.834944509398312 ], [ 8.98989050744272, 45.835337007791892 ], [ 8.986748501435484, 45.838618509249876 ], [ 8.981385007964548, 45.835711502724607 ], [ 8.976172504038926, 45.836634504385209 ], [ 8.974207511647888, 45.833040508191345 ], [ 8.969984014186716, 45.832353507934997 ], [ 8.96145951091248, 45.836374009861082 ], [ 8.961967503041556, 45.839127506065303 ], [ 8.955773502444748, 45.842909013646391 ], [ 8.946799006079713, 45.842778013133369 ], [ 8.932877511783616, 45.838905010688052 ], [ 8.929034510088492, 45.833375508077154 ], [ 8.920476004099044, 45.834196502934532 ], [ 8.912147014615304, 45.830445005619175 ], [ 8.914226015825266, 45.842229011247902 ], [ 8.932536501686807, 45.860962012691679 ], [ 8.939365489782361, 45.863714321549423 ], [ 8.945301516219789, 45.866978511387678 ], [ 8.942059502499013, 45.870343009263472 ], [ 8.937027010128473, 45.867306009291113 ], [ 8.934144129881339, 45.870576689988653 ], [ 8.931902508098061, 45.885100006579535 ], [ 8.921537507979524, 45.895764004555971 ], [ 8.924843013814035, 45.90370250395231 ], [ 8.920243086637939, 45.908997985789583 ], [ 8.929281252830497, 45.911964407207627 ], [ 8.935358260343978, 45.911721677729481 ], [ 8.938088808434188, 45.915886876644571 ], [ 8.940575177806419, 45.915835677709211 ], [ 8.943788527361537, 45.912220864024526 ], [ 8.949833150484103, 45.914074094174772 ], [ 8.95364242569215, 45.916649937542893 ], [ 8.954286886608136, 45.919907177233512 ], [ 8.953251252907487, 45.930465692938782 ], [ 8.949022886761192, 45.933761531703091 ], [ 8.951172377569611, 45.935954904393675 ], [ 8.969863061945839, 45.925112271502577 ] ] ] } },
{ "type": "Feature", "properties": { "bezirk_id": "B_2107" }, "geometry": { "type": "Polygon", "coordinates": [ [ [ 9.061064737229081, 46.394464343587821 ], [ 9.072820283335853, 46.389706720607577 ], [ 9.082578266343191, 46.387748105431825 ], [ 9.087253117806092, 46.388831906172669 ], [ 9.095222513501795, 46.373023811506897 ], [ 9.09294595858119, 46.37083464993762 ], [ 9.094442580715148, 46.364073549527198 ], [ 9.092618155440363, 46.357513919765147 ], [ 9.088428056035729, 46.349630104069334 ], [ 9.071147148156953, 46.343591163104392 ], [ 9.069301733496674, 46.343572759920086 ], [ 9.066435561417752, 46.336370935603966 ], [ 9.069605658890898, 46.332492349780836 ], [ 9.063719237642115, 46.327205428134796 ], [ 9.07510699452043, 46.314606722856055 ], [ 9.069943421036465, 46.307834088689461 ], [ 9.06047899699484, 46.297406962017611 ], [ 9.055654568087993, 46.29602635071295 ], [ 9.044345501667104, 46.297466083640764 ], [ 9.028924787411549, 46.28949612768529 ], [ 9.017803180267768, 46.28641280951814 ], [ 9.013647121002414, 46.282154102026176 ], [ 9.015249171838805, 46.274550252745385 ], [ 9.006417382246722, 46.272476247919577 ], [ 9.001601707736343, 46.272663357037651 ], [ 8.998397587397644, 46.274985358550516 ], [ 8.996613239911008, 46.291511199528536 ], [ 8.991260971918658, 46.288615625037131 ], [ 8.991670776425586, 46.276607470462075 ], [ 8.988321749586468, 46.275195821989655 ], [ 8.975456680645458, 46.275884185343493 ], [ 8.970213477851791, 46.272158414840582 ], [ 8.965616984669492, 46.272958340249978 ], [ 8.959252200423137, 46.26713284020763 ], [ 8.952086998651811, 46.266059295367391 ], [ 8.950978780029224, 46.270527784527225 ], [ 8.948116226155461, 46.266490246148138 ], [ 8.93207266115475, 46.260027258453903 ], [ 8.931320620849215, 46.253892060932657 ], [ 8.924287957036897, 46.253786737674574 ], [ 8.918364958597182, 46.254422228748034 ], [ 8.913266957813939, 46.257745817304439 ], [ 8.913300049011387, 46.269495753614628 ], [ 8.904899040512293, 46.277900388908925 ], [ 8.906262580287693, 46.291405512595688 ], [ 8.911627089031256, 46.299226373213216 ], [ 8.910384191864086, 46.303183325780999 ], [ 8.898974411606648, 46.307577792124341 ], [ 8.903355479199559, 46.316950258648419 ], [ 8.912027818144061, 46.319761823258844 ], [ 8.922527423180567, 46.334290214480916 ], [ 8.953373165303379, 46.355583370597024 ], [ 8.959122297491229, 46.359960036614225 ], [ 8.96625639978925, 46.373342101739496 ], [ 8.957522027833107, 46.374764114895584 ], [ 8.953489939338505, 46.377940152687891 ], [ 8.950988167845106, 46.38519840763923 ], [ 8.960181452825745, 46.390806680487628 ], [ 8.975785684838485, 46.388994637243115 ], [ 8.975785044622246, 46.381625799086038 ], [ 8.988131477608553, 46.376464129152701 ], [ 8.996858780074097, 46.375264781502523 ], [ 8.999334319799939, 46.377723003790003 ], [ 8.994939860390597, 46.381787283146707 ], [ 8.996112363475024, 46.384137498382941 ], [ 8.987014165018991, 46.388337968584331 ], [ 8.988166313092375, 46.391804218615263 ], [ 8.990131261469376, 46.394584533372878 ], [ 9.000978434435421, 46.392843023585463 ], [ 9.014165186666443, 46.400497310388353 ], [ 9.032398013540087, 46.400026542904229 ], [ 9.043542709199739, 46.396477267403398 ], [ 9.061064737229081, 46.394464343587821 ] ] ] } },
{ "type": "Feature", "properties": { "bezirk_id": "B_2108" }, "geometry": { "type": "Polygon", "coordinates": [ [ [ 8.647408186746524, 46.482515445421335 ], [ 8.65947395912316, 46.481603679469316 ], [ 8.666013422010771, 46.482819728978193 ], [ 8.681366445867162, 46.475896219494757 ], [ 8.689488050197616, 46.474574495894558 ], [ 8.691581295244376, 46.476683653889303 ], [ 8.702947907703271, 46.473795661626838 ], [ 8.712713602401813, 46.459354591213227 ], [ 8.707223976782238, 46.453415199543002 ], [ 8.706344989760996, 46.445327895915177 ], [ 8.709016852441062, 46.441042529376496 ], [ 8.723220543850125, 46.4341170195042 ], [ 8.725928050101846, 46.429767850629297 ], [ 8.738152037834869, 46.427307310477261 ], [ 8.742097933543471, 46.405795495374207 ], [ 8.730988194246365, 46.390933873097438 ], [ 8.731343846911068, 46.385666655579755 ], [ 8.735408504681898, 46.381661612380164 ], [ 8.734916932163653, 46.376862907589079 ], [ 8.725355615779074, 46.366139642574161 ], [ 8.711718205876894, 46.35930312899427 ], [ 8.713513702596874, 46.354415659100397 ], [ 8.694629345720747, 46.348022924015041 ], [ 8.690794268436751, 46.333823468183134 ], [ 8.68340119319549, 46.330306252843528 ], [ 8.681563421168439, 46.32491038393426 ], [ 8.68486167883391, 46.321500346093728 ], [ 8.689858265164553, 46.320248673818156 ], [ 8.690303675324897, 46.315907303120973 ], [ 8.708471732668041, 46.309371242978209 ], [ 8.715892914149348, 46.309161802239167 ], [ 8.733025612106173, 46.301886678314666 ], [ 8.736008836661687, 46.295257823749381 ], [ 8.753745535383093, 46.286416092586698 ], [ 8.753467721427155, 46.281902880180844 ], [ 8.756079611409586, 46.279911174705504 ], [ 8.765616594210217, 46.27830623528812 ], [ 8.776029206630206, 46.268008094575968 ], [ 8.772633849753285, 46.259159223899182 ], [ 8.77904128734864, 46.246514746923239 ], [ 8.785626583499468, 46.244322207159996 ], [ 8.790428887709902, 46.245542461737955 ], [ 8.797353935690543, 46.238801699907604 ], [ 8.795232664249919, 46.230684923180242 ], [ 8.797961435265021, 46.226783446136054 ], [ 8.800223900177956, 46.222392684500228 ], [ 8.79048721561098, 46.210300710702676 ], [ 8.792251124636339, 46.208273274765524 ], [ 8.790936667471351, 46.202306047777562 ], [ 8.790119141530083, 46.196512805441586 ], [ 8.780315782811364, 46.19721446304748 ], [ 8.775438219349343, 46.192216025308845 ], [ 8.766872842983355, 46.193189765501508 ], [ 8.770102475181714, 46.190164774999587 ], [ 8.755462262866581, 46.190093484169857 ], [ 8.751259736537135, 46.196863052058752 ], [ 8.741302036011271, 46.200882943408722 ], [ 8.740447311777585, 46.205238269878834 ], [ 8.729690154290166, 46.204057159010112 ], [ 8.706242292181125, 46.205402267880537 ], [ 8.707013319160621, 46.209577118021606 ], [ 8.700315757489642, 46.212468085884638 ], [ 8.696933169085915, 46.221997388257044 ], [ 8.676920117343467, 46.226554840518816 ], [ 8.67192742170662, 46.231044808252214 ], [ 8.662307758842385, 46.230447601666512 ], [ 8.658736984968773, 46.233662032511766 ], [ 8.649398029557593, 46.231126406277305 ], [ 8.642780742960811, 46.233212338671805 ], [ 8.635104627042754, 46.239645478843237 ], [ 8.626819165282521, 46.243196559780266 ], [ 8.626944437970065, 46.248935105482261 ], [ 8.62200691481347, 46.256840949172094 ], [ 8.597258595167249, 46.261631457199002 ], [ 8.591583122145209, 46.260681828305309 ], [ 8.569268172228837, 46.267294627370411 ], [ 8.554928697643728, 46.268309689330891 ], [ 8.550092246660357, 46.26397599925393 ], [ 8.544291133613568, 46.262557417431687 ], [ 8.5183727779844, 46.258525446388347 ], [ 8.509250942581691, 46.259646740656578 ], [ 8.504883606440933, 46.258509455214721 ], [ 8.499350581785254, 46.252785759006485 ], [ 8.481470958809606, 46.251647538115094 ], [ 8.476571295253244, 46.253132030693834 ], [ 8.474345143265339, 46.249958714650049 ], [ 8.464106514701564, 46.244550505690839 ], [ 8.447273512010556, 46.247899007573793 ], [ 8.443173508726749, 46.25062501248896 ], [ 8.442276511549652, 46.254151504115384 ], [ 8.447890506005187, 46.258019503279762 ], [ 8.448491512299713, 46.261395006220894 ], [ 8.455880514210744, 46.263755512996987 ], [ 8.449771015267274, 46.274324008944753 ], [ 8.436304511996486, 46.285666012525979 ], [ 8.433995001367656, 46.291818010437225 ], [ 8.427739514523031, 46.298300503781654 ], [ 8.433020502557538, 46.302209014511789 ], [ 8.440533504425032, 46.304119010133178 ], [ 8.439120010349535, 46.308050008797714 ], [ 8.441792014372378, 46.310137004964879 ], [ 8.44372150260131, 46.319494503819335 ], [ 8.453846007720921, 46.321262009751841 ], [ 8.455656007078748, 46.327250510305788 ], [ 8.460415511798191, 46.328409010083647 ], [ 8.46535700837158, 46.333762505648743 ], [ 8.463289011073202, 46.33681300501803 ], [ 8.464363001452002, 46.344654007199544 ], [ 8.461561504132204, 46.353256511923171 ], [ 8.47023450147236, 46.362551512630077 ], [ 8.466813006840166, 46.368317507515926 ], [ 8.466513007372363, 46.380055512402805 ], [ 8.460837512483137, 46.386676510083475 ], [ 8.471172014473444, 46.395923008821164 ], [ 8.463053508181437, 46.404868003416581 ], [ 8.468315513020665, 46.411744006142044 ], [ 8.456870014425776, 46.423179511225925 ], [ 8.460759515000683, 46.428399504673138 ], [ 8.457532513323946, 46.434760507345352 ], [ 8.466241508449682, 46.442679012482834 ], [ 8.461554507636396, 46.446239013616122 ], [ 8.461998778534094, 46.450645715100471 ], [ 8.467754462231756, 46.455586688013497 ], [ 8.484779266450078, 46.4595514590969 ], [ 8.484527950174487, 46.463395246686055 ], [ 8.497482983687338, 46.466783796023641 ], [ 8.499117908784184, 46.465167172909467 ], [ 8.509300728510915, 46.466565032303414 ], [ 8.52432816208014, 46.474492197603283 ], [ 8.526071597829672, 46.471821555006237 ], [ 8.533421379416239, 46.470176553878595 ], [ 8.537888986419844, 46.467038598978633 ], [ 8.547870035260692, 46.47123288114512 ], [ 8.55734007726786, 46.478984965863638 ], [ 8.556694198227778, 46.487448065194371 ], [ 8.558910733592461, 46.491969476958985 ], [ 8.575567639305625, 46.49304552632406 ], [ 8.579347794493756, 46.494402101030119 ], [ 8.581398952389311, 46.499626486847802 ], [ 8.598694787632651, 46.500593780850615 ], [ 8.633467424330867, 46.491146805796838 ], [ 8.647408186746524, 46.482515445421335 ] ] ] } },
{ "type": "Feature", "properties": { "bezirk_id": "B_2221" }, "geometry": { "type": "Polygon", "coordinates": [ [ [ 7.015371352797642, 46.43404003601114 ], [ 7.016214635482572, 46.422690546340696 ], [ 7.040254636339905, 46.424361021846401 ], [ 7.040705787993705, 46.423157180888154 ], [ 7.044239536043567, 46.425562424785213 ], [ 7.066805568085039, 46.426214592599301 ], [ 7.072012546719647, 46.423802748164306 ], [ 7.075718449777901, 46.416276288835327 ], [ 7.077425000950166, 46.404191505275044 ], [ 7.096370959668059, 46.416610570737205 ], [ 7.117786526381667, 46.411141031431143 ], [ 7.118869978329348, 46.408265478249163 ], [ 7.126616578520607, 46.404490949499085 ], [ 7.137763817712763, 46.380592642122188 ], [ 7.143069079591438, 46.380219837923462 ], [ 7.152439277933468, 46.382933686857747 ], [ 7.178516493741018, 46.379830303424853 ], [ 7.185751077550776, 46.375393886676747 ], [ 7.193702033230458, 46.378946723245335 ], [ 7.208247101391132, 46.378788451175062 ], [ 7.207111172389338, 46.373919470611334 ], [ 7.216114853689736, 46.361991351609007 ], [ 7.226367882698168, 46.365024665644412 ], [ 7.230278501276327, 46.36182950622851 ], [ 7.226535430487268, 46.358755006544172 ], [ 7.219201809226584, 46.356950835004675 ], [ 7.222886219492372, 46.348547003783558 ], [ 7.221457014093223, 46.329212587588408 ], [ 7.200557128644662, 46.312825255622975 ], [ 7.189109444604314, 46.303876790968047 ], [ 7.189370982846298, 46.294998648923631 ], [ 7.196911128081759, 46.28914990759386 ], [ 7.193826199041864, 46.288396606105238 ], [ 7.194798528684197, 46.285709012613168 ], [ 7.186338936933141, 46.282847755270872 ], [ 7.188522814112563, 46.27071748039544 ], [ 7.184498121628407, 46.268684447765757 ], [ 7.17800042653935, 46.26848968638614 ], [ 7.171836418452338, 46.261125799219172 ], [ 7.161860959099457, 46.253878211322494 ], [ 7.155227174284303, 46.252782235366517 ], [ 7.151173515246459, 46.244468963782893 ], [ 7.140240543948132, 46.237945657930972 ], [ 7.130461692963945, 46.236866574801176 ], [ 7.124806414892437, 46.236905192492721 ], [ 7.121869869423515, 46.229178685180294 ], [ 7.122576898008551, 46.223513399143648 ], [ 7.108404571615419, 46.211787355318137 ], [ 7.096291700523873, 46.207253345191454 ], [ 7.088491826854169, 46.20157081192238 ], [ 7.075355660040294, 46.199532203596071 ], [ 7.071329546479007, 46.201021445369875 ], [ 7.033162367307845, 46.18696536135436 ], [ 7.022860260633772, 46.199503799694007 ], [ 7.013227375752459, 46.205405009025654 ], [ 7.00962277428536, 46.220513158056619 ], [ 7.0045536559469, 46.2223558642713 ], [ 7.003254867556756, 46.225931157383904 ], [ 7.002402629484979, 46.230371756775398 ], [ 6.989060818328954, 46.244892451869006 ], [ 6.986925723945905, 46.252170481159787 ], [ 6.979232501073874, 46.257177032263705 ], [ 6.970459386874619, 46.263914773594827 ], [ 6.964473831161381, 46.269080337147486 ], [ 6.961719088001741, 46.279953621070824 ], [ 6.959280007397488, 46.2843512210722 ], [ 6.94948633721007, 46.29125395074167 ], [ 6.93618144693985, 46.298644036863436 ], [ 6.932035153348353, 46.324308546584362 ], [ 6.93181672502306, 46.325450034924927 ], [ 6.929524107255191, 46.330369431438051 ], [ 6.919184379160384, 46.338778434290738 ], [ 6.901263148804823, 46.338514707217286 ], [ 6.895996068071569, 46.340495608406393 ], [ 6.881795905714871, 46.356007346371882 ], [ 6.886767433085636, 46.365387412792025 ], [ 6.883859963105402, 46.376483062017222 ], [ 6.858844749576224, 46.394259362925304 ], [ 6.86013427236482, 46.395255510683221 ], [ 6.866659561382181, 46.392949766005692 ], [ 6.876906734787194, 46.395250080850019 ], [ 6.887824080199774, 46.395663601405019 ], [ 6.894991053643895, 46.394079021258875 ], [ 6.900014835035399, 46.396172098471126 ], [ 6.919378916610611, 46.395749887821502 ], [ 6.923515216690464, 46.39830562306885 ], [ 6.929817165322993, 46.408445445013221 ], [ 6.937437419429036, 46.408515445406763 ], [ 6.975862557391487, 46.431852303503121 ], [ 6.980357967545895, 46.431051983202991 ], [ 6.997182251351874, 46.437191015137337 ], [ 7.010899016408195, 46.438539086155075 ], [ 7.022612958431591, 46.443215571596056 ], [ 7.024272980560403, 46.440558921590977 ], [ 7.015371352797642, 46.43404003601114 ] ] ] } },
{ "type": "Feature", "properties": { "bezirk_id": "B_2222" }, "geometry": { "type": "MultiPolygon", "coordinates": [ [ [ [ 6.933178719371185, 46.892437259006606 ], [ 6.936098737045106, 46.888896949539564 ], [ 6.938624567964842, 46.889600691218199 ], [ 6.941902931155045, 46.884145772552593 ], [ 6.95114322785891, 46.877951768507629 ], [ 6.951672896446957, 46.874517765923507 ], [ 6.95399995205283, 46.875391236788701 ], [ 6.957281178604478, 46.870808447472577 ], [ 6.959978073894886, 46.871386507039134 ], [ 6.965122406444995, 46.865156129890984 ], [ 6.96989166487149, 46.867199803529729 ], [ 6.958052035806642, 46.881399343086748 ], [ 6.962212426348097, 46.88417838743495 ], [ 6.966129493844047, 46.883349101626095 ], [ 6.973691053617159, 46.887365133953978 ], [ 6.98615500947188, 46.876272128370118 ], [ 6.989057865858683, 46.873396384884813 ], [ 6.980113479997497, 46.866295563877117 ], [ 6.977024615374614, 46.860612416706253 ], [ 6.98051811553758, 46.85803207583065 ], [ 6.977477075096338, 46.850165451205619 ], [ 6.981399100606265, 46.845845347215018 ], [ 6.98449999134673, 46.846675168155748 ], [ 6.988566446858531, 46.843563756505638 ], [ 6.986005168237233, 46.840177299626333 ], [ 6.982898312518477, 46.839906292892138 ], [ 6.987023977530927, 46.837233059887062 ], [ 6.986021261519957, 46.834890257545773 ], [ 6.992365885122068, 46.833269096408003 ], [ 6.992414376888441, 46.830588631422494 ], [ 6.98515918414, 46.82211322895553 ], [ 6.971786324452531, 46.824299123625828 ], [ 6.965606361031877, 46.828105734359596 ], [ 6.95866499143421, 46.820214638639378 ], [ 6.961630791265193, 46.818266064224872 ], [ 6.956523785710128, 46.814952214296063 ], [ 6.959365252959708, 46.812229556481498 ], [ 6.957853955810596, 46.8112696646157 ], [ 6.966681955967349, 46.802652860667244 ], [ 6.956022811463952, 46.793414760970769 ], [ 6.956455464829825, 46.79044805859246 ], [ 6.958657475788418, 46.79025945478103 ], [ 6.950082137867993, 46.782693712674813 ], [ 6.945652364752042, 46.784509725596024 ], [ 6.938830996546852, 46.781529451751815 ], [ 6.931530102224549, 46.775326209709043 ], [ 6.9330550634, 46.774676310243784 ], [ 6.931216342037926, 46.772500195023056 ], [ 6.935415475735826, 46.771493326854625 ], [ 6.928776659131334, 46.76744276698286 ], [ 6.920023991829419, 46.760071820310699 ], [ 6.914368604423379, 46.762816576746076 ], [ 6.908189439491644, 46.757552507771543 ], [ 6.910561697609171, 46.753236634104304 ], [ 6.911869714355517, 46.754655007077552 ], [ 6.914632290813393, 46.753219456923581 ], [ 6.9168731483251, 46.754282235869596 ], [ 6.920568072602582, 46.751150637417425 ], [ 6.930226175033191, 46.75398281615837 ], [ 6.937218818829993, 46.749399074326007 ], [ 6.9412513515689, 46.744972928272155 ], [ 6.936031242964428, 46.737834459435497 ], [ 6.935668698841956, 46.733227093638895 ], [ 6.934288840215575, 46.73248334517406 ], [ 6.922141860449205, 46.723550162942999 ], [ 6.920444524765273, 46.721860258763641 ], [ 6.917081037787952, 46.717994749299301 ], [ 6.916016896526317, 46.719824982361857 ], [ 6.904523418463142, 46.714158315629511 ], [ 6.898067705918788, 46.708433560663096 ], [ 6.892386358541831, 46.702559224073489 ], [ 6.893472869879415, 46.699856730601503 ], [ 6.889610283418065, 46.693972954824218 ], [ 6.887944929304187, 46.694459668540325 ], [ 6.883729839794976, 46.689896348617872 ], [ 6.881152941743518, 46.690045670624812 ], [ 6.873105270248603, 46.683322116993615 ], [ 6.868557049131542, 46.685737253861959 ], [ 6.866582555048453, 46.684566890417344 ], [ 6.865480419002362, 46.681268901857464 ], [ 6.862790770774024, 46.680994438758475 ], [ 6.864709425639786, 46.676344343148095 ], [ 6.871850231583291, 46.673402568506397 ], [ 6.864401930547647, 46.664729279510965 ], [ 6.868314378703051, 46.662976809895234 ], [ 6.86802432977257, 46.660753403652343 ], [ 6.864902068366752, 46.658254860590318 ], [ 6.859475093238825, 46.659927540933523 ], [ 6.853551991586042, 46.655516273297977 ], [ 6.842175465066122, 46.658812577214562 ], [ 6.844073239709451, 46.660882550293124 ], [ 6.838422540057816, 46.662616031944545 ], [ 6.833447604268929, 46.662319787098703 ], [ 6.831335785681682, 46.65956481248282 ], [ 6.827969779256738, 46.660284437741154 ], [ 6.817252398588609, 46.649251490927831 ], [ 6.818467373620429, 46.648106662665086 ], [ 6.814569439406239, 46.647428635733924 ], [ 6.811204545664524, 46.650342747515957 ], [ 6.798820392011559, 46.649248198327321 ], [ 6.803486052538616, 46.644632518189063 ], [ 6.796883024165957, 46.633125743581537 ], [ 6.802274839849042, 46.6277315748154 ], [ 6.803466289271384, 46.62191793420304 ], [ 6.801927625216964, 46.60073309719742 ], [ 6.798295817186102, 46.599930039783764 ], [ 6.786784802300756, 46.60099803790672 ], [ 6.787451129278314, 46.605265900805605 ], [ 6.782026180142712, 46.6059363494252 ], [ 6.784463736630881, 46.611590821171674 ], [ 6.782958779513828, 46.614047012086971 ], [ 6.778799338461873, 46.614706616611763 ], [ 6.779383767543643, 46.616023405850179 ], [ 6.767258663628571, 46.618921043081308 ], [ 6.759225561019234, 46.603670241452072 ], [ 6.760313255140998, 46.599169798821386 ], [ 6.753957900396562, 46.597071605343132 ], [ 6.749633349290788, 46.591315059921101 ], [ 6.743916352701651, 46.589400085613306 ], [ 6.731512320193106, 46.583017381187474 ], [ 6.728829108536323, 46.583666340254268 ], [ 6.723849702999657, 46.581341141364419 ], [ 6.72388051412641, 46.583941162795227 ], [ 6.715600285027469, 46.586497570130234 ], [ 6.71419382609113, 46.594072191736259 ], [ 6.709939436844334, 46.594080961045627 ], [ 6.711013808263814, 46.598603814693398 ], [ 6.714553780735121, 46.59889788754051 ], [ 6.715909447236982, 46.60726217396288 ], [ 6.722794543602513, 46.609752657222735 ], [ 6.725531830797886, 46.613017399280558 ], [ 6.728536714437283, 46.612838308571398 ], [ 6.738472312414405, 46.623812003300095 ], [ 6.740958487170642, 46.639552115904927 ], [ 6.744533521704795, 46.639834882331115 ], [ 6.753790013877297, 46.649381671056801 ], [ 6.758650862740259, 46.649275909666876 ], [ 6.761658777507734, 46.652127555815504 ], [ 6.758859428369905, 46.656563803331331 ], [ 6.762158516374191, 46.657069254809421 ], [ 6.760211039858957, 46.659207661144613 ], [ 6.761818178846645, 46.663364325326889 ], [ 6.755692795386897, 46.666233365262698 ], [ 6.756757362688475, 46.668848549732878 ], [ 6.748948993838777, 46.672444788833467 ], [ 6.749008530551856, 46.675962528254402 ], [ 6.760549846180418, 46.677975016162144 ], [ 6.76424208123841, 46.67537018231932 ], [ 6.777830369461618, 46.682088852350141 ], [ 6.77604461715726, 46.688060683076415 ], [ 6.778862686430041, 46.691720363694174 ], [ 6.782635052090477, 46.688980464365542 ], [ 6.791595216245236, 46.688537008004886 ], [ 6.791865178090462, 46.686739383219781 ], [ 6.805117937205473, 46.696952205756546 ], [ 6.803241507764987, 46.698632949121844 ], [ 6.806754860933021, 46.70118932261925 ], [ 6.800710318298378, 46.70259492093097 ], [ 6.797804562701789, 46.705034442028307 ], [ 6.791367316708305, 46.700976894131408 ], [ 6.784363616030723, 46.703806498938356 ], [ 6.784166772148018, 46.708168325409439 ], [ 6.806203289206013, 46.72700409539636 ], [ 6.811333890037822, 46.727914064708784 ], [ 6.817356182919635, 46.733191603578398 ], [ 6.828334294553746, 46.735400958086707 ], [ 6.838440841805133, 46.732540073023728 ], [ 6.846359149459482, 46.727516957837793 ], [ 6.861801109646994, 46.724591692233552 ], [ 6.867934995461689, 46.728409800621073 ], [ 6.865534182351555, 46.729045428542641 ], [ 6.866420710374273, 46.733025984608631 ], [ 6.882078245161462, 46.749781583260031 ], [ 6.875727437696078, 46.753861384229012 ], [ 6.876976095661605, 46.755864585938056 ], [ 6.867794250958372, 46.760181830092797 ], [ 6.863849141913932, 46.763103571273106 ], [ 6.859249616405245, 46.761110217217201 ], [ 6.857740128944337, 46.762703757854979 ], [ 6.86016058051669, 46.766476263391702 ], [ 6.849040170100866, 46.775360941594236 ], [ 6.846257386816178, 46.771235487790264 ], [ 6.848863955624141, 46.771132067557822 ], [ 6.844424953605037, 46.765261813790438 ], [ 6.829084884964004, 46.755771267473136 ], [ 6.830467605430378, 46.753871570621058 ], [ 6.815060393569915, 46.74050157865571 ], [ 6.81653584382888, 46.738512597333596 ], [ 6.812102293351767, 46.73720189874085 ], [ 6.806117759771794, 46.735396651079057 ], [ 6.803991966404197, 46.737031043146189 ], [ 6.798048449009849, 46.734002176972325 ], [ 6.796515492638031, 46.736377416174832 ], [ 6.793631832704475, 46.735713423869818 ], [ 6.78444973651133, 46.7354721302926 ], [ 6.786238308999455, 46.747671638894651 ], [ 6.778681895206984, 46.751298371706355 ], [ 6.776152641591385, 46.749439559351678 ], [ 6.773065703528745, 46.751418621021053 ], [ 6.772388523986889, 46.75325879220955 ], [ 6.776865996935938, 46.757413941808821 ], [ 6.776997689614648, 46.761606723785079 ], [ 6.778796351223329, 46.761176364309691 ], [ 6.782271468536294, 46.767106636688801 ], [ 6.788835605191559, 46.771012423677817 ], [ 6.792180243920536, 46.778138062687162 ], [ 6.798056210286767, 46.78282202250589 ], [ 6.80459652959043, 46.78567424858209 ], [ 6.813163921684225, 46.779323678035951 ], [ 6.81875406880659, 46.777674010448912 ], [ 6.825405158961496, 46.773149187745886 ], [ 6.827483697347345, 46.776893563406745 ], [ 6.833192192549036, 46.774612150228677 ], [ 6.840010467666042, 46.780801213447496 ], [ 6.843111216671804, 46.778685489093618 ], [ 6.848552957881703, 46.780957339788543 ], [ 6.85150980053225, 46.785879729253196 ], [ 6.859155924262488, 46.788033731520457 ], [ 6.863975190364718, 46.784387916011227 ], [ 6.861853232623761, 46.783207761666787 ], [ 6.863800482245853, 46.781130612917032 ], [ 6.879600383741657, 46.775389054821076 ], [ 6.888199171725376, 46.778309526077138 ], [ 6.894193907134775, 46.77725885720502 ], [ 6.894987690701472, 46.779043780707546 ], [ 6.899887339188318, 46.780119542946217 ], [ 6.899191463542683, 46.781609522016694 ], [ 6.905045410657479, 46.781565124355751 ], [ 6.90648153481126, 46.78332598465947 ], [ 6.909806136055101, 46.783494389984043 ], [ 6.908301231748366, 46.782057093723765 ], [ 6.910994776940768, 46.779802707952804 ], [ 6.9159355353323, 46.783423724299567 ], [ 6.916607984402183, 46.786998058814518 ], [ 6.921177180022724, 46.796671164192169 ], [ 6.926132180997914, 46.799032405928742 ], [ 6.931442391537404, 46.805443014805469 ], [ 6.927740268011027, 46.809006712883694 ], [ 6.923394648816381, 46.808573355630557 ], [ 6.919577616391627, 46.810391132324121 ], [ 6.911328947403313, 46.803175793215914 ], [ 6.907341877185098, 46.804928416935546 ], [ 6.90492909435401, 46.806473380048644 ], [ 6.910804261681167, 46.812545762654445 ], [ 6.90520019433026, 46.827672005218034 ], [ 6.910989584360586, 46.839038520166135 ], [ 6.919353159807405, 46.847172878877487 ], [ 6.93013256118702, 46.853869123063575 ], [ 6.912811018724081, 46.86588955298361 ], [ 6.896278108895621, 46.861413363795727 ], [ 6.891874902930204, 46.864954574909795 ], [ 6.909405163998933, 46.869454015900914 ], [ 6.911488386950392, 46.867016883230797 ], [ 6.92100840605053, 46.871315331887402 ], [ 6.910869216697535, 46.88063319191393 ], [ 6.90695342104561, 46.8786180210598 ], [ 6.905335938431678, 46.880328612640248 ], [ 6.903665734469989, 46.879421248046803 ], [ 6.891718147535125, 46.886776910360354 ], [ 6.902001713163559, 46.893644283743591 ], [ 6.902492425849052, 46.897064866168407 ], [ 6.92204505370689, 46.905340860917669 ], [ 6.929764475471419, 46.899618445515607 ], [ 6.923901305516839, 46.895184393990455 ], [ 6.925959914669908, 46.892611963036494 ], [ 6.933178719371185, 46.892437259006606 ] ] ], [ [ [ 7.049317711673535, 46.932723898604273 ], [ 7.034445908107849, 46.923155167334642 ], [ 7.033983386959089, 46.916595926551608 ], [ 7.040975964494979, 46.910134856507121 ], [ 7.04717406448029, 46.906198329930483 ], [ 7.054820215268462, 46.905189837058607 ], [ 7.064493470234265, 46.905176986459182 ], [ 7.084206892054683, 46.913173803759754 ], [ 7.090083801696662, 46.907731746201243 ], [ 7.093149325903784, 46.906607659295581 ], [ 7.09126653424764, 46.903462572160194 ], [ 7.08671119398711, 46.90163155307777 ], [ 7.088915388132439, 46.899722324615034 ], [ 7.083309410003262, 46.89608887283147 ], [ 7.074599772636879, 46.895512695118335 ], [ 7.074634752166792, 46.894226471271857 ], [ 7.079818577908753, 46.894152941112274 ], [ 7.061979464090836, 46.883777749057181 ], [ 7.061693303968612, 46.8796929019732 ], [ 7.066212636084967, 46.880652263320663 ], [ 7.066999610314664, 46.8787837916597 ], [ 7.064667563293544, 46.878344390482233 ], [ 7.069219474019368, 46.87647019563331 ], [ 7.070669491837754, 46.873533393291531 ], [ 7.066662764996004, 46.868716855897716 ], [ 7.062569110006937, 46.86704827560488 ], [ 7.053962941976163, 46.856386993727718 ], [ 7.050212258790604, 46.85462017047216 ], [ 7.042913882374249, 46.846921239672511 ], [ 7.039556920663381, 46.848233823130116 ], [ 7.037377447835519, 46.845627896199815 ], [ 7.033170798831481, 46.848740794468029 ], [ 7.031866521932873, 46.847836604429077 ], [ 7.029953739122178, 46.852813236959975 ], [ 7.034064673371188, 46.855391595809628 ], [ 7.033223493687934, 46.857385593314575 ], [ 7.039677669859162, 46.860592737434956 ], [ 7.029930810868295, 46.866153372787515 ], [ 7.035383344488205, 46.873602990841007 ], [ 7.025105261409903, 46.877937959781057 ], [ 7.021641912006563, 46.876261202129278 ], [ 7.016384835739244, 46.880847514003285 ], [ 7.015639486999425, 46.877210607691019 ], [ 7.013315982550243, 46.877408863359136 ], [ 7.007773306275269, 46.873349121837848 ], [ 6.999618350000416, 46.874460449433123 ], [ 6.994864463576447, 46.878238745453714 ], [ 7.009484184216651, 46.889043565820799 ], [ 6.984171683242037, 46.907835912035061 ], [ 6.981244433833097, 46.909398414927331 ], [ 6.984530171536062, 46.912002201869953 ], [ 6.98193041387939, 46.913619996446258 ], [ 6.987523261177563, 46.918220876390841 ], [ 6.98614285418685, 46.920005493183048 ], [ 6.978118283513484, 46.923400649900884 ], [ 6.971982183056035, 46.920911008478434 ], [ 6.961404441700086, 46.927811728267116 ], [ 6.979442359357222, 46.937429744641413 ], [ 6.981492388594295, 46.943437859781831 ], [ 7.024956279257915, 46.961890964145617 ], [ 7.036038583375088, 46.971555486413337 ], [ 7.039971547003091, 46.979880884890576 ], [ 7.051846820572603, 46.977115180204152 ], [ 7.063190686124547, 46.971243144459038 ], [ 7.060872677895059, 46.966387065149938 ], [ 7.058054865686016, 46.965361249113677 ], [ 7.059607125625403, 46.95583143242542 ], [ 7.056471332830403, 46.955263276809454 ], [ 7.059662619608816, 46.951702786492618 ], [ 7.061382974567075, 46.942452336783937 ], [ 7.057916798310976, 46.938581851777343 ], [ 7.059809180990346, 46.936555208533512 ], [ 7.049317711673535, 46.932723898604273 ] ] ] ] } },
{ "type": "Feature", "properties": { "bezirk_id": "B_2223" }, "geometry": { "type": "Polygon", "coordinates": [ [ [ 6.665366148046235, 46.71668901869171 ], [ 6.66655425880849, 46.713188678870786 ], [ 6.674071444468232, 46.711566174389247 ], [ 6.675964915677717, 46.712694366757368 ], [ 6.68558210429519, 46.718929566143608 ], [ 6.69000544053274, 46.725354802574785 ], [ 6.703066066949788, 46.728813368347041 ], [ 6.70076681871784, 46.719982551470601 ], [ 6.709789293976783, 46.715371819323757 ], [ 6.718665419069604, 46.718657810183601 ], [ 6.726865806715667, 46.71871837065293 ], [ 6.727945445983959, 46.720164449040539 ], [ 6.729982452096503, 46.717451409436215 ], [ 6.733059343344865, 46.721203790335103 ], [ 6.731630180284025, 46.72743802727787 ], [ 6.734354558659844, 46.726186500483749 ], [ 6.734360738006474, 46.728714364112179 ], [ 6.73952731265578, 46.729798713409259 ], [ 6.745191850414527, 46.735914514734652 ], [ 6.748620234563348, 46.731806268143373 ], [ 6.751727146878395, 46.728244724726686 ], [ 6.759079237290229, 46.725149309656096 ], [ 6.758622053161908, 46.72198905444553 ], [ 6.762499872713053, 46.71735232748064 ], [ 6.770737968488679, 46.720684425033035 ], [ 6.777407641483832, 46.726120829375496 ], [ 6.77749592073228, 46.72958471593283 ], [ 6.78444973651133, 46.7354721302926 ], [ 6.793631832704475, 46.735713423869818 ], [ 6.788465726540549, 46.727956683508104 ], [ 6.792981744585624, 46.725553527948151 ], [ 6.806203289206013, 46.72700409539636 ], [ 6.784166772148018, 46.708168325409439 ], [ 6.784363616030723, 46.703806498938356 ], [ 6.791367316708305, 46.700976894131408 ], [ 6.797804562701789, 46.705034442028307 ], [ 6.800710318298378, 46.70259492093097 ], [ 6.806754860933021, 46.70118932261925 ], [ 6.803241507764987, 46.698632949121844 ], [ 6.805117937205473, 46.696952205756546 ], [ 6.791865178090462, 46.686739383219781 ], [ 6.791595216245236, 46.688537008004886 ], [ 6.782635052090477, 46.688980464365542 ], [ 6.778862686430041, 46.691720363694174 ], [ 6.77604461715726, 46.688060683076415 ], [ 6.777830369461618, 46.682088852350141 ], [ 6.76424208123841, 46.67537018231932 ], [ 6.760549846180418, 46.677975016162144 ], [ 6.749008530551856, 46.675962528254402 ], [ 6.748948993838777, 46.672444788833467 ], [ 6.756757362688475, 46.668848549732878 ], [ 6.755692795386897, 46.666233365262698 ], [ 6.761818178846645, 46.663364325326889 ], [ 6.760211039858957, 46.659207661144613 ], [ 6.762158516374191, 46.657069254809421 ], [ 6.758859428369905, 46.656563803331331 ], [ 6.761658777507734, 46.652127555815504 ], [ 6.758650862740259, 46.649275909666876 ], [ 6.753790013877297, 46.649381671056801 ], [ 6.744533521704795, 46.639834882331115 ], [ 6.740958487170642, 46.639552115904927 ], [ 6.738472312414405, 46.623812003300095 ], [ 6.728536714437283, 46.612838308571398 ], [ 6.725531830797886, 46.613017399280558 ], [ 6.722794543602513, 46.609752657222735 ], [ 6.715909447236982, 46.60726217396288 ], [ 6.714553780735121, 46.59889788754051 ], [ 6.711013808263814, 46.598603814693398 ], [ 6.709939436844334, 46.594080961045627 ], [ 6.706444170113888, 46.581419161796049 ], [ 6.700276991646803, 46.581127342892003 ], [ 6.682164082512984, 46.591650380498145 ], [ 6.681122103353108, 46.596159419346797 ], [ 6.673314885035373, 46.594532789507554 ], [ 6.672768585620491, 46.597164932794982 ], [ 6.668473771558675, 46.597243848160204 ], [ 6.666203869430966, 46.600826834701827 ], [ 6.660281119461527, 46.602450670662911 ], [ 6.657456830478173, 46.599192724322343 ], [ 6.659789893438917, 46.595790261602097 ], [ 6.652989038177037, 46.594106155324056 ], [ 6.64657298200582, 46.590238289357906 ], [ 6.6531083763642, 46.586802215276137 ], [ 6.65694976538428, 46.575628676370464 ], [ 6.650643623132471, 46.575980916359477 ], [ 6.648215236794035, 46.572545547308039 ], [ 6.639778227680991, 46.569697730430271 ], [ 6.638135761863257, 46.574903868502005 ], [ 6.629860768708054, 46.578668555535856 ], [ 6.628942902453679, 46.578976876879182 ], [ 6.616340856148518, 46.581495188440599 ], [ 6.613940539130335, 46.590869676571984 ], [ 6.602647293169357, 46.592073564935085 ], [ 6.594657202148624, 46.596485537353551 ], [ 6.589506332050126, 46.592902695981365 ], [ 6.585093058145802, 46.592230899764076 ], [ 6.579900312343273, 46.583141681865953 ], [ 6.576543754007925, 46.584168800341438 ], [ 6.575616920201384, 46.58130668746896 ], [ 6.573143843246893, 46.576496242970677 ], [ 6.574799035936193, 46.574151861391037 ], [ 6.571755367868058, 46.57440754843855 ], [ 6.571140639875289, 46.57288250904849 ], [ 6.565516697941986, 46.573784002642846 ], [ 6.565657790601493, 46.572318717599686 ], [ 6.553756065155022, 46.570220460873962 ], [ 6.553829006471822, 46.565767934314991 ], [ 6.551508916404567, 46.565668866359616 ], [ 6.55154510872053, 46.563465090855416 ], [ 6.533549284829851, 46.560156413389429 ], [ 6.528961555733248, 46.561523154718451 ], [ 6.526803195185437, 46.562400748846898 ], [ 6.526005824027312, 46.567409932632224 ], [ 6.52367840114001, 46.567742055113612 ], [ 6.525990496317829, 46.576037151974809 ], [ 6.529279961549001, 46.579023280248556 ], [ 6.525457906476062, 46.580530962607035 ], [ 6.5249113113394, 46.589702670432033 ], [ 6.527179142675335, 46.589091156083605 ], [ 6.529834204588156, 46.591829270810628 ], [ 6.529176510498429, 46.599110903797687 ], [ 6.522643812805267, 46.598752557045941 ], [ 6.520505780598823, 46.605518417122767 ], [ 6.517101865993047, 46.607640950664369 ], [ 6.519425288886035, 46.609180121033297 ], [ 6.515361313405215, 46.614005112488158 ], [ 6.519232843346505, 46.620477752582723 ], [ 6.512413701974777, 46.622968309235056 ], [ 6.51663315814776, 46.628202394521203 ], [ 6.513044267368046, 46.628074273791135 ], [ 6.511823666844395, 46.631473877511326 ], [ 6.512206148176962, 46.635057468796809 ], [ 6.508034979658992, 46.636102946200587 ], [ 6.508756062749837, 46.637458270783675 ], [ 6.517353445610894, 46.63649369670825 ], [ 6.519572617513183, 46.642692011826163 ], [ 6.531422326997742, 46.640214271024533 ], [ 6.532638651446838, 46.643228676907533 ], [ 6.542736997173263, 46.639215450455453 ], [ 6.546229401583758, 46.638118399301248 ], [ 6.550074648949716, 46.646514895044163 ], [ 6.556696498706089, 46.64737609132883 ], [ 6.556371410934738, 46.65127787502459 ], [ 6.563693927116659, 46.654087245758781 ], [ 6.565758331687663, 46.659725656403062 ], [ 6.570461032413341, 46.662226569912747 ], [ 6.574815102643346, 46.65796859583336 ], [ 6.57544759386181, 46.661715759604036 ], [ 6.579585016150036, 46.66200796692906 ], [ 6.580142720998435, 46.663910344843472 ], [ 6.582721041891503, 46.663650896609035 ], [ 6.582582734651012, 46.668246836702544 ], [ 6.587688075375749, 46.673484849693978 ], [ 6.586047059817289, 46.679733804839266 ], [ 6.585090224414981, 46.681552826113133 ], [ 6.588836908002147, 46.684342648744853 ], [ 6.586350003801952, 46.690333395368562 ], [ 6.589497552549129, 46.692192110939438 ], [ 6.592622585286835, 46.68966951128894 ], [ 6.597900071754061, 46.690770149886475 ], [ 6.606376965954026, 46.689582012218878 ], [ 6.611414227659603, 46.692722355911982 ], [ 6.617149989666419, 46.692107194752431 ], [ 6.618186997750979, 46.694408650687244 ], [ 6.624183815326574, 46.695558227208501 ], [ 6.626418460598988, 46.694764559061305 ], [ 6.626406463529937, 46.690356446925165 ], [ 6.629005481844378, 46.690527898424605 ], [ 6.632199388871864, 46.70074300210198 ], [ 6.62360088240416, 46.69952127766453 ], [ 6.619684500436034, 46.701688184345372 ], [ 6.622035963044116, 46.706149086002192 ], [ 6.618504004671641, 46.70622265073591 ], [ 6.622912856707331, 46.713873907425885 ], [ 6.630642148099596, 46.713902035409753 ], [ 6.63558276611806, 46.720261136516868 ], [ 6.636743834814259, 46.738917873485669 ], [ 6.640808045485471, 46.743687257527107 ], [ 6.646262267926743, 46.741206474700491 ], [ 6.655813909277469, 46.732267625999945 ], [ 6.657153927432593, 46.728282648714611 ], [ 6.668276399719272, 46.720801882022506 ], [ 6.665366148046235, 46.71668901869171 ] ] ] } },
{ "type": "Feature", "properties": { "bezirk_id": "B_2224" }, "geometry": { "type": "Polygon", "coordinates": [ [ [ 6.740081232041458, 46.894810582460487 ], [ 6.738010504195939, 46.884551884844335 ], [ 6.740163597340157, 46.884448131168767 ], [ 6.739481518306171, 46.879397407590353 ], [ 6.732556149492657, 46.868308135193828 ], [ 6.739918583394414, 46.872023657828173 ], [ 6.753722749897034, 46.870623026493703 ], [ 6.756682546648414, 46.868922579588251 ], [ 6.753425034788712, 46.864144380643033 ], [ 6.740268561487732, 46.858226465379772 ], [ 6.730394087789004, 46.851238949219166 ], [ 6.716435681014785, 46.846878516800054 ], [ 6.702926475861491, 46.835727484863433 ], [ 6.687713030201558, 46.829700175103021 ], [ 6.683555406850858, 46.82429326747318 ], [ 6.67719799829931, 46.820670691988475 ], [ 6.659713415240568, 46.81542503563832 ], [ 6.638014709957122, 46.803040457796513 ], [ 6.635570171671766, 46.800054639402418 ], [ 6.636288178374684, 46.795831642558618 ], [ 6.636244914029484, 46.795219619910327 ], [ 6.639095642209442, 46.791137534824969 ], [ 6.642367663667978, 46.792185960436711 ], [ 6.644850729655581, 46.789900336673874 ], [ 6.643308384791303, 46.788801089548372 ], [ 6.648228030627733, 46.785569808637085 ], [ 6.654529540937887, 46.784524827313192 ], [ 6.659920476699788, 46.786070157413704 ], [ 6.669023653347605, 46.787502265549001 ], [ 6.719964481468395, 46.806554967446807 ], [ 6.73754844406829, 46.805405029799601 ], [ 6.741322958616914, 46.807317277454757 ], [ 6.747794235180399, 46.803308591684676 ], [ 6.754881727737343, 46.802271827954087 ], [ 6.767336467217446, 46.808858727554572 ], [ 6.776860764435604, 46.802536454754566 ], [ 6.778863172305774, 46.800560011172671 ], [ 6.784084852527902, 46.803135890489685 ], [ 6.787311531763548, 46.799565089936173 ], [ 6.779033441817424, 46.794156057502846 ], [ 6.775970922109987, 46.789703410795418 ], [ 6.782533259632938, 46.792871878040103 ], [ 6.798056210286767, 46.78282202250589 ], [ 6.792180243920536, 46.778138062687162 ], [ 6.788835605191559, 46.771012423677817 ], [ 6.782271468536294, 46.767106636688801 ], [ 6.778796351223329, 46.761176364309691 ], [ 6.776997689614648, 46.761606723785079 ], [ 6.776865996935938, 46.757413941808821 ], [ 6.772388523986889, 46.75325879220955 ], [ 6.773065703528745, 46.751418621021053 ], [ 6.768179062880294, 46.744454227447925 ], [ 6.759031278918965, 46.73723936676916 ], [ 6.752615073734802, 46.736589181371684 ], [ 6.748620234563348, 46.731806268143373 ], [ 6.745191850414527, 46.735914514734652 ], [ 6.73952731265578, 46.729798713409259 ], [ 6.734360738006474, 46.728714364112179 ], [ 6.734354558659844, 46.726186500483749 ], [ 6.731630180284025, 46.72743802727787 ], [ 6.733059343344865, 46.721203790335103 ], [ 6.729982452096503, 46.717451409436215 ], [ 6.727945445983959, 46.720164449040539 ], [ 6.726865806715667, 46.71871837065293 ], [ 6.718665419069604, 46.718657810183601 ], [ 6.709789293976783, 46.715371819323757 ], [ 6.70076681871784, 46.719982551470601 ], [ 6.703066066949788, 46.728813368347041 ], [ 6.69000544053274, 46.725354802574785 ], [ 6.68558210429519, 46.718929566143608 ], [ 6.675964915677717, 46.712694366757368 ], [ 6.674071444468232, 46.711566174389247 ], [ 6.66655425880849, 46.713188678870786 ], [ 6.665366148046235, 46.71668901869171 ], [ 6.668276399719272, 46.720801882022506 ], [ 6.657153927432593, 46.728282648714611 ], [ 6.655813909277469, 46.732267625999945 ], [ 6.646262267926743, 46.741206474700491 ], [ 6.640808045485471, 46.743687257527107 ], [ 6.636743834814259, 46.738917873485669 ], [ 6.63558276611806, 46.720261136516868 ], [ 6.630642148099596, 46.713902035409753 ], [ 6.622912856707331, 46.713873907425885 ], [ 6.618504004671641, 46.70622265073591 ], [ 6.622035963044116, 46.706149086002192 ], [ 6.619684500436034, 46.701688184345372 ], [ 6.62360088240416, 46.69952127766453 ], [ 6.632199388871864, 46.70074300210198 ], [ 6.629005481844378, 46.690527898424605 ], [ 6.626406463529937, 46.690356446925165 ], [ 6.626418460598988, 46.694764559061305 ], [ 6.624183815326574, 46.695558227208501 ], [ 6.618186997750979, 46.694408650687244 ], [ 6.617149989666419, 46.692107194752431 ], [ 6.611414227659603, 46.692722355911982 ], [ 6.606376965954026, 46.689582012218878 ], [ 6.597900071754061, 46.690770149886475 ], [ 6.592622585286835, 46.68966951128894 ], [ 6.589497552549129, 46.692192110939438 ], [ 6.586350003801952, 46.690333395368562 ], [ 6.588836908002147, 46.684342648744853 ], [ 6.585090224414981, 46.681552826113133 ], [ 6.586047059817289, 46.679733804839266 ], [ 6.587688075375749, 46.673484849693978 ], [ 6.582582734651012, 46.668246836702544 ], [ 6.582721041891503, 46.663650896609035 ], [ 6.580142720998435, 46.663910344843472 ], [ 6.579585016150036, 46.66200796692906 ], [ 6.57544759386181, 46.661715759604036 ], [ 6.574815102643346, 46.65796859583336 ], [ 6.570461032413341, 46.662226569912747 ], [ 6.562985829247681, 46.666316462580184 ], [ 6.560224022532755, 46.66499073942974 ], [ 6.558664950366613, 46.665239576327693 ], [ 6.555967748367954, 46.663968224827634 ], [ 6.549830748503169, 46.665278850704901 ], [ 6.55241395230231, 46.670300827573726 ], [ 6.550521199446029, 46.670960774601696 ], [ 6.549960339521285, 46.682786242280038 ], [ 6.549750308620332, 46.689180810549331 ], [ 6.53837856110855, 46.691412417551689 ], [ 6.537983569849349, 46.688449580286971 ], [ 6.523901884911798, 46.687797507075196 ], [ 6.51677496796276, 46.67951754948551 ], [ 6.508357579164209, 46.676471327330987 ], [ 6.508125506659461, 46.677800858109336 ], [ 6.506068765948063, 46.672026490152476 ], [ 6.502759790610501, 46.674428280887582 ], [ 6.498298945527325, 46.669416629684449 ], [ 6.494541738529062, 46.669790342233355 ], [ 6.487928279150504, 46.672137283863663 ], [ 6.484539427409209, 46.673755184364097 ], [ 6.479823339835148, 46.672905886162802 ], [ 6.474217049905078, 46.66849535447809 ], [ 6.468734607966057, 46.669600264260026 ], [ 6.464872395791644, 46.670709793473549 ], [ 6.463757158086626, 46.670952137356451 ], [ 6.460148892732622, 46.671020123178067 ], [ 6.44643488268904, 46.662040072756589 ], [ 6.443472841528122, 46.66181628356145 ], [ 6.434705766175662, 46.656863284965908 ], [ 6.397540538891484, 46.672092835555979 ], [ 6.390371501106327, 46.671109395302231 ], [ 6.367461344857107, 46.665183352499689 ], [ 6.357612381011061, 46.671495616989077 ], [ 6.350124945217399, 46.66884228088265 ], [ 6.347897632714147, 46.663306168768955 ], [ 6.349816772775257, 46.648507497192249 ], [ 6.346517566768622, 46.641116810058847 ], [ 6.349098465144136, 46.634268311430397 ], [ 6.346374744567878, 46.63526777296542 ], [ 6.336272913464188, 46.630447171068404 ], [ 6.329985146610658, 46.623755660996892 ], [ 6.325765514469432, 46.618784379723394 ], [ 6.333946404474782, 46.616507101258087 ], [ 6.297034503680938, 46.593156325440326 ], [ 6.301704768897593, 46.589523575270846 ], [ 6.298923243916745, 46.585906097546207 ], [ 6.298765415940369, 46.58534672988759 ], [ 6.293092250660822, 46.580899363144823 ], [ 6.288441992676077, 46.58114926328421 ], [ 6.275287085985285, 46.572801452602633 ], [ 6.2692275086188, 46.560440902762942 ], [ 6.26467296765055, 46.559962075569103 ], [ 6.254934316970657, 46.55619936428694 ], [ 6.23876979065392, 46.544127156744665 ], [ 6.227412386047383, 46.530187671761823 ], [ 6.22176258443247, 46.523478690155393 ], [ 6.211553469188824, 46.525932826605455 ], [ 6.210422783206424, 46.523491485435805 ], [ 6.193411070152245, 46.530953333609496 ], [ 6.189031771938361, 46.53430597499041 ], [ 6.18083152185029, 46.532074179748136 ], [ 6.172783767995729, 46.533379217450687 ], [ 6.156480413259529, 46.545251951730009 ], [ 6.110960998027906, 46.576656510384296 ], [ 6.121744011099707, 46.584015004285867 ], [ 6.126114011512309, 46.589473507773178 ], [ 6.138842012215308, 46.597118509992974 ], [ 6.153778014262935, 46.6037600065644 ], [ 6.161225004083112, 46.609901514138819 ], [ 6.179136008064001, 46.616161504968922 ], [ 6.180358000869158, 46.620205010747206 ], [ 6.196010998795641, 46.628181512240587 ], [ 6.19985001345641, 46.634254504089839 ], [ 6.20808301057614, 46.636066508243012 ], [ 6.219441929154778, 46.64489967815922 ], [ 6.227710998664028, 46.648117005413575 ], [ 6.233577999649225, 46.654945508962413 ], [ 6.267544006328276, 46.676472004902287 ], [ 6.270553008500726, 46.679233512455113 ], [ 6.269439010059814, 46.682720004338705 ], [ 6.283108505182751, 46.690456511326992 ], [ 6.307406655343245, 46.698581673909992 ], [ 6.324136000041713, 46.706039509445063 ], [ 6.342011004064772, 46.710377010789301 ], [ 6.352424502729486, 46.715145014230401 ], [ 6.36024200395189, 46.723087508552155 ], [ 6.364486003974004, 46.721916504679484 ], [ 6.371761001316252, 46.724357507399937 ], [ 6.371478006927872, 46.728817006047059 ], [ 6.368117003483296, 46.729255504393571 ], [ 6.370067000575245, 46.730366007567774 ], [ 6.385484514147362, 46.732109007431575 ], [ 6.391611003590381, 46.738151013789697 ], [ 6.38847501276458, 46.743210015257262 ], [ 6.394511012820886, 46.747871515210136 ], [ 6.400689008465691, 46.750694507713561 ], [ 6.404272001391655, 46.750015508224699 ], [ 6.417144001924329, 46.75276551352465 ], [ 6.430822011007243, 46.757088014270259 ], [ 6.439425013245047, 46.762573007686846 ], [ 6.438902010382898, 46.766372511801187 ], [ 6.451691499318731, 46.77398700371743 ], [ 6.451786009483768, 46.778572503726444 ], [ 6.458442503983114, 46.788311013514907 ], [ 6.434630007881649, 46.802040009474545 ], [ 6.430997012691087, 46.812328507520895 ], [ 6.440681010938429, 46.816265011998404 ], [ 6.439606010748538, 46.824123514814914 ], [ 6.442506008510415, 46.831878505694739 ], [ 6.460011005824162, 46.851551515218212 ], [ 6.465372420830167, 46.850789279722292 ], [ 6.466475784373374, 46.847785016984929 ], [ 6.482127461398263, 46.846531848881618 ], [ 6.527523831119595, 46.858651880815536 ], [ 6.537770609036716, 46.866991421185574 ], [ 6.562748227826432, 46.875596861202773 ], [ 6.587262127240887, 46.884157333511915 ], [ 6.597768039965159, 46.883551478230714 ], [ 6.606364442258396, 46.886771958236473 ], [ 6.614636894921947, 46.888936942578461 ], [ 6.627079629305859, 46.888711171313119 ], [ 6.630237340587009, 46.891630191363141 ], [ 6.645519320928303, 46.90621141658378 ], [ 6.647200145531669, 46.910612970527019 ], [ 6.668418371598838, 46.920311351867198 ], [ 6.720867720407467, 46.936143198646285 ], [ 6.721116806260693, 46.932249678546839 ], [ 6.723456219389864, 46.931121901820916 ], [ 6.717449679871633, 46.915890601213427 ], [ 6.716741595063074, 46.906071914919309 ], [ 6.721029465198858, 46.905406265768782 ], [ 6.740081232041458, 46.894810582460487 ] ], [ [ 6.241298026726845, 46.615407105551839 ], [ 6.244265211691259, 46.61111995097577 ], [ 6.25045096906629, 46.614783411301246 ], [ 6.254846397129201, 46.614388434583454 ], [ 6.258858670501725, 46.618379639279965 ], [ 6.262772837229738, 46.618510156007147 ], [ 6.268672305172518, 46.623429157453025 ], [ 6.278286603182067, 46.625686850366868 ], [ 6.281467565495586, 46.629587773157525 ], [ 6.28898669751968, 46.632183065022417 ], [ 6.317859368985371, 46.650554169891883 ], [ 6.323582383575266, 46.652409700672521 ], [ 6.323580942500062, 46.658167403358007 ], [ 6.329718286690965, 46.664704811424002 ], [ 6.325621878621394, 46.6669049228109 ], [ 6.316871411445721, 46.660368547690723 ], [ 6.28551341631271, 46.644985915539642 ], [ 6.256247535690171, 46.627906870250186 ], [ 6.241298026726845, 46.615407105551839 ] ] ] } },
{ "type": "Feature", "properties": { "bezirk_id": "B_2225" }, "geometry": { "type": "Polygon", "coordinates": [ [ [ 6.672768585620491, 46.597164932794982 ], [ 6.673314885035373, 46.594532789507554 ], [ 6.681122103353108, 46.596159419346797 ], [ 6.682164082512984, 46.591650380498145 ], [ 6.700276991646803, 46.581127342892003 ], [ 6.706444170113888, 46.581419161796049 ], [ 6.720899205348488, 46.580503899436849 ], [ 6.718004155020084, 46.572587117395784 ], [ 6.709571485063383, 46.564319964350311 ], [ 6.705204068115159, 46.55457617810778 ], [ 6.700310633387235, 46.550046459682498 ], [ 6.698196113306992, 46.542593000638014 ], [ 6.691004095955321, 46.544138136667165 ], [ 6.684445787884584, 46.537617615129633 ], [ 6.670311706244605, 46.532305096322922 ], [ 6.668611563529293, 46.526293218526384 ], [ 6.664466626208723, 46.526309989400644 ], [ 6.658797174578603, 46.519973928932814 ], [ 6.654027028873213, 46.518204797573695 ], [ 6.653836941967403, 46.513345614141194 ], [ 6.639996047071421, 46.510865043635405 ], [ 6.64261816205756, 46.504460283638664 ], [ 6.632373561910113, 46.506492995805907 ], [ 6.628210141783095, 46.506103477639137 ], [ 6.628139309824386, 46.50474456234469 ], [ 6.607790351016652, 46.51227099336954 ], [ 6.601149660625431, 46.511961269544571 ], [ 6.591412928819137, 46.517979340609443 ], [ 6.586578299961197, 46.517142475332527 ], [ 6.584533262002711, 46.520383697594283 ], [ 6.587121718006015, 46.520700027749626 ], [ 6.586965022631759, 46.525682707747769 ], [ 6.589320780279915, 46.527553568517327 ], [ 6.59542149028889, 46.524162553562761 ], [ 6.601475541353717, 46.524576227421754 ], [ 6.603796017201478, 46.525384983592907 ], [ 6.603755836683509, 46.528830197228146 ], [ 6.607489050769835, 46.528479769053142 ], [ 6.607104391773187, 46.531454660578227 ], [ 6.612896798635848, 46.535401266091185 ], [ 6.610169508443548, 46.539834454688723 ], [ 6.612320681208236, 46.550060699597793 ], [ 6.606412279280368, 46.551852736803241 ], [ 6.605361025395764, 46.550684528343147 ], [ 6.60283254588898, 46.548920695486871 ], [ 6.604256237999439, 46.545386707271597 ], [ 6.596565056468713, 46.542784006646848 ], [ 6.591295983014384, 46.546226287187892 ], [ 6.588961338857762, 46.545444164122571 ], [ 6.586356677686537, 46.55186585726576 ], [ 6.583866487320695, 46.551838137286168 ], [ 6.585151008145972, 46.559674424809828 ], [ 6.591605784963568, 46.572209358622011 ], [ 6.586022336600726, 46.574704476405209 ], [ 6.580843725851818, 46.57385582810771 ], [ 6.579404075203212, 46.574969458956389 ], [ 6.583748884053659, 46.576576567821952 ], [ 6.58112753914679, 46.578985755196008 ], [ 6.580579108418913, 46.576552662927902 ], [ 6.576077982262579, 46.575753895718478 ], [ 6.575278898705107, 46.577592028130049 ], [ 6.579900312343273, 46.583141681865953 ], [ 6.585093058145802, 46.592230899764076 ], [ 6.589506332050126, 46.592902695981365 ], [ 6.594657202148624, 46.596485537353551 ], [ 6.602647293169357, 46.592073564935085 ], [ 6.613940539130335, 46.590869676571984 ], [ 6.616340856148518, 46.581495188440599 ], [ 6.628942902453679, 46.578976876879182 ], [ 6.629860768708054, 46.578668555535856 ], [ 6.638135761863257, 46.574903868502005 ], [ 6.639778227680991, 46.569697730430271 ], [ 6.648215236794035, 46.572545547308039 ], [ 6.650643623132471, 46.575980916359477 ], [ 6.65694976538428, 46.575628676370464 ], [ 6.6531083763642, 46.586802215276137 ], [ 6.64657298200582, 46.590238289357906 ], [ 6.652989038177037, 46.594106155324056 ], [ 6.659789893438917, 46.595790261602097 ], [ 6.657456830478173, 46.599192724322343 ], [ 6.660281119461527, 46.602450670662911 ], [ 6.666203869430966, 46.600826834701827 ], [ 6.668473771558675, 46.597243848160204 ], [ 6.672768585620491, 46.597164932794982 ] ] ] } },
{ "type": "Feature", "properties": { "bezirk_id": "B_2226" }, "geometry": { "type": "Polygon", "coordinates": [ [ [ 6.799168554672018, 46.583553491449358 ], [ 6.795105857471214, 46.575218350556547 ], [ 6.799319884280214, 46.574081692726438 ], [ 6.804870920804707, 46.577936062029465 ], [ 6.813033569309844, 46.57828719579495 ], [ 6.811701267463897, 46.580672744371633 ], [ 6.814123021258857, 46.585606823653627 ], [ 6.820564242671843, 46.583707962761139 ], [ 6.823728089979348, 46.577419053981593 ], [ 6.828727551575817, 46.577158157402003 ], [ 6.834761769406366, 46.575355266216263 ], [ 6.842772473276228, 46.582360372010484 ], [ 6.847157096927977, 46.583471795591038 ], [ 6.851423609845976, 46.581065072424423 ], [ 6.852691848334279, 46.582016186682885 ], [ 6.865528597357422, 46.57722398081517 ], [ 6.87180618832156, 46.569519107850304 ], [ 6.874462564873355, 46.564962472863066 ], [ 6.879422520900449, 46.567119029437457 ], [ 6.884510304673793, 46.561944412847524 ], [ 6.888143013505935, 46.567647440282713 ], [ 6.897973981244321, 46.570618336423109 ], [ 6.90164856802685, 46.569691226048313 ], [ 6.8987722473786, 46.565143700962473 ], [ 6.902463338395652, 46.561203054914941 ], [ 6.893432256007173, 46.559234918482552 ], [ 6.891391897577918, 46.557246019770659 ], [ 6.887994121812554, 46.557949244683094 ], [ 6.868342011374081, 46.541839604978534 ], [ 6.866531112985033, 46.540490107569426 ], [ 6.861174503865759, 46.530594532130507 ], [ 6.858415121959751, 46.531444049278065 ], [ 6.859409606895364, 46.535947051918647 ], [ 6.85653028117122, 46.537011812180687 ], [ 6.854789031710847, 46.541320865965432 ], [ 6.832461355712556, 46.537416496423738 ], [ 6.8251805170797, 46.538007066283249 ], [ 6.827553005477188, 46.542625753681854 ], [ 6.825432814407214, 46.543342978483487 ], [ 6.81221751677408, 46.526070657440023 ], [ 6.810793868114323, 46.52520817635228 ], [ 6.817892266135971, 46.51653923736955 ], [ 6.824431531953097, 46.512157870511032 ], [ 6.816927150795814, 46.509814024244726 ], [ 6.816350040115848, 46.505618774830431 ], [ 6.810949059007437, 46.499507776614486 ], [ 6.808356648613906, 46.499511384410255 ], [ 6.807275800605054, 46.492785432776614 ], [ 6.811116833777136, 46.490665739248946 ], [ 6.807552556244515, 46.489161625848112 ], [ 6.80798942988056, 46.485205860699509 ], [ 6.799141453137081, 46.484526566246508 ], [ 6.798884784369017, 46.479802263853415 ], [ 6.79865108349729, 46.470939968780627 ], [ 6.78636038810301, 46.473073882207544 ], [ 6.77794458445377, 46.473438937469624 ], [ 6.760398812711123, 46.479173650191164 ], [ 6.750257174618617, 46.48612935155554 ], [ 6.738264949872677, 46.488934597265427 ], [ 6.721900683554206, 46.485413835036326 ], [ 6.702133423381281, 46.495731487455316 ], [ 6.675946301884472, 46.503429883325722 ], [ 6.667810481993333, 46.503869654442795 ], [ 6.665120392660318, 46.505218735725911 ], [ 6.64261816205756, 46.504460283638664 ], [ 6.639996047071421, 46.510865043635405 ], [ 6.653836941967403, 46.513345614141194 ], [ 6.654027028873213, 46.518204797573695 ], [ 6.658797174578603, 46.519973928932814 ], [ 6.664466626208723, 46.526309989400644 ], [ 6.668611563529293, 46.526293218526384 ], [ 6.670311706244605, 46.532305096322922 ], [ 6.684445787884584, 46.537617615129633 ], [ 6.691004095955321, 46.544138136667165 ], [ 6.698196113306992, 46.542593000638014 ], [ 6.700310633387235, 46.550046459682498 ], [ 6.705204068115159, 46.55457617810778 ], [ 6.709571485063383, 46.564319964350311 ], [ 6.718004155020084, 46.572587117395784 ], [ 6.720899205348488, 46.580503899436849 ], [ 6.706444170113888, 46.581419161796049 ], [ 6.709939436844334, 46.594080961045627 ], [ 6.71419382609113, 46.594072191736259 ], [ 6.715600285027469, 46.586497570130234 ], [ 6.72388051412641, 46.583941162795227 ], [ 6.723849702999657, 46.581341141364419 ], [ 6.728829108536323, 46.583666340254268 ], [ 6.731512320193106, 46.583017381187474 ], [ 6.743916352701651, 46.589400085613306 ], [ 6.749633349290788, 46.591315059921101 ], [ 6.753957900396562, 46.597071605343132 ], [ 6.760313255140998, 46.599169798821386 ], [ 6.759225561019234, 46.603670241452072 ], [ 6.767258663628571, 46.618921043081308 ], [ 6.779383767543643, 46.616023405850179 ], [ 6.778799338461873, 46.614706616611763 ], [ 6.782958779513828, 46.614047012086971 ], [ 6.784463736630881, 46.611590821171674 ], [ 6.782026180142712, 46.6059363494252 ], [ 6.787451129278314, 46.605265900805605 ], [ 6.786784802300756, 46.60099803790672 ], [ 6.798295817186102, 46.599930039783764 ], [ 6.801309930241866, 46.592255534934395 ], [ 6.799168554672018, 46.583553491449358 ] ] ] } },
{ "type": "Feature", "properties": { "bezirk_id": "B_2227" }, "geometry": { "type": "Polygon", "coordinates": [ [ [ 6.549960339521285, 46.682786242280038 ], [ 6.550521199446029, 46.670960774601696 ], [ 6.55241395230231, 46.670300827573726 ], [ 6.549830748503169, 46.665278850704901 ], [ 6.555967748367954, 46.663968224827634 ], [ 6.558664950366613, 46.665239576327693 ], [ 6.560224022532755, 46.66499073942974 ], [ 6.562985829247681, 46.666316462580184 ], [ 6.570461032413341, 46.662226569912747 ], [ 6.565758331687663, 46.659725656403062 ], [ 6.563693927116659, 46.654087245758781 ], [ 6.556371410934738, 46.65127787502459 ], [ 6.556696498706089, 46.64737609132883 ], [ 6.550074648949716, 46.646514895044163 ], [ 6.546229401583758, 46.638118399301248 ], [ 6.542736997173263, 46.639215450455453 ], [ 6.532638651446838, 46.643228676907533 ], [ 6.531422326997742, 46.640214271024533 ], [ 6.519572617513183, 46.642692011826163 ], [ 6.517353445610894, 46.63649369670825 ], [ 6.508756062749837, 46.637458270783675 ], [ 6.508034979658992, 46.636102946200587 ], [ 6.512206148176962, 46.635057468796809 ], [ 6.511823666844395, 46.631473877511326 ], [ 6.513044267368046, 46.628074273791135 ], [ 6.51663315814776, 46.628202394521203 ], [ 6.512413701974777, 46.622968309235056 ], [ 6.519232843346505, 46.620477752582723 ], [ 6.515361313405215, 46.614005112488158 ], [ 6.519425288886035, 46.609180121033297 ], [ 6.517101865993047, 46.607640950664369 ], [ 6.520505780598823, 46.605518417122767 ], [ 6.522643812805267, 46.598752557045941 ], [ 6.529176510498429, 46.599110903797687 ], [ 6.529834204588156, 46.591829270810628 ], [ 6.527179142675335, 46.589091156083605 ], [ 6.5249113113394, 46.589702670432033 ], [ 6.525457906476062, 46.580530962607035 ], [ 6.529279961549001, 46.579023280248556 ], [ 6.525990496317829, 46.576037151974809 ], [ 6.52367840114001, 46.567742055113612 ], [ 6.526005824027312, 46.567409932632224 ], [ 6.526803195185437, 46.562400748846898 ], [ 6.528961555733248, 46.561523154718451 ], [ 6.527763644845272, 46.559858252162179 ], [ 6.529526989494761, 46.555824099990538 ], [ 6.535227331644245, 46.551839313025631 ], [ 6.540751652944773, 46.551334374683933 ], [ 6.54164707013854, 46.548453680750036 ], [ 6.550195400192653, 46.544022824833107 ], [ 6.550928001977263, 46.541491637538776 ], [ 6.549581976920668, 46.53692903912026 ], [ 6.551951649923237, 46.532341538989286 ], [ 6.546465188149747, 46.529887560925403 ], [ 6.548500417378452, 46.528985934331715 ], [ 6.544776295504186, 46.524818414909625 ], [ 6.545262390193626, 46.519064685222439 ], [ 6.541511858726524, 46.513403473526189 ], [ 6.540433378929541, 46.511649677591969 ], [ 6.544365771581783, 46.510241356365285 ], [ 6.539578792173927, 46.507405698862577 ], [ 6.522429685530726, 46.514474446243632 ], [ 6.513172912516615, 46.514750161570788 ], [ 6.511173787172059, 46.515822379778193 ], [ 6.506244269825633, 46.514522499408415 ], [ 6.49691359053473, 46.504819436295485 ], [ 6.487320802145252, 46.501320804197448 ], [ 6.479558365815692, 46.490909704547612 ], [ 6.471094862017647, 46.49073884930111 ], [ 6.463366584155922, 46.485913599644945 ], [ 6.461295794704421, 46.477979012948246 ], [ 6.455034414537214, 46.478563602960598 ], [ 6.448702865768877, 46.473722446272987 ], [ 6.436080067925718, 46.470480788200412 ], [ 6.418393709779881, 46.46725522593092 ], [ 6.405004785953808, 46.459307059326605 ], [ 6.391750388569402, 46.460085050637126 ], [ 6.385391947215525, 46.46371468092336 ], [ 6.379520498216331, 46.464370691141674 ], [ 6.378171046974832, 46.466796110912121 ], [ 6.371897832817353, 46.467996755098739 ], [ 6.367623179744439, 46.477411728142144 ], [ 6.363739328622987, 46.476259412899182 ], [ 6.362957185028151, 46.477610461308011 ], [ 6.359129266157479, 46.476269592237969 ], [ 6.357907379336207, 46.477463479296169 ], [ 6.352597811667722, 46.474039065032137 ], [ 6.346886835466133, 46.480218783320552 ], [ 6.335828735397729, 46.490511734444389 ], [ 6.33324478120482, 46.49202498180901 ], [ 6.329403897620224, 46.49257225541934 ], [ 6.327405000570754, 46.495395587694347 ], [ 6.332055652105687, 46.497303333258607 ], [ 6.330822009621067, 46.499018621150661 ], [ 6.329240097834158, 46.497383788148021 ], [ 6.316606765740449, 46.499112807856086 ], [ 6.313028609067282, 46.495766630875011 ], [ 6.308483819225055, 46.495064690164959 ], [ 6.312302004969126, 46.491872911696781 ], [ 6.310930627668157, 46.490797692002083 ], [ 6.302322799347184, 46.487589969485974 ], [ 6.294996747013784, 46.490953019067788 ], [ 6.290601395789982, 46.487534895537152 ], [ 6.288889385720686, 46.488417210342803 ], [ 6.280181259551519, 46.484496043269097 ], [ 6.27705726484141, 46.488656504984867 ], [ 6.281863101934576, 46.489290403670495 ], [ 6.288558916264318, 46.495997978592811 ], [ 6.279303677811095, 46.501139777897116 ], [ 6.282698165703595, 46.503855401960571 ], [ 6.27463047174858, 46.507614458283818 ], [ 6.285827386417904, 46.512308044137782 ], [ 6.284846841782477, 46.517345158832889 ], [ 6.27632532577775, 46.5196962689568 ], [ 6.282394033842412, 46.527225428359927 ], [ 6.275339001293052, 46.532830182800957 ], [ 6.269101960476035, 46.533701735796861 ], [ 6.26632174900397, 46.537469622347281 ], [ 6.256032926588672, 46.538775370130907 ], [ 6.246670079186531, 46.544183386314756 ], [ 6.23876979065392, 46.544127156744665 ], [ 6.254934316970657, 46.55619936428694 ], [ 6.26467296765055, 46.559962075569103 ], [ 6.2692275086188, 46.560440902762942 ], [ 6.275287085985285, 46.572801452602633 ], [ 6.288441992676077, 46.58114926328421 ], [ 6.293092250660822, 46.580899363144823 ], [ 6.298765415940369, 46.58534672988759 ], [ 6.298923243916745, 46.585906097546207 ], [ 6.301704768897593, 46.589523575270846 ], [ 6.297034503680938, 46.593156325440326 ], [ 6.333946404474782, 46.616507101258087 ], [ 6.325765514469432, 46.618784379723394 ], [ 6.329985146610658, 46.623755660996892 ], [ 6.336272913464188, 46.630447171068404 ], [ 6.346374744567878, 46.63526777296542 ], [ 6.349098465144136, 46.634268311430397 ], [ 6.346517566768622, 46.641116810058847 ], [ 6.349816772775257, 46.648507497192249 ], [ 6.347897632714147, 46.663306168768955 ], [ 6.350124945217399, 46.66884228088265 ], [ 6.357612381011061, 46.671495616989077 ], [ 6.367461344857107, 46.665183352499689 ], [ 6.390371501106327, 46.671109395302231 ], [ 6.397540538891484, 46.672092835555979 ], [ 6.434705766175662, 46.656863284965908 ], [ 6.443472841528122, 46.66181628356145 ], [ 6.44643488268904, 46.662040072756589 ], [ 6.460148892732622, 46.671020123178067 ], [ 6.463757158086626, 46.670952137356451 ], [ 6.464872395791644, 46.670709793473549 ], [ 6.468734607966057, 46.669600264260026 ], [ 6.474217049905078, 46.66849535447809 ], [ 6.479823339835148, 46.672905886162802 ], [ 6.484539427409209, 46.673755184364097 ], [ 6.487928279150504, 46.672137283863663 ], [ 6.494541738529062, 46.669790342233355 ], [ 6.498298945527325, 46.669416629684449 ], [ 6.502759790610501, 46.674428280887582 ], [ 6.506068765948063, 46.672026490152476 ], [ 6.508125506659461, 46.677800858109336 ], [ 6.508357579164209, 46.676471327330987 ], [ 6.51677496796276, 46.67951754948551 ], [ 6.523901884911798, 46.687797507075196 ], [ 6.537983569849349, 46.688449580286971 ], [ 6.53837856110855, 46.691412417551689 ], [ 6.549750308620332, 46.689180810549331 ], [ 6.549960339521285, 46.682786242280038 ] ] ] } },
{ "type": "Feature", "properties": { "bezirk_id": "B_2228" }, "geometry": { "type": "Polygon", "coordinates": [ [ [ 6.172783767995729, 46.533379217450687 ], [ 6.18083152185029, 46.532074179748136 ], [ 6.189031771938361, 46.53430597499041 ], [ 6.193411070152245, 46.530953333609496 ], [ 6.210422783206424, 46.523491485435805 ], [ 6.211553469188824, 46.525932826605455 ], [ 6.22176258443247, 46.523478690155393 ], [ 6.227412386047383, 46.530187671761823 ], [ 6.23876979065392, 46.544127156744665 ], [ 6.246670079186531, 46.544183386314756 ], [ 6.256032926588672, 46.538775370130907 ], [ 6.26632174900397, 46.537469622347281 ], [ 6.269101960476035, 46.533701735796861 ], [ 6.275339001293052, 46.532830182800957 ], [ 6.282394033842412, 46.527225428359927 ], [ 6.27632532577775, 46.5196962689568 ], [ 6.284846841782477, 46.517345158832889 ], [ 6.285827386417904, 46.512308044137782 ], [ 6.27463047174858, 46.507614458283818 ], [ 6.282698165703595, 46.503855401960571 ], [ 6.279303677811095, 46.501139777897116 ], [ 6.288558916264318, 46.495997978592811 ], [ 6.281863101934576, 46.489290403670495 ], [ 6.27705726484141, 46.488656504984867 ], [ 6.280181259551519, 46.484496043269097 ], [ 6.288889385720686, 46.488417210342803 ], [ 6.290601395789982, 46.487534895537152 ], [ 6.294996747013784, 46.490953019067788 ], [ 6.302322799347184, 46.487589969485974 ], [ 6.310930627668157, 46.490797692002083 ], [ 6.312302004969126, 46.491872911696781 ], [ 6.308483819225055, 46.495064690164959 ], [ 6.313028609067282, 46.495766630875011 ], [ 6.316606765740449, 46.499112807856086 ], [ 6.329240097834158, 46.497383788148021 ], [ 6.330822009621067, 46.499018621150661 ], [ 6.332055652105687, 46.497303333258607 ], [ 6.327405000570754, 46.495395587694347 ], [ 6.329403897620224, 46.49257225541934 ], [ 6.33324478120482, 46.49202498180901 ], [ 6.335828735397729, 46.490511734444389 ], [ 6.346886835466133, 46.480218783320552 ], [ 6.352597811667722, 46.474039065032137 ], [ 6.357907379336207, 46.477463479296169 ], [ 6.359129266157479, 46.476269592237969 ], [ 6.362957185028151, 46.477610461308011 ], [ 6.363739328622987, 46.476259412899182 ], [ 6.367623179744439, 46.477411728142144 ], [ 6.371897832817353, 46.467996755098739 ], [ 6.378171046974832, 46.466796110912121 ], [ 6.379520498216331, 46.464370691141674 ], [ 6.351715883590183, 46.460895744325761 ], [ 6.345281497374728, 46.4604110255856 ], [ 6.331933064122435, 46.449170777109359 ], [ 6.320195155184477, 46.443387718429207 ], [ 6.30966662781238, 46.432145566729758 ], [ 6.29709007123345, 46.424462409913914 ], [ 6.291227128240096, 46.422405929748123 ], [ 6.290361627148209, 46.414138283125595 ], [ 6.281829431721558, 46.405576645642697 ], [ 6.282388598150368, 46.397656341028032 ], [ 6.278018257645233, 46.395281500401929 ], [ 6.274222387525621, 46.39039334169928 ], [ 6.258961026619144, 46.392655437165715 ], [ 6.248451387006434, 46.386310743898193 ], [ 6.24710183928769, 46.383237677079535 ], [ 6.226924156336081, 46.366433540934992 ], [ 6.221527763744353, 46.363091823939499 ], [ 6.212908551688278, 46.35288645210818 ], [ 6.207128393386872, 46.355099855477292 ], [ 6.20201657400241, 46.354765197187447 ], [ 6.19782512610823, 46.360207330937833 ], [ 6.187600001273697, 46.360130723599632 ], [ 6.18028436370284, 46.36459298238853 ], [ 6.174409898828552, 46.362377266655834 ], [ 6.176244442948963, 46.360049582912154 ], [ 6.171136634345991, 46.358418037426716 ], [ 6.172741394698346, 46.354801292040868 ], [ 6.186183438385021, 46.349444865138636 ], [ 6.194918391512161, 46.348695540104508 ], [ 6.193119946441553, 46.343844486478346 ], [ 6.207116291872146, 46.338464739933983 ], [ 6.203956679927323, 46.335749259778602 ], [ 6.200818636962038, 46.325269723353429 ], [ 6.195814676935415, 46.316946807390828 ], [ 6.187672718506131, 46.310217387382266 ], [ 6.182160077943812, 46.304389307314914 ], [ 6.170505141311692, 46.294281686972347 ], [ 6.153399759890964, 46.299171661008828 ], [ 6.140711982373949, 46.305396448862588 ], [ 6.134556718773469, 46.308717426479618 ], [ 6.125760568613646, 46.317509119999372 ], [ 6.12671101424596, 46.321186005897403 ], [ 6.131459469631928, 46.324660121997248 ], [ 6.137710787815312, 46.333126299795907 ], [ 6.139220233867876, 46.334637133876747 ], [ 6.13725800650702, 46.335582511667184 ], [ 6.13861900494417, 46.339313512958192 ], [ 6.149158013879877, 46.342712507871532 ], [ 6.151547008287716, 46.347278515199754 ], [ 6.15803230172781, 46.350965045633728 ], [ 6.159350008088241, 46.357582011765729 ], [ 6.170156543318784, 46.366432212797264 ], [ 6.158578006867402, 46.379539507348568 ], [ 6.156664000346599, 46.377617005019637 ], [ 6.149839008969457, 46.377395513843005 ], [ 6.135853001479176, 46.387817505068099 ], [ 6.113564008630147, 46.399925511052729 ], [ 6.114083008546527, 46.39669801144921 ], [ 6.10551100296951, 46.399715513168793 ], [ 6.098221505145341, 46.408607506178292 ], [ 6.06402591563854, 46.416223899119899 ], [ 6.074908003112506, 46.431843011050354 ], [ 6.084172005979034, 46.439564011012301 ], [ 6.086244007923312, 46.443146012987384 ], [ 6.084430998633129, 46.447376513073358 ], [ 6.074894011555669, 46.453327513492269 ], [ 6.07684201012297, 46.457325014644674 ], [ 6.073467013459846, 46.459934011326382 ], [ 6.072827511974304, 46.465751512299633 ], [ 6.097140298493616, 46.481587866411523 ], [ 6.112961013265831, 46.509903505375796 ], [ 6.137494007058605, 46.530575005932448 ], [ 6.144203002693762, 46.528011514359562 ], [ 6.153417002574907, 46.536617507174867 ], [ 6.148575012899334, 46.539356007348111 ], [ 6.156480413259529, 46.545251951730009 ], [ 6.172783767995729, 46.533379217450687 ] ], [ [ 6.167478961338087, 46.342605578295462 ], [ 6.171632707750581, 46.340519937877659 ], [ 6.17482678052953, 46.346718484089017 ], [ 6.181691527733677, 46.343691077385117 ], [ 6.184445264259127, 46.345952847574274 ], [ 6.175826720392189, 46.351201062938287 ], [ 6.170169692671673, 46.346423443839235 ], [ 6.167478961338087, 46.342605578295462 ] ] ] } },
{ "type": "Feature", "properties": { "bezirk_id": "B_2229" }, "geometry": { "type": "Polygon", "coordinates": [ [ [ 6.575278898705107, 46.577592028130049 ], [ 6.576077982262579, 46.575753895718478 ], [ 6.580579108418913, 46.576552662927902 ], [ 6.58112753914679, 46.578985755196008 ], [ 6.583748884053659, 46.576576567821952 ], [ 6.579404075203212, 46.574969458956389 ], [ 6.580843725851818, 46.57385582810771 ], [ 6.586022336600726, 46.574704476405209 ], [ 6.591605784963568, 46.572209358622011 ], [ 6.585151008145972, 46.559674424809828 ], [ 6.583866487320695, 46.551838137286168 ], [ 6.586356677686537, 46.55186585726576 ], [ 6.588961338857762, 46.545444164122571 ], [ 6.591295983014384, 46.546226287187892 ], [ 6.596565056468713, 46.542784006646848 ], [ 6.604256237999439, 46.545386707271597 ], [ 6.60283254588898, 46.548920695486871 ], [ 6.605361025395764, 46.550684528343147 ], [ 6.606412279280368, 46.551852736803241 ], [ 6.612320681208236, 46.550060699597793 ], [ 6.610169508443548, 46.539834454688723 ], [ 6.612896798635848, 46.535401266091185 ], [ 6.607104391773187, 46.531454660578227 ], [ 6.607489050769835, 46.528479769053142 ], [ 6.603755836683509, 46.528830197228146 ], [ 6.603796017201478, 46.525384983592907 ], [ 6.601475541353717, 46.524576227421754 ], [ 6.59542149028889, 46.524162553562761 ], [ 6.589320780279915, 46.527553568517327 ], [ 6.586965022631759, 46.525682707747769 ], [ 6.587121718006015, 46.520700027749626 ], [ 6.584533262002711, 46.520383697594283 ], [ 6.586578299961197, 46.517142475332527 ], [ 6.580212651744833, 46.517535295446557 ], [ 6.573630625546608, 46.513526992345916 ], [ 6.564799462861747, 46.511687062554977 ], [ 6.558367426096361, 46.507382141263363 ], [ 6.539578792173927, 46.507405698862577 ], [ 6.544365771581783, 46.510241356365285 ], [ 6.540433378929541, 46.511649677591969 ], [ 6.541511858726524, 46.513403473526189 ], [ 6.545262390193626, 46.519064685222439 ], [ 6.544776295504186, 46.524818414909625 ], [ 6.548500417378452, 46.528985934331715 ], [ 6.546465188149747, 46.529887560925403 ], [ 6.551951649923237, 46.532341538989286 ], [ 6.549581976920668, 46.53692903912026 ], [ 6.550928001977263, 46.541491637538776 ], [ 6.550195400192653, 46.544022824833107 ], [ 6.54164707013854, 46.548453680750036 ], [ 6.540751652944773, 46.551334374683933 ], [ 6.535227331644245, 46.551839313025631 ], [ 6.529526989494761, 46.555824099990538 ], [ 6.527763644845272, 46.559858252162179 ], [ 6.528961555733248, 46.561523154718451 ], [ 6.533549284829851, 46.560156413389429 ], [ 6.55154510872053, 46.563465090855416 ], [ 6.551508916404567, 46.565668866359616 ], [ 6.553829006471822, 46.565767934314991 ], [ 6.553756065155022, 46.570220460873962 ], [ 6.565657790601493, 46.572318717599686 ], [ 6.565516697941986, 46.573784002642846 ], [ 6.571140639875289, 46.57288250904849 ], [ 6.571755367868058, 46.57440754843855 ], [ 6.574799035936193, 46.574151861391037 ], [ 6.573143843246893, 46.576496242970677 ], [ 6.575616920201384, 46.58130668746896 ], [ 6.576543754007925, 46.584168800341438 ], [ 6.579900312343273, 46.583141681865953 ], [ 6.575278898705107, 46.577592028130049 ] ] ] } },
{ "type": "Feature", "properties": { "bezirk_id": "B_2230" }, "geometry": { "type": "Polygon", "coordinates": [ [ [ 7.245933819530895, 46.53807266468008 ], [ 7.24871444400287, 46.517567682210391 ], [ 7.244342360957353, 46.501368118582 ], [ 7.239503417836629, 46.495917335856085 ], [ 7.23255198860384, 46.494789412911466 ], [ 7.235581433366649, 46.49278887012818 ], [ 7.236186306970236, 46.487797376499891 ], [ 7.224008373249649, 46.486683887879046 ], [ 7.225043074210496, 46.477483889414351 ], [ 7.230903671432578, 46.466216234959575 ], [ 7.230444628713411, 46.460350227829728 ], [ 7.227047030596691, 46.457060501829389 ], [ 7.232473709703735, 46.453958044366111 ], [ 7.226040475018053, 46.451544277792173 ], [ 7.225802710403909, 46.445831590998068 ], [ 7.222564439068805, 46.44204726658463 ], [ 7.205048886613181, 46.439115795207954 ], [ 7.202100927080267, 46.440764862021318 ], [ 7.19499694323938, 46.440578846183229 ], [ 7.192946408469789, 46.4336657345007 ], [ 7.209856485458157, 46.416177705213762 ], [ 7.207041783515216, 46.408309756118349 ], [ 7.207766910116427, 46.402958821391124 ], [ 7.194628925316804, 46.383806393112479 ], [ 7.193702033230458, 46.378946723245335 ], [ 7.185751077550776, 46.375393886676747 ], [ 7.178516493741018, 46.379830303424853 ], [ 7.152439277933468, 46.382933686857747 ], [ 7.143069079591438, 46.380219837923462 ], [ 7.137763817712763, 46.380592642122188 ], [ 7.126616578520607, 46.404490949499085 ], [ 7.118869978329348, 46.408265478249163 ], [ 7.117786526381667, 46.411141031431143 ], [ 7.096370959668059, 46.416610570737205 ], [ 7.077425000950166, 46.404191505275044 ], [ 7.075718449777901, 46.416276288835327 ], [ 7.072012546719647, 46.423802748164306 ], [ 7.066805568085039, 46.426214592599301 ], [ 7.044239536043567, 46.425562424785213 ], [ 7.040705787993705, 46.423157180888154 ], [ 7.040254636339905, 46.424361021846401 ], [ 7.016214635482572, 46.422690546340696 ], [ 7.015371352797642, 46.43404003601114 ], [ 7.024272980560403, 46.440558921590977 ], [ 7.022612958431591, 46.443215571596056 ], [ 7.010899016408195, 46.438539086155075 ], [ 6.997182251351874, 46.437191015137337 ], [ 6.980357967545895, 46.431051983202991 ], [ 6.975862557391487, 46.431852303503121 ], [ 6.937437419429036, 46.408515445406763 ], [ 6.929817165322993, 46.408445445013221 ], [ 6.923221920437012, 46.420919779705493 ], [ 6.917539431579452, 46.428819074783789 ], [ 6.912340970740249, 46.428255271001568 ], [ 6.909204696834245, 46.429679976108375 ], [ 6.904153338418777, 46.437932400434676 ], [ 6.90052005196696, 46.439534437756805 ], [ 6.891679286491967, 46.438772402037145 ], [ 6.880334110202129, 46.441145900515743 ], [ 6.877013674208239, 46.445114640548397 ], [ 6.866212437450182, 46.447552403527119 ], [ 6.859586035087224, 46.446529166932365 ], [ 6.851828465439403, 46.456231761056614 ], [ 6.835488900235457, 46.460077127741599 ], [ 6.83170294619387, 46.466848799639187 ], [ 6.81307422183516, 46.468960458300167 ], [ 6.808185553138919, 46.468384609831283 ], [ 6.79865108349729, 46.470939968780627 ], [ 6.798884784369017, 46.479802263853415 ], [ 6.799141453137081, 46.484526566246508 ], [ 6.80798942988056, 46.485205860699509 ], [ 6.807552556244515, 46.489161625848112 ], [ 6.811116833777136, 46.490665739248946 ], [ 6.807275800605054, 46.492785432776614 ], [ 6.808356648613906, 46.499511384410255 ], [ 6.810949059007437, 46.499507776614486 ], [ 6.816350040115848, 46.505618774830431 ], [ 6.816927150795814, 46.509814024244726 ], [ 6.824431531953097, 46.512157870511032 ], [ 6.830110442855417, 46.512350417158011 ], [ 6.832758993461332, 46.505068948933456 ], [ 6.836761922247858, 46.500097563504873 ], [ 6.841998345125043, 46.496598866291819 ], [ 6.845462531073941, 46.496671023668092 ], [ 6.847800981886008, 46.493669623254448 ], [ 6.858186861163825, 46.493246509853954 ], [ 6.862765421527119, 46.493845601508816 ], [ 6.866313566252705, 46.500736401911404 ], [ 6.881563587831239, 46.512578926276596 ], [ 6.883300648805068, 46.513451048113616 ], [ 6.897707912101429, 46.520375518480762 ], [ 6.896078506777224, 46.507440744734488 ], [ 6.901350765264171, 46.513124224854934 ], [ 6.91195865004238, 46.512985094514633 ], [ 6.914798228526501, 46.510398465301641 ], [ 6.924725857059519, 46.507745172136495 ], [ 6.926839348247785, 46.504696165041167 ], [ 6.930227352088736, 46.504621456255705 ], [ 6.93377335738518, 46.501578739264993 ], [ 6.950440346663879, 46.502461387961787 ], [ 6.962044988447926, 46.496879436238416 ], [ 6.973349894733621, 46.489513487358359 ], [ 6.973683218569656, 46.481059260743166 ], [ 6.98043016103312, 46.474753737473463 ], [ 6.977891432178582, 46.473187169075722 ], [ 6.979872389213392, 46.459161810675376 ], [ 6.989661424425917, 46.452868036336831 ], [ 6.992090380664155, 46.448739592468847 ], [ 6.983955073761932, 46.438047214905779 ], [ 6.992822367312145, 46.438883118311317 ], [ 7.01683977621938, 46.447620108603111 ], [ 7.020248843025369, 46.459480161682855 ], [ 7.027873563611656, 46.46676765031723 ], [ 7.061097707671814, 46.487258639595936 ], [ 7.065865149934114, 46.489037595614342 ], [ 7.072499337444741, 46.4863965144121 ], [ 7.077692591818104, 46.488815043999672 ], [ 7.08881446523386, 46.486915882208514 ], [ 7.09797300962965, 46.48851806167076 ], [ 7.100392101931344, 46.486978057004045 ], [ 7.110333651140975, 46.494806590295184 ], [ 7.124205677231811, 46.499307831768903 ], [ 7.126410713598014, 46.503200067559646 ], [ 7.135736478119655, 46.50819101690054 ], [ 7.144717027208389, 46.526637807233982 ], [ 7.148382408410032, 46.528491372351169 ], [ 7.159102477153208, 46.527249960483424 ], [ 7.171078876090133, 46.532748253482062 ], [ 7.182755750258591, 46.538694381847641 ], [ 7.192170636115621, 46.546622434257422 ], [ 7.200823681997749, 46.541657366796166 ], [ 7.207327975407176, 46.532792162261877 ], [ 7.223287813483972, 46.547729416018939 ], [ 7.237020397034939, 46.553799776854852 ], [ 7.237252180454729, 46.54636127784746 ], [ 7.245933819530895, 46.53807266468008 ] ] ] } },
{ "type": "Feature", "properties": { "bezirk_id": "B_2301" }, "geometry": { "type": "Polygon", "coordinates": [ [ [ 7.973189603681399, 46.469156444956539 ], [ 7.97681769219897, 46.467403129958868 ], [ 7.982514631389968, 46.468158649541458 ], [ 7.991530359028999, 46.466226023814528 ], [ 8.022613694809799, 46.457441515346943 ], [ 8.047581916615563, 46.44355744389118 ], [ 8.054833204987686, 46.441541342931849 ], [ 8.068482951769882, 46.432387770877874 ], [ 8.06131675960555, 46.425824295139023 ], [ 8.054293156159323, 46.412179826256846 ], [ 8.039927284607881, 46.406823309176943 ], [ 8.030258653978196, 46.399919160061138 ], [ 8.011987658042324, 46.391761689056572 ], [ 8.002227128362096, 46.380532930711801 ], [ 8.002476696280942, 46.374672506777834 ], [ 7.999805408091928, 46.365036073147031 ], [ 7.996135736688457, 46.361995576684784 ], [ 7.996622910811136, 46.346160475534802 ], [ 8.001450904122098, 46.33570141981037 ], [ 8.01293605539529, 46.329940441983666 ], [ 8.014414012586567, 46.333387358173155 ], [ 8.025000837092023, 46.339630207337734 ], [ 8.026682292629754, 46.342581143029591 ], [ 8.027715959053113, 46.344473908131391 ], [ 8.038024354064545, 46.34280062171856 ], [ 8.042667269169234, 46.339807335795129 ], [ 8.069072687195057, 46.335282555697482 ], [ 8.082507932365028, 46.325923235166321 ], [ 8.091880720626424, 46.328946207020913 ], [ 8.096464393328926, 46.322469603206955 ], [ 8.094957923318891, 46.321371837738091 ], [ 8.103308849128446, 46.314099414878676 ], [ 8.111370360354414, 46.31509536528386 ], [ 8.125818236959693, 46.310825529551359 ], [ 8.129821699923493, 46.311223984969843 ], [ 8.130895521616097, 46.306854380546334 ], [ 8.141117000219872, 46.301929011125239 ], [ 8.137563507910345, 46.301767004258501 ], [ 8.128856510021631, 46.294753511379945 ], [ 8.120857004791343, 46.291873504957302 ], [ 8.113563004541504, 46.281143510406906 ], [ 8.105455008611255, 46.279647014161135 ], [ 8.100497516691297, 46.273701011769106 ], [ 8.085928010438472, 46.266617510587871 ], [ 8.086057511996948, 46.262113513318226 ], [ 8.08041200323135, 46.260629007977748 ], [ 8.08624500998561, 46.254283012524866 ], [ 8.10135050041335, 46.25241250698479 ], [ 8.101617508633447, 46.249468509079563 ], [ 8.110154515742341, 46.249504509880872 ], [ 8.113034001802001, 46.238738013306538 ], [ 8.115327511003928, 46.236003013736635 ], [ 8.120479013099084, 46.236031511777959 ], [ 8.124273513140212, 46.229622007523048 ], [ 8.138877514332037, 46.226148004865507 ], [ 8.143525512690486, 46.211595512860569 ], [ 8.151392503274554, 46.202821010999607 ], [ 8.153295011736969, 46.191103511807633 ], [ 8.165509505121566, 46.182227506870831 ], [ 8.165155860752595, 46.176890641196103 ], [ 8.158581505605698, 46.174064011186339 ], [ 8.149878511151304, 46.162503014654462 ], [ 8.149741511067958, 46.156937505361633 ], [ 8.155344503523342, 46.14763101293849 ], [ 8.144389515414444, 46.136823010216141 ], [ 8.125187015812916, 46.135272003351041 ], [ 8.115415513596634, 46.130346011090673 ], [ 8.11380701562034, 46.117439503833033 ], [ 8.108233004211195, 46.11162850682944 ], [ 8.09986700670969, 46.110990003099715 ], [ 8.097144512250594, 46.10840751208395 ], [ 8.081798005567885, 46.105450013497844 ], [ 8.069219004604491, 46.105995510315488 ], [ 8.05430951643724, 46.101295503097532 ], [ 8.049126510610161, 46.102275513584992 ], [ 8.043058514701791, 46.099925511560521 ], [ 8.034347558920674, 46.100840614976526 ], [ 8.018716167192791, 46.115738079961751 ], [ 8.016079538104385, 46.12572792197993 ], [ 8.011739822138233, 46.127657135859828 ], [ 8.012484988221647, 46.134544126849079 ], [ 8.007300544038154, 46.139931838695944 ], [ 8.005628874799291, 46.153415941092995 ], [ 8.002808725514944, 46.157334233532637 ], [ 8.005083629342927, 46.16394673125712 ], [ 8.010816645887326, 46.166384354140689 ], [ 8.010455626769312, 46.168465776993116 ], [ 8.003424256598258, 46.168027166708001 ], [ 7.995922855290687, 46.172634269796852 ], [ 7.995564442280922, 46.17938288814112 ], [ 7.996254040861976, 46.183499567793447 ], [ 7.994138256210326, 46.185579018893236 ], [ 7.990329554646323, 46.195735941047779 ], [ 7.994702597191836, 46.20282121436086 ], [ 7.990411470288818, 46.203831770534201 ], [ 7.981961960194583, 46.211420158637843 ], [ 7.98267870248247, 46.220916290429692 ], [ 7.979938915484821, 46.229529428896598 ], [ 7.981586180294403, 46.232238273543516 ], [ 7.979204798094915, 46.236540678351957 ], [ 7.979935359598861, 46.242222543586607 ], [ 7.984644393267225, 46.24895578868577 ], [ 7.980977005872259, 46.255693299118228 ], [ 7.982872002005673, 46.261045718187397 ], [ 7.981273941996462, 46.26597410591507 ], [ 7.978143426804682, 46.264207891181833 ], [ 7.96136290238459, 46.268604588828019 ], [ 7.958368873178808, 46.264777158101474 ], [ 7.954854076866368, 46.264802230965891 ], [ 7.953862471397265, 46.261442315572722 ], [ 7.943116820654721, 46.277530208599892 ], [ 7.942536215661147, 46.280681323490825 ], [ 7.94531052421217, 46.28323275283104 ], [ 7.93713305998986, 46.28571588891333 ], [ 7.930360439502993, 46.2829118110118 ], [ 7.925647801737091, 46.289858926632149 ], [ 7.925665389481988, 46.299079538690194 ], [ 7.913972378794676, 46.297689860349465 ], [ 7.911648852771832, 46.299138907480689 ], [ 7.910242935712213, 46.303147890121004 ], [ 7.904584905123416, 46.303279240580444 ], [ 7.885665641558064, 46.302329915936362 ], [ 7.878756842514997, 46.305082667249572 ], [ 7.867772139793523, 46.30628523369645 ], [ 7.870922913816091, 46.310753151059757 ], [ 7.878933713404201, 46.314113727190922 ], [ 7.880288590689581, 46.317895674974345 ], [ 7.879585753821487, 46.338516707986749 ], [ 7.885414373661067, 46.339726320873403 ], [ 7.884356481390222, 46.348528347333506 ], [ 7.898371620017148, 46.352943321222725 ], [ 7.900254624325307, 46.355913279388567 ], [ 7.89800338105007, 46.358567176232881 ], [ 7.898221765730874, 46.364422545872117 ], [ 7.909634184646197, 46.367812141961771 ], [ 7.913679684949718, 46.381657795233814 ], [ 7.912626338341182, 46.384585831124099 ], [ 7.907363744533241, 46.386334874957555 ], [ 7.910815791113062, 46.399130573823648 ], [ 7.90861356794536, 46.41211163632029 ], [ 7.893493708911933, 46.41902797697486 ], [ 7.906147333983504, 46.424769888206029 ], [ 7.925730091495039, 46.439773557107664 ], [ 7.942453312438094, 46.448426565498238 ], [ 7.956047230660292, 46.464153134007375 ], [ 7.965392037753442, 46.467933433060885 ], [ 7.973189603681399, 46.469156444956539 ] ] ] } },
{ "type": "Feature", "properties": { "bezirk_id": "B_2302" }, "geometry": { "type": "Polygon", "coordinates": [ [ [ 7.218308196925111, 46.314813421819103 ], [ 7.224716510451152, 46.309500345128988 ], [ 7.274592454691886, 46.312849492172695 ], [ 7.287970081275208, 46.310574321353464 ], [ 7.301921601336812, 46.311896523772958 ], [ 7.317652940895476, 46.301371691126846 ], [ 7.325716525126843, 46.299661930120195 ], [ 7.330347498336165, 46.294403155696131 ], [ 7.329987199359519, 46.280010707506278 ], [ 7.322220702884644, 46.271726940397052 ], [ 7.316287871821541, 46.256607983457727 ], [ 7.312145587225035, 46.253364966343867 ], [ 7.309567554326604, 46.246885185511516 ], [ 7.311948157966036, 46.232503913577752 ], [ 7.313313137404977, 46.225236995331365 ], [ 7.305358109118016, 46.218777972405086 ], [ 7.31246741583621, 46.209988497226789 ], [ 7.314682815870031, 46.2101169075504 ], [ 7.318244800653204, 46.204876356619017 ], [ 7.337304472105575, 46.211075202730143 ], [ 7.341837837893189, 46.2048452696623 ], [ 7.334807996310454, 46.202095309627516 ], [ 7.336405223718834, 46.200135741095828 ], [ 7.330645601252268, 46.197476631291224 ], [ 7.329515482113152, 46.192599924819376 ], [ 7.338066046078813, 46.191798334268086 ], [ 7.340135638578055, 46.193374404244672 ], [ 7.347544895259545, 46.193398678666085 ], [ 7.354361924479369, 46.191110155636061 ], [ 7.368070208493203, 46.17801310980623 ], [ 7.367891806046631, 46.165976918494955 ], [ 7.363756847451318, 46.160217051333369 ], [ 7.357003907450403, 46.157198796007407 ], [ 7.350502279026654, 46.135514547885208 ], [ 7.344234576944421, 46.130948677481669 ], [ 7.35754877814426, 46.11341783701743 ], [ 7.35742903028301, 46.107048910301152 ], [ 7.360382109973184, 46.104019529452863 ], [ 7.356601826022119, 46.098223688885874 ], [ 7.362405612079571, 46.090572621859849 ], [ 7.361701111328158, 46.085957435892396 ], [ 7.364961868496534, 46.083800718581102 ], [ 7.352248381702909, 46.071368780023882 ], [ 7.351996955005621, 46.06696978293936 ], [ 7.356721674305016, 46.061890899977101 ], [ 7.354152092878446, 46.060665592526981 ], [ 7.347351744855324, 46.062720198278747 ], [ 7.340735909259736, 46.06250768983633 ], [ 7.338934410251442, 46.065384655105063 ], [ 7.333480485354923, 46.065613532623793 ], [ 7.331433806774099, 46.074580108104861 ], [ 7.324969711805015, 46.07531134906877 ], [ 7.318767297309988, 46.080369344101548 ], [ 7.316663830789835, 46.078792852988819 ], [ 7.30919272549159, 46.078712489621225 ], [ 7.30373221474767, 46.080999895331921 ], [ 7.300516213096636, 46.084998980024849 ], [ 7.288674117627174, 46.089823336823649 ], [ 7.286464321822858, 46.094066248045181 ], [ 7.279021273181923, 46.096934461355801 ], [ 7.279898878067826, 46.106336051333606 ], [ 7.27702702454961, 46.115282519335636 ], [ 7.287582285908035, 46.11975004428345 ], [ 7.29158204536485, 46.128328131553303 ], [ 7.29042468670416, 46.135208211727914 ], [ 7.295555100668436, 46.142591244616064 ], [ 7.292672750543411, 46.155676085702019 ], [ 7.276016285985698, 46.159008518011213 ], [ 7.277344301425164, 46.160800556481732 ], [ 7.268576787957921, 46.161867078952838 ], [ 7.261340032209372, 46.165831929065092 ], [ 7.255071344785727, 46.174196750873264 ], [ 7.249763784869929, 46.173783146513912 ], [ 7.25098927495529, 46.182600889017785 ], [ 7.249845851645752, 46.183678445049473 ], [ 7.235647847599739, 46.181197885026094 ], [ 7.229706280178886, 46.17713897012959 ], [ 7.223277769870722, 46.178539142827567 ], [ 7.223573681229944, 46.188821692883103 ], [ 7.219925695325511, 46.197324506861975 ], [ 7.216376716163822, 46.1940431408498 ], [ 7.209993319596744, 46.196477148556582 ], [ 7.199810931878035, 46.196581921378062 ], [ 7.196429470522159, 46.199579228811096 ], [ 7.188866678163598, 46.201775613530501 ], [ 7.177946279300036, 46.201570923891929 ], [ 7.174634340579492, 46.205944076577715 ], [ 7.163595875717723, 46.210982184572906 ], [ 7.157272050505441, 46.211083496051003 ], [ 7.151863258947513, 46.214569153493088 ], [ 7.134490715293079, 46.229906142216834 ], [ 7.130461692963945, 46.236866574801176 ], [ 7.140240543948132, 46.237945657930972 ], [ 7.151173515246459, 46.244468963782893 ], [ 7.155227174284303, 46.252782235366517 ], [ 7.161860959099457, 46.253878211322494 ], [ 7.171836418452338, 46.261125799219172 ], [ 7.17800042653935, 46.26848968638614 ], [ 7.184498121628407, 46.268684447765757 ], [ 7.188522814112563, 46.27071748039544 ], [ 7.186338936933141, 46.282847755270872 ], [ 7.194798528684197, 46.285709012613168 ], [ 7.193826199041864, 46.288396606105238 ], [ 7.196911128081759, 46.28914990759386 ], [ 7.189370982846298, 46.294998648923631 ], [ 7.189109444604314, 46.303876790968047 ], [ 7.200557128644662, 46.312825255622975 ], [ 7.212862868892772, 46.316187973155778 ], [ 7.218308196925111, 46.314813421819103 ] ] ] } },
{ "type": "Feature", "properties": { "bezirk_id": "B_2303" }, "geometry": { "type": "Polygon", "coordinates": [ [ [ 7.223962247458309, 46.123406468816917 ], [ 7.244611731481608, 46.119099209524627 ], [ 7.245801054805279, 46.115673950247171 ], [ 7.264031012140886, 46.106177520759083 ], [ 7.267997436431965, 46.099194088496738 ], [ 7.274552455196822, 46.099518721977468 ], [ 7.279021273181923, 46.096934461355801 ], [ 7.286464321822858, 46.094066248045181 ], [ 7.288674117627174, 46.089823336823649 ], [ 7.300516213096636, 46.084998980024849 ], [ 7.30373221474767, 46.080999895331921 ], [ 7.30919272549159, 46.078712489621225 ], [ 7.316663830789835, 46.078792852988819 ], [ 7.318767297309988, 46.080369344101548 ], [ 7.324969711805015, 46.07531134906877 ], [ 7.331433806774099, 46.074580108104861 ], [ 7.333480485354923, 46.065613532623793 ], [ 7.338934410251442, 46.065384655105063 ], [ 7.340735909259736, 46.06250768983633 ], [ 7.347351744855324, 46.062720198278747 ], [ 7.354152092878446, 46.060665592526981 ], [ 7.352988853366366, 46.052694696374743 ], [ 7.355647670958128, 46.046040048851438 ], [ 7.361262296047447, 46.040421918451642 ], [ 7.368641393020141, 46.037746157754754 ], [ 7.365976675373211, 46.03108779736263 ], [ 7.371796331942826, 46.024650698620306 ], [ 7.369121173109266, 46.016274283313287 ], [ 7.378423182605032, 46.011035374549564 ], [ 7.387499533415269, 46.010437246272865 ], [ 7.400330630584112, 45.994376599452416 ], [ 7.41237415627992, 45.989567883214498 ], [ 7.417313775702083, 45.993276670863459 ], [ 7.43165429953397, 45.991036866299979 ], [ 7.430428773373608, 45.988158237546919 ], [ 7.433268240183263, 45.98433537857121 ], [ 7.440171785461849, 45.987331028449361 ], [ 7.452095310112147, 45.986439785613548 ], [ 7.454871143753932, 45.991503865836776 ], [ 7.467270005394654, 45.985033785728994 ], [ 7.475776981793142, 45.970521767427819 ], [ 7.4809351661433, 45.967857348234268 ], [ 7.480441715669309, 45.963503755200747 ], [ 7.48634646035111, 45.960083202593431 ], [ 7.48744600097411, 45.955810006850832 ], [ 7.477937001053016, 45.952407013384196 ], [ 7.471459503798048, 45.947190007002561 ], [ 7.474931500965851, 45.936627513135619 ], [ 7.471644001712356, 45.934059513718843 ], [ 7.458734011851464, 45.935557003335916 ], [ 7.455899502155478, 45.932148006569285 ], [ 7.444620509735952, 45.931746504455461 ], [ 7.434417007805767, 45.920225005592854 ], [ 7.427056505810168, 45.915402013161021 ], [ 7.410806011507198, 45.908711512548003 ], [ 7.405508001290706, 45.909088508308763 ], [ 7.401733001498775, 45.911475010467676 ], [ 7.397883006009423, 45.908473006542685 ], [ 7.397196505096723, 45.904861012445785 ], [ 7.386337512469585, 45.897155504724921 ], [ 7.382384511550256, 45.896504503791121 ], [ 7.366067511689008, 45.904138008249774 ], [ 7.361216509009433, 45.903327509769525 ], [ 7.356449501197142, 45.907242010431894 ], [ 7.35646250577218, 45.910642503527839 ], [ 7.350536012290494, 45.911589510827795 ], [ 7.344303004501665, 45.915240509522654 ], [ 7.330723508004655, 45.910516509095821 ], [ 7.323765009339168, 45.910229512342966 ], [ 7.318112002218404, 45.911672005144418 ], [ 7.316174511587074, 45.916579509316151 ], [ 7.30155699950155, 45.917221509564556 ], [ 7.294512269726337, 45.92179593593589 ], [ 7.285315008690766, 45.915750504076293 ], [ 7.276771514638067, 45.900668007867765 ], [ 7.271476014090773, 45.899851512919689 ], [ 7.256877508152232, 45.888218010981305 ], [ 7.253143502032975, 45.888465505912791 ], [ 7.249486501300234, 45.893134012434132 ], [ 7.240540003229849, 45.890064005981912 ], [ 7.22829200197478, 45.892020012598543 ], [ 7.225684006780559, 45.889768004439595 ], [ 7.216439507773154, 45.888779513260872 ], [ 7.21570051505082, 45.883872006741719 ], [ 7.20609300671726, 45.880181009595013 ], [ 7.203609003334879, 45.876477508219907 ], [ 7.200118005233103, 45.875513505736222 ], [ 7.197700510204126, 45.870343013419074 ], [ 7.200823506354068, 45.863082507797664 ], [ 7.196588514576154, 45.860274514490058 ], [ 7.190602510131591, 45.85867950886859 ], [ 7.178907512536315, 45.86351200398915 ], [ 7.175214504631067, 45.862855003485087 ], [ 7.161742010161941, 45.871499507437804 ], [ 7.164099006217882, 45.876684509944397 ], [ 7.153543512681972, 45.879249506911307 ], [ 7.135276504932723, 45.872709507919438 ], [ 7.131419011102492, 45.866735008444813 ], [ 7.117904013959674, 45.859192509883414 ], [ 7.101175010462851, 45.859270504172414 ], [ 7.092142999352717, 45.872066013060554 ], [ 7.095292006144597, 45.875833512581494 ], [ 7.079939507144902, 45.885293008592313 ], [ 7.076461502164492, 45.890179009432558 ], [ 7.076605501282777, 45.895182012002039 ], [ 7.064193011312006, 45.899928007962608 ], [ 7.06445549886993, 45.909366013105256 ], [ 7.060583504513908, 45.913383014627499 ], [ 7.053107015526797, 45.915546003813112 ], [ 7.044886002376186, 45.922413007021831 ], [ 7.041839008757537, 45.930950508749014 ], [ 7.035672005475115, 45.938411510378124 ], [ 7.038539009199666, 45.944797008122407 ], [ 7.037600002599008, 45.954273009203064 ], [ 7.018368998809705, 45.960174505838786 ], [ 7.009050003698459, 45.969391005262253 ], [ 7.010733011480827, 45.973304504507169 ], [ 7.020972012772953, 45.976249506562532 ], [ 7.022241510644306, 45.980541007035967 ], [ 7.027162546521385, 45.983885163807237 ], [ 7.03247472322691, 45.982717109218065 ], [ 7.04521275340566, 45.987773016291449 ], [ 7.038342136623331, 45.993766732743559 ], [ 7.044145949754788, 45.997880261258771 ], [ 7.044754266270073, 46.001219747276579 ], [ 7.040084367389935, 46.002606566065744 ], [ 7.034692052787971, 46.007381921279524 ], [ 7.036140717672803, 46.012244731038685 ], [ 7.040053981021809, 46.015587054869336 ], [ 7.04021953467931, 46.022964011965755 ], [ 7.046356754708771, 46.026062110592861 ], [ 7.05217753687568, 46.02653207680374 ], [ 7.062337645789236, 46.03072254502861 ], [ 7.066179352596463, 46.03740107445217 ], [ 7.083301567741481, 46.046083321251295 ], [ 7.085388659500182, 46.052935539394568 ], [ 7.100781995839752, 46.060377270718689 ], [ 7.106083984970955, 46.059718429051557 ], [ 7.107969776830724, 46.061972891379448 ], [ 7.104086229435126, 46.079907578704798 ], [ 7.108914828345606, 46.087280249388023 ], [ 7.092549362355852, 46.089048142505128 ], [ 7.126149089038315, 46.098367100983459 ], [ 7.139269690314536, 46.103827170973908 ], [ 7.150789717340012, 46.11406727516237 ], [ 7.16526437396815, 46.116460273110121 ], [ 7.172431731752944, 46.113553920352373 ], [ 7.190273016982199, 46.115348929054619 ], [ 7.196487372365097, 46.11408512921345 ], [ 7.199922869302253, 46.118185473334613 ], [ 7.205128402480177, 46.119923570322875 ], [ 7.209167413631357, 46.119212251403738 ], [ 7.211935428170203, 46.122366326588526 ], [ 7.223962247458309, 46.123406468816917 ] ] ] } },
{ "type": "Feature", "properties": { "bezirk_id": "B_2304" }, "geometry": { "type": "Polygon", "coordinates": [ [ [ 8.432803732434573, 46.542937610998592 ], [ 8.435098394963925, 46.540101680852722 ], [ 8.439553899244745, 46.540629321613928 ], [ 8.445273555535557, 46.536917328000179 ], [ 8.457957436157994, 46.5334127110563 ], [ 8.464973377071047, 46.535616683578716 ], [ 8.473441828212353, 46.52852275449019 ], [ 8.477673481161768, 46.527602514014674 ], [ 8.478159805505266, 46.525097071799607 ], [ 8.472819536725137, 46.523238543781879 ], [ 8.460301757586139, 46.511188641905221 ], [ 8.451742891222075, 46.507819649910367 ], [ 8.442913661086534, 46.495429074592415 ], [ 8.431609669906686, 46.497021812572086 ], [ 8.4195713601816, 46.492628214454619 ], [ 8.414307551628518, 46.494724694503411 ], [ 8.411015943289625, 46.492773723573414 ], [ 8.40104382608358, 46.49236382957816 ], [ 8.398758561461726, 46.494245394175643 ], [ 8.392293064008957, 46.49473166246645 ], [ 8.394661467227614, 46.484995776618675 ], [ 8.38590181894957, 46.475623065175348 ], [ 8.392394898336189, 46.467948879369573 ], [ 8.38534879719187, 46.465578837286252 ], [ 8.385752540626704, 46.461860008714908 ], [ 8.382266837513827, 46.459801891063108 ], [ 8.384717009858351, 46.452158508995836 ], [ 8.379003008326823, 46.450803008541939 ], [ 8.375294502929355, 46.453126507679691 ], [ 8.366936008088901, 46.451922506891727 ], [ 8.355762013154916, 46.446963003705896 ], [ 8.352464011950172, 46.441643010098439 ], [ 8.325441016685742, 46.425714005052349 ], [ 8.314963501164735, 46.42363151336275 ], [ 8.307491509183286, 46.425851014723484 ], [ 8.298896513719143, 46.417438013918392 ], [ 8.298948014542104, 46.414246007289123 ], [ 8.288934004761948, 46.408109504800841 ], [ 8.303547507442353, 46.402450508645856 ], [ 8.306603514235162, 46.402026006496328 ], [ 8.309672502470672, 46.404024511816253 ], [ 8.31573250778713, 46.39896550373868 ], [ 8.317292007770391, 46.394000005700732 ], [ 8.314156504841492, 46.389825009802742 ], [ 8.318694745559453, 46.386444593830262 ], [ 8.314946504194229, 46.383949004436559 ], [ 8.312899510937942, 46.377066007236714 ], [ 8.300013512607752, 46.3740745088569 ], [ 8.289793512791114, 46.369138507189952 ], [ 8.284282504227335, 46.363630513425477 ], [ 8.273075004774164, 46.366862005517582 ], [ 8.263772500745867, 46.364023011248456 ], [ 8.260755012731046, 46.360849003428392 ], [ 8.265034004306846, 46.357109012112289 ], [ 8.265879508103815, 46.351843504364133 ], [ 8.259927504709939, 46.348662509674405 ], [ 8.262883514661333, 46.34596651332339 ], [ 8.25294350183499, 46.346441507048361 ], [ 8.250042504220913, 46.340758013818146 ], [ 8.235424006031039, 46.340364005508633 ], [ 8.223995515335, 46.334448005849666 ], [ 8.225024015363486, 46.332860509854633 ], [ 8.22161300124024, 46.330246514339755 ], [ 8.225070006049791, 46.326410506502619 ], [ 8.214654002264828, 46.319662013708566 ], [ 8.214927507720581, 46.316228005239317 ], [ 8.211240504969018, 46.312589014673179 ], [ 8.212012015014512, 46.309277010258285 ], [ 8.205389510435174, 46.306022507655932 ], [ 8.198915240004279, 46.31147402462144 ], [ 8.199506595301765, 46.315698197025448 ], [ 8.195853762421498, 46.317234008441972 ], [ 8.184722729080736, 46.336802269182165 ], [ 8.172748195219205, 46.342610935072969 ], [ 8.175403150822296, 46.348737993924736 ], [ 8.175409805638475, 46.358813500434593 ], [ 8.164665900309151, 46.361851494249926 ], [ 8.154577163467536, 46.369337348630701 ], [ 8.151258167565461, 46.369942993585781 ], [ 8.14542323713637, 46.380954622890663 ], [ 8.141281462971415, 46.382329753286612 ], [ 8.130879687347379, 46.382123828120619 ], [ 8.123677544493505, 46.37793944318981 ], [ 8.10211076309651, 46.376601300300337 ], [ 8.105940635144098, 46.378360033134207 ], [ 8.105596974308735, 46.385306931145664 ], [ 8.104609702372084, 46.391726845664671 ], [ 8.089415054825631, 46.399825040781174 ], [ 8.093641388927487, 46.404288688582 ], [ 8.078663185323027, 46.41213933789588 ], [ 8.081589510694057, 46.417399070044354 ], [ 8.09343821451025, 46.428108478840656 ], [ 8.094192159224045, 46.431288690683935 ], [ 8.086808125076239, 46.439418422690302 ], [ 8.059320229450142, 46.456740936114919 ], [ 8.051654211251451, 46.453773149849184 ], [ 8.048967253808069, 46.454426324953964 ], [ 8.041109952449949, 46.463032345009303 ], [ 8.034774678742368, 46.465818496350742 ], [ 8.034315049883528, 46.469014442504381 ], [ 8.028497528063101, 46.474010506297248 ], [ 8.021155039287843, 46.477763665868075 ], [ 8.003185809062243, 46.47532649790832 ], [ 7.991530359028999, 46.466226023814528 ], [ 7.982514631389968, 46.468158649541458 ], [ 7.97681769219897, 46.467403129958868 ], [ 7.973189603681399, 46.469156444956539 ], [ 7.965392037753442, 46.467933433060885 ], [ 7.963367005733292, 46.475283385314874 ], [ 7.940276108675913, 46.483231951784028 ], [ 7.940172243564837, 46.486084076882058 ], [ 7.932930312801758, 46.494571826352413 ], [ 7.932767956932016, 46.498197833401207 ], [ 7.934599150599152, 46.503290473826794 ], [ 7.942001260738372, 46.50775585433324 ], [ 7.953534518015182, 46.508046076878934 ], [ 7.964619848356386, 46.513185939185561 ], [ 7.967691751026624, 46.512856841487462 ], [ 7.972911427439845, 46.524212143892363 ], [ 7.968833379133523, 46.527001926288818 ], [ 7.962799886793225, 46.539237170720007 ], [ 7.967736611855225, 46.541490264697281 ], [ 7.969659057069161, 46.544764777023083 ], [ 7.979665703923465, 46.548046100532559 ], [ 7.986002137710638, 46.548015807435661 ], [ 7.992785780282648, 46.556016242036463 ], [ 7.997334538242794, 46.558314928312392 ], [ 8.001257359219496, 46.558070714251166 ], [ 8.015749430346085, 46.563296710792358 ], [ 8.030386937636054, 46.562474916352713 ], [ 8.042781313881544, 46.55702130350933 ], [ 8.053918465290407, 46.555900136509862 ], [ 8.061429794575059, 46.551361351536691 ], [ 8.062703577012833, 46.553270494300307 ], [ 8.075783733148537, 46.555581929649229 ], [ 8.085204968576074, 46.551714541868307 ], [ 8.093612087768284, 46.551432574143767 ], [ 8.100600646831673, 46.548180599274858 ], [ 8.113970838631634, 46.546527749894217 ], [ 8.125744087550311, 46.537245427830783 ], [ 8.149906676789508, 46.531789305536122 ], [ 8.174341676391437, 46.531390993595785 ], [ 8.174503017867842, 46.524076207832344 ], [ 8.180788835555378, 46.520553909081343 ], [ 8.184610768272428, 46.52080777817914 ], [ 8.200170084214866, 46.524428999133356 ], [ 8.205436688518002, 46.523592963214789 ], [ 8.225766029206492, 46.527034493953266 ], [ 8.241230415982884, 46.526575558952061 ], [ 8.258061274838283, 46.529442227208399 ], [ 8.26435098790467, 46.533328026304332 ], [ 8.283355679098122, 46.538280258826155 ], [ 8.287406106744589, 46.543018047510756 ], [ 8.302765609472537, 46.545529270330434 ], [ 8.312748183597922, 46.552496980138486 ], [ 8.317014576896096, 46.559067292372987 ], [ 8.336610615603881, 46.561082395748848 ], [ 8.350406457143979, 46.568655422492498 ], [ 8.35160607227839, 46.571722500206221 ], [ 8.360527827509285, 46.577794976430006 ], [ 8.364529058984015, 46.582899324856683 ], [ 8.360787622059755, 46.586150334979529 ], [ 8.363505785779514, 46.592497586207791 ], [ 8.361734595349281, 46.601121311208026 ], [ 8.370504646258723, 46.613950409035859 ], [ 8.368402966545023, 46.624592074827213 ], [ 8.372625696534771, 46.633202857172876 ], [ 8.380333389831984, 46.634093003343835 ], [ 8.390753575864171, 46.644379010886752 ], [ 8.394606565854223, 46.645831124053117 ], [ 8.399010343978857, 46.654007625214682 ], [ 8.410333372574792, 46.652999610518307 ], [ 8.418170445262467, 46.652234232593379 ], [ 8.421984469127485, 46.647883194381173 ], [ 8.418746259182726, 46.635721194516876 ], [ 8.422301142392147, 46.627243080343639 ], [ 8.417420516089589, 46.610830983591597 ], [ 8.413870547520027, 46.605085848084251 ], [ 8.408045723960109, 46.601267202985412 ], [ 8.410300898419861, 46.596749853254614 ], [ 8.406195061778684, 46.586097276763041 ], [ 8.410172190739546, 46.580863560543904 ], [ 8.410029167051089, 46.577257279793514 ], [ 8.416912277336257, 46.571188806974078 ], [ 8.420681277845624, 46.561071505265467 ], [ 8.423608267925838, 46.559939657748821 ], [ 8.424634347885222, 46.551114398322241 ], [ 8.429006767703775, 46.543492525132351 ], [ 8.432803732434573, 46.542937610998592 ] ] ] } },
{ "type": "Feature", "properties": { "bezirk_id": "B_2305" }, "geometry": { "type": "MultiPolygon", "coordinates": [ [ [ [ 7.48627540349944, 46.224173455938157 ], [ 7.492806544883323, 46.215659338640364 ], [ 7.510453452173874, 46.202521777507457 ], [ 7.531345039477785, 46.21155860169975 ], [ 7.532906520694722, 46.208312295613595 ], [ 7.528852428143161, 46.201272024488084 ], [ 7.534023261375509, 46.194790991955145 ], [ 7.523260444136055, 46.187450090275767 ], [ 7.519999961636065, 46.172213948943465 ], [ 7.515848150072452, 46.166243771121728 ], [ 7.520522610120396, 46.157964590029302 ], [ 7.517342060413358, 46.151624954085989 ], [ 7.521866236241208, 46.14764570548499 ], [ 7.515131082351345, 46.143980230309559 ], [ 7.525902393864597, 46.138287307173293 ], [ 7.544755626193028, 46.117824408990863 ], [ 7.549483854958019, 46.108374578625451 ], [ 7.557790926131803, 46.104255210250159 ], [ 7.561332195448821, 46.097504788321487 ], [ 7.564021333532435, 46.097321939857487 ], [ 7.572332574872106, 46.090745715767383 ], [ 7.576828354864118, 46.084218570729796 ], [ 7.572884034715566, 46.078331240012247 ], [ 7.581053345022983, 46.073373739743253 ], [ 7.58606749006884, 46.073115455299174 ], [ 7.591789382947312, 46.062493159572178 ], [ 7.597523280113687, 46.061252877970709 ], [ 7.600442290036309, 46.056409161442737 ], [ 7.60892559898554, 46.054579628945184 ], [ 7.611514567019104, 46.052029976405592 ], [ 7.606059388474576, 46.046802792335619 ], [ 7.611803282583502, 46.034354594048381 ], [ 7.601766397325052, 46.010665208406586 ], [ 7.601998595691456, 46.001921284947969 ], [ 7.589250742537258, 45.999105402697211 ], [ 7.587459683294766, 45.995464615049926 ], [ 7.574703008263695, 45.987574010633814 ], [ 7.561997015976253, 45.985687511202848 ], [ 7.550134007201134, 45.9865565146957 ], [ 7.545698510714851, 45.9837665041034 ], [ 7.541537007755769, 45.976177004115264 ], [ 7.546722002810857, 45.963139505682364 ], [ 7.54276400620672, 45.956942511396065 ], [ 7.538434011059222, 45.954946007688356 ], [ 7.535464505589188, 45.956861507053468 ], [ 7.527978502244923, 45.956493503998978 ], [ 7.517627507670462, 45.962324508443288 ], [ 7.507531506907094, 45.957968006819449 ], [ 7.499186007167174, 45.962418504176398 ], [ 7.493439502127659, 45.955688509738295 ], [ 7.48744600097411, 45.955810006850832 ], [ 7.48634646035111, 45.960083202593431 ], [ 7.480441715669309, 45.963503755200747 ], [ 7.4809351661433, 45.967857348234268 ], [ 7.475776981793142, 45.970521767427819 ], [ 7.467270005394654, 45.985033785728994 ], [ 7.454871143753932, 45.991503865836776 ], [ 7.452095310112147, 45.986439785613548 ], [ 7.440171785461849, 45.987331028449361 ], [ 7.433268240183263, 45.98433537857121 ], [ 7.430428773373608, 45.988158237546919 ], [ 7.43165429953397, 45.991036866299979 ], [ 7.417313775702083, 45.993276670863459 ], [ 7.41237415627992, 45.989567883214498 ], [ 7.400330630584112, 45.994376599452416 ], [ 7.387499533415269, 46.010437246272865 ], [ 7.378423182605032, 46.011035374549564 ], [ 7.369121173109266, 46.016274283313287 ], [ 7.371796331942826, 46.024650698620306 ], [ 7.365976675373211, 46.03108779736263 ], [ 7.368641393020141, 46.037746157754754 ], [ 7.361262296047447, 46.040421918451642 ], [ 7.355647670958128, 46.046040048851438 ], [ 7.352988853366366, 46.052694696374743 ], [ 7.354152092878446, 46.060665592526981 ], [ 7.356721674305016, 46.061890899977101 ], [ 7.351996955005621, 46.06696978293936 ], [ 7.352248381702909, 46.071368780023882 ], [ 7.364961868496534, 46.083800718581102 ], [ 7.361701111328158, 46.085957435892396 ], [ 7.362405612079571, 46.090572621859849 ], [ 7.356601826022119, 46.098223688885874 ], [ 7.360382109973184, 46.104019529452863 ], [ 7.35742903028301, 46.107048910301152 ], [ 7.35754877814426, 46.11341783701743 ], [ 7.344234576944421, 46.130948677481669 ], [ 7.350502279026654, 46.135514547885208 ], [ 7.357003907450403, 46.157198796007407 ], [ 7.363756847451318, 46.160217051333369 ], [ 7.367891806046631, 46.165976918494955 ], [ 7.368070208493203, 46.17801310980623 ], [ 7.375865904020005, 46.189082342421749 ], [ 7.380578555584874, 46.20286614044285 ], [ 7.379099286849407, 46.216628613406243 ], [ 7.390472863628203, 46.221383804961576 ], [ 7.403353311700094, 46.224042370573983 ], [ 7.405619896891339, 46.226480881333977 ], [ 7.408849411895968, 46.222622695093499 ], [ 7.415027857553047, 46.230612296673002 ], [ 7.425395517379195, 46.238593170441327 ], [ 7.452258303100894, 46.243828788103663 ], [ 7.457675730365282, 46.237585102161411 ], [ 7.457894697594806, 46.233375125989781 ], [ 7.464218533996602, 46.228903110791492 ], [ 7.475104008357522, 46.225212016259619 ], [ 7.48627540349944, 46.224173455938157 ] ] ], [ [ [ 7.462127955091109, 46.376233763378508 ], [ 7.442905103708273, 46.370586706573114 ], [ 7.435446106497697, 46.364253759612964 ], [ 7.422077204983899, 46.357991527455049 ], [ 7.441695410502239, 46.342403440831923 ], [ 7.450134863963811, 46.32540123884727 ], [ 7.446238078419348, 46.314426876472403 ], [ 7.430896059507391, 46.296210610252132 ], [ 7.430793377846523, 46.289149042920016 ], [ 7.423530406717391, 46.276734297258926 ], [ 7.423376891503458, 46.269474816211734 ], [ 7.411085261011401, 46.259370316695502 ], [ 7.416352856818438, 46.254289003257618 ], [ 7.41113899978902, 46.255808069404779 ], [ 7.400896973382659, 46.251819974508471 ], [ 7.394528321824133, 46.253922587654287 ], [ 7.395960128859985, 46.263413517031672 ], [ 7.391210231817098, 46.266650004705362 ], [ 7.391486962284794, 46.27207743502133 ], [ 7.398456984566185, 46.277218580151469 ], [ 7.394727075687068, 46.280234831273461 ], [ 7.388518197875485, 46.301821682577547 ], [ 7.39379997301769, 46.302705514040255 ], [ 7.396652499813876, 46.306421823752309 ], [ 7.385520257366994, 46.314621060146834 ], [ 7.383297438369996, 46.329912538275011 ], [ 7.376919383259792, 46.331636347287109 ], [ 7.367183785005796, 46.33828730352586 ], [ 7.359154123317558, 46.340413847551254 ], [ 7.357721360526165, 46.343093518168416 ], [ 7.361648603218655, 46.348970435698639 ], [ 7.359070095886336, 46.353286533956762 ], [ 7.36265090774993, 46.356698367076845 ], [ 7.368067431335838, 46.357655453965542 ], [ 7.378193785502659, 46.364561043093765 ], [ 7.382351158461534, 46.365282870369818 ], [ 7.399677270957171, 46.376624789894258 ], [ 7.401680462950122, 46.374268623462655 ], [ 7.417156825163763, 46.38021885285373 ], [ 7.427724029719107, 46.380679228118581 ], [ 7.438044306268745, 46.386194156321814 ], [ 7.443243822207671, 46.382901708153035 ], [ 7.457281815062264, 46.381524052877317 ], [ 7.462127955091109, 46.376233763378508 ] ] ] ] } },
{ "type": "Feature", "properties": { "bezirk_id": "B_2306" }, "geometry": { "type": "Polygon", "coordinates": [ [ [ 7.62610040089993, 46.44505207593815 ], [ 7.689615731250472, 46.42451866399027 ], [ 7.693024917348535, 46.424717994291122 ], [ 7.705080231322058, 46.415991585116721 ], [ 7.706875732992121, 46.408197108979998 ], [ 7.696829818398551, 46.395905278437525 ], [ 7.6888776685659, 46.391317269350395 ], [ 7.692629645811766, 46.387413825105902 ], [ 7.697820695326283, 46.385557997983419 ], [ 7.701649954940284, 46.387105456575703 ], [ 7.702771085922827, 46.382398118317631 ], [ 7.708163971354763, 46.37684412182923 ], [ 7.705055317322618, 46.373711958584003 ], [ 7.70588539186755, 46.368069719362957 ], [ 7.712387111536107, 46.361145561034661 ], [ 7.715006975244613, 46.362758441829428 ], [ 7.719110652861048, 46.362298602164891 ], [ 7.729252127026959, 46.368363194851639 ], [ 7.734713409133843, 46.364193085410932 ], [ 7.755865087714568, 46.365935124883919 ], [ 7.755336324959671, 46.362158406423191 ], [ 7.757406766352363, 46.356260430251758 ], [ 7.750935387453544, 46.337927188402411 ], [ 7.751416665924655, 46.33126904828822 ], [ 7.743832815602226, 46.322024127960432 ], [ 7.744753874746659, 46.30570346534072 ], [ 7.744341465511678, 46.301602543275258 ], [ 7.745945554203275, 46.286845282959852 ], [ 7.743801073839157, 46.286221374696801 ], [ 7.738627562180779, 46.275107517817396 ], [ 7.735217024448757, 46.272966520800885 ], [ 7.739573522833504, 46.260810879823055 ], [ 7.746430561708605, 46.255538995927893 ], [ 7.751056626409562, 46.245855987467472 ], [ 7.744698068941863, 46.237984132425744 ], [ 7.740440905519526, 46.237086987057133 ], [ 7.740160558027681, 46.233273570460128 ], [ 7.742587527416321, 46.231467953369723 ], [ 7.754373828670425, 46.229816502673074 ], [ 7.762455014115901, 46.222057413822228 ], [ 7.753244563600534, 46.213807355504819 ], [ 7.75442546351089, 46.205141245837837 ], [ 7.753771847500877, 46.204135552581853 ], [ 7.748432316619573, 46.199274639080471 ], [ 7.736850920643112, 46.196939872630111 ], [ 7.732597300873625, 46.181640408121396 ], [ 7.73236350398674, 46.179104244741254 ], [ 7.739888695285024, 46.172283767205656 ], [ 7.736963414240656, 46.170105575052595 ], [ 7.738670740134435, 46.165063506978392 ], [ 7.733793063127437, 46.156071707892721 ], [ 7.737462732153026, 46.150133959856575 ], [ 7.732824075383556, 46.141987088297363 ], [ 7.738142361864907, 46.139526325903354 ], [ 7.73623162491307, 46.133216446922191 ], [ 7.745843311351051, 46.125940284766799 ], [ 7.741173078050929, 46.121293149520604 ], [ 7.715000688968268, 46.118274641383834 ], [ 7.711094611915058, 46.110574897409016 ], [ 7.702685367491993, 46.115452457142439 ], [ 7.69015211629283, 46.118404579297447 ], [ 7.68475329849694, 46.12599073286416 ], [ 7.673880962825506, 46.133866998526315 ], [ 7.670642030452016, 46.143346455350624 ], [ 7.662558525667414, 46.151920358491388 ], [ 7.671524673950912, 46.157872118020883 ], [ 7.672698000413509, 46.165857796908149 ], [ 7.669735993676341, 46.169588059628531 ], [ 7.660237875118903, 46.174140819858074 ], [ 7.662064802491984, 46.17759154663667 ], [ 7.656604011103659, 46.181830117138652 ], [ 7.658463728924619, 46.193430868255703 ], [ 7.662077421823708, 46.19652729199607 ], [ 7.66019397294366, 46.217643718766482 ], [ 7.661876896261364, 46.220384085870904 ], [ 7.660740797263821, 46.22783469954431 ], [ 7.653669270296675, 46.239110856823551 ], [ 7.643239122045075, 46.244194681459199 ], [ 7.642798509227051, 46.247721763523572 ], [ 7.623079102429057, 46.25225332234028 ], [ 7.618101309532014, 46.256714132704623 ], [ 7.616163476307892, 46.262996127985609 ], [ 7.595921228625095, 46.277850737534891 ], [ 7.58842158471087, 46.2774920386912 ], [ 7.580672419380665, 46.275927740043002 ], [ 7.5726026880673, 46.291616903038729 ], [ 7.568475284393109, 46.29127984880801 ], [ 7.566476300381408, 46.296589530909415 ], [ 7.56047861069614, 46.295741516607102 ], [ 7.560981897609257, 46.306085951762654 ], [ 7.559205694717253, 46.30703238531931 ], [ 7.558847180821818, 46.309281671589943 ], [ 7.557379048985463, 46.320662684023489 ], [ 7.550051574480944, 46.324745096574667 ], [ 7.557429509412581, 46.323955336245938 ], [ 7.560995010496515, 46.328993574543354 ], [ 7.57060680312382, 46.33076665532051 ], [ 7.570233538211538, 46.334640877817797 ], [ 7.575480333415496, 46.342231920497227 ], [ 7.570672853072796, 46.345586553696371 ], [ 7.574119723798166, 46.348765672073604 ], [ 7.573010646625311, 46.352067091398233 ], [ 7.562736721609701, 46.352996288615145 ], [ 7.561833038081931, 46.355534037586942 ], [ 7.559052910718099, 46.355608970423873 ], [ 7.561248849055402, 46.367327946859085 ], [ 7.572080443786446, 46.370149418121734 ], [ 7.571184525640412, 46.375826710967218 ], [ 7.579124074351729, 46.380279045388811 ], [ 7.580174163603152, 46.384235828836772 ], [ 7.571594588091165, 46.38411121731918 ], [ 7.568222217170127, 46.381722257324419 ], [ 7.563232915292236, 46.3826183815736 ], [ 7.555382393104201, 46.388977597916472 ], [ 7.546799366472349, 46.394032596773663 ], [ 7.540755328662613, 46.394856757697596 ], [ 7.528673262891148, 46.400498167399697 ], [ 7.533981531548192, 46.409768365494706 ], [ 7.55478462313238, 46.413572273191647 ], [ 7.562377498500684, 46.412430851393708 ], [ 7.577124658971385, 46.417064659545247 ], [ 7.583472490387374, 46.417263678945872 ], [ 7.586376582144003, 46.413778642666671 ], [ 7.594160392388381, 46.411402440685229 ], [ 7.600063668881413, 46.415397297004958 ], [ 7.598403507504554, 46.421426715592474 ], [ 7.606386400860744, 46.424383812724038 ], [ 7.610211077325343, 46.428570090863417 ], [ 7.609651248274544, 46.43672998011921 ], [ 7.620573547582167, 46.438422245351006 ], [ 7.62610040089993, 46.44505207593815 ] ] ] } },
{ "type": "Feature", "properties": { "bezirk_id": "B_2307" }, "geometry": { "type": "Polygon", "coordinates": [ [ [ 7.174634340579492, 46.205944076577715 ], [ 7.177946279300036, 46.201570923891929 ], [ 7.188866678163598, 46.201775613530501 ], [ 7.196429470522159, 46.199579228811096 ], [ 7.199810931878035, 46.196581921378062 ], [ 7.209993319596744, 46.196477148556582 ], [ 7.216376716163822, 46.1940431408498 ], [ 7.219925695325511, 46.197324506861975 ], [ 7.223573681229944, 46.188821692883103 ], [ 7.223277769870722, 46.178539142827567 ], [ 7.229706280178886, 46.17713897012959 ], [ 7.235647847599739, 46.181197885026094 ], [ 7.249845851645752, 46.183678445049473 ], [ 7.25098927495529, 46.182600889017785 ], [ 7.249763784869929, 46.173783146513912 ], [ 7.255071344785727, 46.174196750873264 ], [ 7.261340032209372, 46.165831929065092 ], [ 7.268576787957921, 46.161867078952838 ], [ 7.277344301425164, 46.160800556481732 ], [ 7.276016285985698, 46.159008518011213 ], [ 7.292672750543411, 46.155676085702019 ], [ 7.295555100668436, 46.142591244616064 ], [ 7.29042468670416, 46.135208211727914 ], [ 7.29158204536485, 46.128328131553303 ], [ 7.287582285908035, 46.11975004428345 ], [ 7.27702702454961, 46.115282519335636 ], [ 7.279898878067826, 46.106336051333606 ], [ 7.279021273181923, 46.096934461355801 ], [ 7.274552455196822, 46.099518721977468 ], [ 7.267997436431965, 46.099194088496738 ], [ 7.264031012140886, 46.106177520759083 ], [ 7.245801054805279, 46.115673950247171 ], [ 7.244611731481608, 46.119099209524627 ], [ 7.223962247458309, 46.123406468816917 ], [ 7.211935428170203, 46.122366326588526 ], [ 7.209167413631357, 46.119212251403738 ], [ 7.205128402480177, 46.119923570322875 ], [ 7.199922869302253, 46.118185473334613 ], [ 7.196487372365097, 46.11408512921345 ], [ 7.190273016982199, 46.115348929054619 ], [ 7.172431731752944, 46.113553920352373 ], [ 7.16526437396815, 46.116460273110121 ], [ 7.150789717340012, 46.11406727516237 ], [ 7.139269690314536, 46.103827170973908 ], [ 7.126149089038315, 46.098367100983459 ], [ 7.092549362355852, 46.089048142505128 ], [ 7.108914828345606, 46.087280249388023 ], [ 7.104086229435126, 46.079907578704798 ], [ 7.107969776830724, 46.061972891379448 ], [ 7.106083984970955, 46.059718429051557 ], [ 7.100781995839752, 46.060377270718689 ], [ 7.085388659500182, 46.052935539394568 ], [ 7.083301567741481, 46.046083321251295 ], [ 7.066179352596463, 46.03740107445217 ], [ 7.062337645789236, 46.03072254502861 ], [ 7.05217753687568, 46.02653207680374 ], [ 7.046356754708771, 46.026062110592861 ], [ 7.04021953467931, 46.022964011965755 ], [ 7.040053981021809, 46.015587054869336 ], [ 7.036140717672803, 46.012244731038685 ], [ 7.034692052787971, 46.007381921279524 ], [ 7.040084367389935, 46.002606566065744 ], [ 7.044754266270073, 46.001219747276579 ], [ 7.044145949754788, 45.997880261258771 ], [ 7.038342136623331, 45.993766732743559 ], [ 7.04521275340566, 45.987773016291449 ], [ 7.03247472322691, 45.982717109218065 ], [ 7.027162546521385, 45.983885163807237 ], [ 7.022241510644306, 45.980541007035967 ], [ 7.015547015155063, 45.986709510006193 ], [ 7.012056008080208, 45.987354509344414 ], [ 7.010531009401296, 45.997276508777347 ], [ 7.00561901516618, 46.001209511528501 ], [ 6.999714010289652, 45.999138012040916 ], [ 6.984753006904382, 46.005127012680759 ], [ 6.980931010328661, 46.020248510096401 ], [ 6.971083006578074, 46.025795007411823 ], [ 6.966568998990863, 46.031189009208894 ], [ 6.962906008422252, 46.03053650702271 ], [ 6.949742008759966, 46.051731010493128 ], [ 6.958825434910301, 46.057027077441383 ], [ 6.963938060552497, 46.063435707344318 ], [ 6.966581559105579, 46.071542938274071 ], [ 6.974755780256853, 46.078440660168596 ], [ 6.980092090155565, 46.078705435953907 ], [ 6.991012108579405, 46.083751034343265 ], [ 6.991889968141025, 46.083898456765624 ], [ 6.999931733221892, 46.095021773118113 ], [ 7.002524315041216, 46.094204257762293 ], [ 7.003672374413193, 46.096160763185956 ], [ 7.009327352499604, 46.09724398431166 ], [ 7.016420413403641, 46.103001075873721 ], [ 7.019088049986172, 46.100852103175335 ], [ 7.01984460251406, 46.103364711361181 ], [ 7.028454258111674, 46.107210604282287 ], [ 7.032014328504169, 46.108473929664456 ], [ 7.042536949183193, 46.130487871215898 ], [ 7.04962979352773, 46.133751060543389 ], [ 7.051475519578137, 46.138030366602401 ], [ 7.064556674270407, 46.126964997794978 ], [ 7.068546355629699, 46.120546313149624 ], [ 7.073724555488712, 46.125771711391494 ], [ 7.072256807958785, 46.14199508636036 ], [ 7.088418104231997, 46.158418645247899 ], [ 7.082367069021226, 46.163230316484182 ], [ 7.08016871149731, 46.17069873085557 ], [ 7.083745646888163, 46.176143448414209 ], [ 7.084006884107081, 46.185715663065096 ], [ 7.075355660040294, 46.199532203596071 ], [ 7.088491826854169, 46.20157081192238 ], [ 7.096291700523873, 46.207253345191454 ], [ 7.108404571615419, 46.211787355318137 ], [ 7.122576898008551, 46.223513399143648 ], [ 7.121869869423515, 46.229178685180294 ], [ 7.124806414892437, 46.236905192492721 ], [ 7.130461692963945, 46.236866574801176 ], [ 7.134490715293079, 46.229906142216834 ], [ 7.151863258947513, 46.214569153493088 ], [ 7.157272050505441, 46.211083496051003 ], [ 7.163595875717723, 46.210982184572906 ], [ 7.174634340579492, 46.205944076577715 ] ] ] } },
{ "type": "Feature", "properties": { "bezirk_id": "B_2308" }, "geometry": { "type": "Polygon", "coordinates": [ [ [ 6.80520205528753, 46.394070688220758 ], [ 6.82902876822851, 46.386456110832256 ], [ 6.848259662318923, 46.388456248150682 ], [ 6.857895349003917, 46.385798370653518 ], [ 6.858844749576224, 46.394259362925304 ], [ 6.883859963105402, 46.376483062017222 ], [ 6.886767433085636, 46.365387412792025 ], [ 6.881795905714871, 46.356007346371882 ], [ 6.895996068071569, 46.340495608406393 ], [ 6.901263148804823, 46.338514707217286 ], [ 6.919184379160384, 46.338778434290738 ], [ 6.929524107255191, 46.330369431438051 ], [ 6.93181672502306, 46.325450034924927 ], [ 6.932035153348353, 46.324308546584362 ], [ 6.93618144693985, 46.298644036863436 ], [ 6.94948633721007, 46.29125395074167 ], [ 6.959280007397488, 46.2843512210722 ], [ 6.961719088001741, 46.279953621070824 ], [ 6.964473831161381, 46.269080337147486 ], [ 6.970459386874619, 46.263914773594827 ], [ 6.979232501073874, 46.257177032263705 ], [ 6.974620775557507, 46.253541856190601 ], [ 6.976393001292117, 46.252532612141152 ], [ 6.975501500720764, 46.249110564350246 ], [ 6.971499506792629, 46.244038438238356 ], [ 6.976024104330535, 46.242563794451591 ], [ 6.974915553076849, 46.238772025667629 ], [ 6.971984116514756, 46.237437554541394 ], [ 6.974151274245353, 46.234154054921007 ], [ 6.967597630086118, 46.230501572637579 ], [ 6.970255207779686, 46.228965374211917 ], [ 6.97027933437229, 46.224665501620763 ], [ 6.960760938012978, 46.219345040199819 ], [ 6.952574816985351, 46.207264708005937 ], [ 6.943951438594584, 46.205194142838941 ], [ 6.94325519980255, 46.199136932914641 ], [ 6.940151427745853, 46.194310510094589 ], [ 6.947682666196306, 46.179410620605161 ], [ 6.948000531235567, 46.172890085968987 ], [ 6.945105692164503, 46.172265727197811 ], [ 6.932518221827987, 46.168251733660568 ], [ 6.921467353748322, 46.15941267042043 ], [ 6.910167972959062, 46.155204166787314 ], [ 6.901196618940999, 46.153974264997473 ], [ 6.893220234510308, 46.150373585659523 ], [ 6.88384723926465, 46.140414443273293 ], [ 6.866286508804963, 46.139157088642385 ], [ 6.857483549334304, 46.141882701967347 ], [ 6.841557232286551, 46.132029922323923 ], [ 6.81932801319326, 46.13106900827929 ], [ 6.81523123502522, 46.129323415654916 ], [ 6.807956007156216, 46.136101013542991 ], [ 6.80093901039731, 46.135383508305964 ], [ 6.797889007572173, 46.136799008207639 ], [ 6.79042500330934, 46.154316006106903 ], [ 6.79231401361344, 46.163196510668492 ], [ 6.805625000679691, 46.172802005453313 ], [ 6.807330999426111, 46.177849004552492 ], [ 6.812422012607631, 46.181419510658642 ], [ 6.806975011390837, 46.196468514243406 ], [ 6.803564005923023, 46.203136506557733 ], [ 6.810092009069417, 46.213886510627304 ], [ 6.821667004047589, 46.223461012118179 ], [ 6.820745008814967, 46.229969003565294 ], [ 6.821310998547778, 46.232177510311956 ], [ 6.830511001125535, 46.234245508299857 ], [ 6.837019015244967, 46.240696013560822 ], [ 6.840118999421163, 46.2483065114901 ], [ 6.855108502654545, 46.25465000868622 ], [ 6.854517004346515, 46.258896007681741 ], [ 6.859960999202811, 46.265873008341451 ], [ 6.859064009858331, 46.273800010140832 ], [ 6.864808011333277, 46.280594006197781 ], [ 6.858923500838999, 46.290432009177692 ], [ 6.854228015184595, 46.292381508564098 ], [ 6.847147005376674, 46.28998200550447 ], [ 6.834328007277083, 46.299793004433091 ], [ 6.830533000390351, 46.299843004114926 ], [ 6.828208002533399, 46.302776504226195 ], [ 6.830028003890291, 46.30605300513124 ], [ 6.819344007685911, 46.31533800996695 ], [ 6.806631009571892, 46.320652010090932 ], [ 6.800658513845821, 46.319851012741367 ], [ 6.79646101358105, 46.3328020036788 ], [ 6.784403005581354, 46.332931508732848 ], [ 6.77931949989767, 46.344406005044299 ], [ 6.774688464869527, 46.347287718072842 ], [ 6.77044200279107, 46.355205508313453 ], [ 6.771636006199089, 46.361183005100216 ], [ 6.780803000725805, 46.366470512885435 ], [ 6.791786009784078, 46.367142005380586 ], [ 6.803819001604603, 46.376701511882501 ], [ 6.805886012828075, 46.383117505418824 ], [ 6.801793502379032, 46.386940004693237 ], [ 6.80520205528753, 46.394070688220758 ] ] ] } },
{ "type": "Feature", "properties": { "bezirk_id": "B_2309" }, "geometry": { "type": "MultiPolygon", "coordinates": [ [ [ [ 8.048967253808069, 46.454426324953964 ], [ 8.051654211251451, 46.453773149849184 ], [ 8.059320229450142, 46.456740936114919 ], [ 8.086808125076239, 46.439418422690302 ], [ 8.094192159224045, 46.431288690683935 ], [ 8.09343821451025, 46.428108478840656 ], [ 8.081589510694057, 46.417399070044354 ], [ 8.078663185323027, 46.41213933789588 ], [ 8.093641388927487, 46.404288688582 ], [ 8.089415054825631, 46.399825040781174 ], [ 8.104609702372084, 46.391726845664671 ], [ 8.105596974308735, 46.385306931145664 ], [ 8.105940635144098, 46.378360033134207 ], [ 8.10211076309651, 46.376601300300337 ], [ 8.123677544493505, 46.37793944318981 ], [ 8.130879687347379, 46.382123828120619 ], [ 8.141281462971415, 46.382329753286612 ], [ 8.14542323713637, 46.380954622890663 ], [ 8.151258167565461, 46.369942993585781 ], [ 8.154577163467536, 46.369337348630701 ], [ 8.164665900309151, 46.361851494249926 ], [ 8.175409805638475, 46.358813500434593 ], [ 8.175403150822296, 46.348737993924736 ], [ 8.172748195219205, 46.342610935072969 ], [ 8.184722729080736, 46.336802269182165 ], [ 8.195853762421498, 46.317234008441972 ], [ 8.199506595301765, 46.315698197025448 ], [ 8.198915240004279, 46.31147402462144 ], [ 8.205389510435174, 46.306022507655932 ], [ 8.198750514440157, 46.302250505117982 ], [ 8.192956009617021, 46.304233009940518 ], [ 8.178897006973756, 46.297389510270754 ], [ 8.161421501433036, 46.295884011912122 ], [ 8.147001515004966, 46.301537514656978 ], [ 8.141117000219872, 46.301929011125239 ], [ 8.130895521616097, 46.306854380546334 ], [ 8.129821699923493, 46.311223984969843 ], [ 8.125818236959693, 46.310825529551359 ], [ 8.111370360354414, 46.31509536528386 ], [ 8.103308849128446, 46.314099414878676 ], [ 8.094957923318891, 46.321371837738091 ], [ 8.096464393328926, 46.322469603206955 ], [ 8.091880720626424, 46.328946207020913 ], [ 8.082507932365028, 46.325923235166321 ], [ 8.069072687195057, 46.335282555697482 ], [ 8.042667269169234, 46.339807335795129 ], [ 8.038024354064545, 46.34280062171856 ], [ 8.027715959053113, 46.344473908131391 ], [ 8.026682292629754, 46.342581143029591 ], [ 8.025000837092023, 46.339630207337734 ], [ 8.014414012586567, 46.333387358173155 ], [ 8.01293605539529, 46.329940441983666 ], [ 8.001450904122098, 46.33570141981037 ], [ 7.996622910811136, 46.346160475534802 ], [ 7.996135736688457, 46.361995576684784 ], [ 7.999805408091928, 46.365036073147031 ], [ 8.002476696280942, 46.374672506777834 ], [ 8.002227128362096, 46.380532930711801 ], [ 8.011987658042324, 46.391761689056572 ], [ 8.030258653978196, 46.399919160061138 ], [ 8.039927284607881, 46.406823309176943 ], [ 8.054293156159323, 46.412179826256846 ], [ 8.06131675960555, 46.425824295139023 ], [ 8.068482951769882, 46.432387770877874 ], [ 8.054833204987686, 46.441541342931849 ], [ 8.047581916615563, 46.44355744389118 ], [ 8.022613694809799, 46.457441515346943 ], [ 7.991530359028999, 46.466226023814528 ], [ 8.003185809062243, 46.47532649790832 ], [ 8.021155039287843, 46.477763665868075 ], [ 8.028497528063101, 46.474010506297248 ], [ 8.034315049883528, 46.469014442504381 ], [ 8.034774678742368, 46.465818496350742 ], [ 8.041109952449949, 46.463032345009303 ], [ 8.048967253808069, 46.454426324953964 ] ] ], [ [ [ 7.932930312801758, 46.494571826352413 ], [ 7.940172243564837, 46.486084076882058 ], [ 7.940276108675913, 46.483231951784028 ], [ 7.963367005733292, 46.475283385314874 ], [ 7.965392037753442, 46.467933433060885 ], [ 7.956047230660292, 46.464153134007375 ], [ 7.942453312438094, 46.448426565498238 ], [ 7.925730091495039, 46.439773557107664 ], [ 7.906147333983504, 46.424769888206029 ], [ 7.893493708911933, 46.41902797697486 ], [ 7.888325161784425, 46.418472825554979 ], [ 7.880541951790234, 46.413078921297952 ], [ 7.861062841309953, 46.406882986502872 ], [ 7.850934353674988, 46.400290333223644 ], [ 7.848264605183306, 46.396287888926331 ], [ 7.849880895032237, 46.393385416273553 ], [ 7.85713989188054, 46.387187809582436 ], [ 7.858749262926672, 46.373391372109964 ], [ 7.854294185428274, 46.355888551075552 ], [ 7.865965487990954, 46.357214504180732 ], [ 7.865819885831494, 46.351978402585956 ], [ 7.875076282974931, 46.339360280359607 ], [ 7.879585753821487, 46.338516707986749 ], [ 7.880288590689581, 46.317895674974345 ], [ 7.877292562023712, 46.314126632849785 ], [ 7.859380637544944, 46.312208903294589 ], [ 7.842596363436266, 46.307124374832767 ], [ 7.84068082067417, 46.302606326238617 ], [ 7.835537847192903, 46.291496722739929 ], [ 7.82995696692308, 46.291381189130568 ], [ 7.836346645283556, 46.286744140914479 ], [ 7.833772614894999, 46.284288312892521 ], [ 7.835062503434827, 46.283240304028602 ], [ 7.832659281639256, 46.282843876124531 ], [ 7.833997970830601, 46.279582760208712 ], [ 7.837738925277463, 46.276646035670417 ], [ 7.84680734098726, 46.274922537484734 ], [ 7.84801188946004, 46.271211948987194 ], [ 7.849954929750908, 46.267408711549628 ], [ 7.837036094220355, 46.260366240468805 ], [ 7.829868107080921, 46.259131818625164 ], [ 7.811523439457039, 46.244935479336313 ], [ 7.802569956242596, 46.245810193211092 ], [ 7.791946440739674, 46.243127121407888 ], [ 7.793981821522896, 46.235141574338165 ], [ 7.788101110858957, 46.233846498825997 ], [ 7.786765194163988, 46.22357753785375 ], [ 7.78283600887293, 46.221187700090368 ], [ 7.771550378160464, 46.219485270219032 ], [ 7.762455014115901, 46.222057413822228 ], [ 7.754373828670425, 46.229816502673074 ], [ 7.742587527416321, 46.231467953369723 ], [ 7.740160558027681, 46.233273570460128 ], [ 7.740440905519526, 46.237086987057133 ], [ 7.744698068941863, 46.237984132425744 ], [ 7.751056626409562, 46.245855987467472 ], [ 7.746430561708605, 46.255538995927893 ], [ 7.739573522833504, 46.260810879823055 ], [ 7.735217024448757, 46.272966520800885 ], [ 7.738627562180779, 46.275107517817396 ], [ 7.743801073839157, 46.286221374696801 ], [ 7.745945554203275, 46.286845282959852 ], [ 7.744341465511678, 46.301602543275258 ], [ 7.744753874746659, 46.30570346534072 ], [ 7.743832815602226, 46.322024127960432 ], [ 7.751416665924655, 46.33126904828822 ], [ 7.750935387453544, 46.337927188402411 ], [ 7.757406766352363, 46.356260430251758 ], [ 7.755336324959671, 46.362158406423191 ], [ 7.755865087714568, 46.365935124883919 ], [ 7.734713409133843, 46.364193085410932 ], [ 7.729252127026959, 46.368363194851639 ], [ 7.719110652861048, 46.362298602164891 ], [ 7.715006975244613, 46.362758441829428 ], [ 7.712387111536107, 46.361145561034661 ], [ 7.70588539186755, 46.368069719362957 ], [ 7.705055317322618, 46.373711958584003 ], [ 7.708163971354763, 46.37684412182923 ], [ 7.702771085922827, 46.382398118317631 ], [ 7.701649954940284, 46.387105456575703 ], [ 7.697820695326283, 46.385557997983419 ], [ 7.692629645811766, 46.387413825105902 ], [ 7.6888776685659, 46.391317269350395 ], [ 7.696829818398551, 46.395905278437525 ], [ 7.706875732992121, 46.408197108979998 ], [ 7.705080231322058, 46.415991585116721 ], [ 7.712379380548596, 46.413896251838771 ], [ 7.724071606599266, 46.421288947654624 ], [ 7.736470375045935, 46.424081800540336 ], [ 7.744234598084612, 46.428379133722693 ], [ 7.768073215918144, 46.439953009536886 ], [ 7.778231691178634, 46.443449445105252 ], [ 7.780165739114792, 46.446808047178109 ], [ 7.797522748541054, 46.458071203870894 ], [ 7.824137063133117, 46.46654803624704 ], [ 7.827457337132032, 46.47025196863833 ], [ 7.84341109821398, 46.477860675636947 ], [ 7.87664723788185, 46.47850217743941 ], [ 7.890907713577284, 46.483394028688302 ], [ 7.895365786781915, 46.482350696105911 ], [ 7.905212755615534, 46.48559417996649 ], [ 7.90583908663065, 46.487246830355296 ], [ 7.911123363948183, 46.486856173558941 ], [ 7.91528951445801, 46.491138769703348 ], [ 7.92326544561114, 46.491671797954204 ], [ 7.923517572242663, 46.495107111260999 ], [ 7.932767956932016, 46.498197833401207 ], [ 7.932930312801758, 46.494571826352413 ] ] ] ] } },
{ "type": "Feature", "properties": { "bezirk_id": "B_2310" }, "geometry": { "type": "Polygon", "coordinates": [ [ [ 7.022860260633772, 46.199503799694007 ], [ 7.033162367307845, 46.18696536135436 ], [ 7.071329546479007, 46.201021445369875 ], [ 7.075355660040294, 46.199532203596071 ], [ 7.084006884107081, 46.185715663065096 ], [ 7.083745646888163, 46.176143448414209 ], [ 7.08016871149731, 46.17069873085557 ], [ 7.082367069021226, 46.163230316484182 ], [ 7.088418104231997, 46.158418645247899 ], [ 7.072256807958785, 46.14199508636036 ], [ 7.073724555488712, 46.125771711391494 ], [ 7.068546355629699, 46.120546313149624 ], [ 7.064556674270407, 46.126964997794978 ], [ 7.051475519578137, 46.138030366602401 ], [ 7.04962979352773, 46.133751060543389 ], [ 7.042536949183193, 46.130487871215898 ], [ 7.032014328504169, 46.108473929664456 ], [ 7.028454258111674, 46.107210604282287 ], [ 7.01984460251406, 46.103364711361181 ], [ 7.019088049986172, 46.100852103175335 ], [ 7.016420413403641, 46.103001075873721 ], [ 7.009327352499604, 46.09724398431166 ], [ 7.003672374413193, 46.096160763185956 ], [ 7.002524315041216, 46.094204257762293 ], [ 6.999931733221892, 46.095021773118113 ], [ 6.991889968141025, 46.083898456765624 ], [ 6.991012108579405, 46.083751034343265 ], [ 6.980092090155565, 46.078705435953907 ], [ 6.974755780256853, 46.078440660168596 ], [ 6.966581559105579, 46.071542938274071 ], [ 6.963938060552497, 46.063435707344318 ], [ 6.958825434910301, 46.057027077441383 ], [ 6.949742008759966, 46.051731010493128 ], [ 6.943008004735282, 46.050956513188105 ], [ 6.935878014974571, 46.05513400688519 ], [ 6.937628006333638, 46.064037513288469 ], [ 6.933153009850371, 46.066723009681624 ], [ 6.928431012224561, 46.064171010299852 ], [ 6.923767006609271, 46.064724007438578 ], [ 6.908989001657996, 46.050640505056613 ], [ 6.89467800640223, 46.048091510699649 ], [ 6.890639010285728, 46.042461506320123 ], [ 6.882989006439638, 46.04447950657309 ], [ 6.875638501343909, 46.047695011032928 ], [ 6.873081010322664, 46.055568506669964 ], [ 6.880819013126742, 46.069454009709624 ], [ 6.89147868137241, 46.073883235388266 ], [ 6.888369001292644, 46.078670509460423 ], [ 6.891780999582123, 46.085045010887825 ], [ 6.882955510241064, 46.095207009432727 ], [ 6.895308012224268, 46.108223010312422 ], [ 6.893258002697041, 46.112938010368318 ], [ 6.899473919256144, 46.124055106909715 ], [ 6.890419007906904, 46.125381509807234 ], [ 6.882292003826414, 46.122928505743715 ], [ 6.876219007850195, 46.125782007778362 ], [ 6.851372008576659, 46.126552504275885 ], [ 6.843122003590279, 46.128963510442318 ], [ 6.841557232286551, 46.132029922323923 ], [ 6.857483549334304, 46.141882701967347 ], [ 6.866286508804963, 46.139157088642385 ], [ 6.88384723926465, 46.140414443273293 ], [ 6.893220234510308, 46.150373585659523 ], [ 6.901196618940999, 46.153974264997473 ], [ 6.910167972959062, 46.155204166787314 ], [ 6.921467353748322, 46.15941267042043 ], [ 6.932518221827987, 46.168251733660568 ], [ 6.945105692164503, 46.172265727197811 ], [ 6.948000531235567, 46.172890085968987 ], [ 6.947682666196306, 46.179410620605161 ], [ 6.940151427745853, 46.194310510094589 ], [ 6.94325519980255, 46.199136932914641 ], [ 6.943951438594584, 46.205194142838941 ], [ 6.952574816985351, 46.207264708005937 ], [ 6.960760938012978, 46.219345040199819 ], [ 6.97027933437229, 46.224665501620763 ], [ 6.970255207779686, 46.228965374211917 ], [ 6.967597630086118, 46.230501572637579 ], [ 6.974151274245353, 46.234154054921007 ], [ 6.971984116514756, 46.237437554541394 ], [ 6.974915553076849, 46.238772025667629 ], [ 6.976024104330535, 46.242563794451591 ], [ 6.971499506792629, 46.244038438238356 ], [ 6.975501500720764, 46.249110564350246 ], [ 6.976393001292117, 46.252532612141152 ], [ 6.974620775557507, 46.253541856190601 ], [ 6.979232501073874, 46.257177032263705 ], [ 6.986925723945905, 46.252170481159787 ], [ 6.989060818328954, 46.244892451869006 ], [ 7.002402629484979, 46.230371756775398 ], [ 7.003254867556756, 46.225931157383904 ], [ 7.0045536559469, 46.2223558642713 ], [ 7.00962277428536, 46.220513158056619 ], [ 7.013227375752459, 46.205405009025654 ], [ 7.022860260633772, 46.199503799694007 ] ] ] } },
{ "type": "Feature", "properties": { "bezirk_id": "B_2311" }, "geometry": { "type": "Polygon", "coordinates": [ [ [ 7.563232915292236, 46.3826183815736 ], [ 7.568222217170127, 46.381722257324419 ], [ 7.571594588091165, 46.38411121731918 ], [ 7.580174163603152, 46.384235828836772 ], [ 7.579124074351729, 46.380279045388811 ], [ 7.571184525640412, 46.375826710967218 ], [ 7.572080443786446, 46.370149418121734 ], [ 7.561248849055402, 46.367327946859085 ], [ 7.559052910718099, 46.355608970423873 ], [ 7.561833038081931, 46.355534037586942 ], [ 7.562736721609701, 46.352996288615145 ], [ 7.573010646625311, 46.352067091398233 ], [ 7.574119723798166, 46.348765672073604 ], [ 7.570672853072796, 46.345586553696371 ], [ 7.575480333415496, 46.342231920497227 ], [ 7.570233538211538, 46.334640877817797 ], [ 7.57060680312382, 46.33076665532051 ], [ 7.560995010496515, 46.328993574543354 ], [ 7.557429509412581, 46.323955336245938 ], [ 7.550051574480944, 46.324745096574667 ], [ 7.557379048985463, 46.320662684023489 ], [ 7.558847180821818, 46.309281671589943 ], [ 7.559205694717253, 46.30703238531931 ], [ 7.560981897609257, 46.306085951762654 ], [ 7.56047861069614, 46.295741516607102 ], [ 7.566476300381408, 46.296589530909415 ], [ 7.568475284393109, 46.29127984880801 ], [ 7.5726026880673, 46.291616903038729 ], [ 7.580672419380665, 46.275927740043002 ], [ 7.58842158471087, 46.2774920386912 ], [ 7.595921228625095, 46.277850737534891 ], [ 7.616163476307892, 46.262996127985609 ], [ 7.618101309532014, 46.256714132704623 ], [ 7.623079102429057, 46.25225332234028 ], [ 7.642798509227051, 46.247721763523572 ], [ 7.643239122045075, 46.244194681459199 ], [ 7.653669270296675, 46.239110856823551 ], [ 7.660740797263821, 46.22783469954431 ], [ 7.661876896261364, 46.220384085870904 ], [ 7.66019397294366, 46.217643718766482 ], [ 7.662077421823708, 46.19652729199607 ], [ 7.658463728924619, 46.193430868255703 ], [ 7.656604011103659, 46.181830117138652 ], [ 7.662064802491984, 46.17759154663667 ], [ 7.660237875118903, 46.174140819858074 ], [ 7.669735993676341, 46.169588059628531 ], [ 7.672698000413509, 46.165857796908149 ], [ 7.671524673950912, 46.157872118020883 ], [ 7.662558525667414, 46.151920358491388 ], [ 7.670642030452016, 46.143346455350624 ], [ 7.673880962825506, 46.133866998526315 ], [ 7.68475329849694, 46.12599073286416 ], [ 7.69015211629283, 46.118404579297447 ], [ 7.702685367491993, 46.115452457142439 ], [ 7.711094611915058, 46.110574897409016 ], [ 7.715949374195804, 46.101279654119857 ], [ 7.706472442721306, 46.091092521031101 ], [ 7.700111891521712, 46.077677033934449 ], [ 7.690344340263769, 46.070205908905798 ], [ 7.689906876273161, 46.064998461635689 ], [ 7.684659127546785, 46.059009980484959 ], [ 7.684500117388458, 46.055250193278269 ], [ 7.676099701214067, 46.048818360490237 ], [ 7.677917533309909, 46.042040899221384 ], [ 7.663946793788885, 46.037203041176411 ], [ 7.652185650938987, 46.035327819835459 ], [ 7.649683007098929, 46.0327598060097 ], [ 7.640153229297689, 46.029700733346509 ], [ 7.634885005432043, 46.029952877654409 ], [ 7.630936939118213, 46.027350967683496 ], [ 7.620115680190425, 46.035356843681846 ], [ 7.611803282583502, 46.034354594048381 ], [ 7.606059388474576, 46.046802792335619 ], [ 7.611514567019104, 46.052029976405592 ], [ 7.60892559898554, 46.054579628945184 ], [ 7.600442290036309, 46.056409161442737 ], [ 7.597523280113687, 46.061252877970709 ], [ 7.591789382947312, 46.062493159572178 ], [ 7.58606749006884, 46.073115455299174 ], [ 7.581053345022983, 46.073373739743253 ], [ 7.572884034715566, 46.078331240012247 ], [ 7.576828354864118, 46.084218570729796 ], [ 7.572332574872106, 46.090745715767383 ], [ 7.564021333532435, 46.097321939857487 ], [ 7.561332195448821, 46.097504788321487 ], [ 7.557790926131803, 46.104255210250159 ], [ 7.549483854958019, 46.108374578625451 ], [ 7.544755626193028, 46.117824408990863 ], [ 7.525902393864597, 46.138287307173293 ], [ 7.515131082351345, 46.143980230309559 ], [ 7.521866236241208, 46.14764570548499 ], [ 7.517342060413358, 46.151624954085989 ], [ 7.520522610120396, 46.157964590029302 ], [ 7.515848150072452, 46.166243771121728 ], [ 7.519999961636065, 46.172213948943465 ], [ 7.523260444136055, 46.187450090275767 ], [ 7.534023261375509, 46.194790991955145 ], [ 7.528852428143161, 46.201272024488084 ], [ 7.532906520694722, 46.208312295613595 ], [ 7.531345039477785, 46.21155860169975 ], [ 7.510453452173874, 46.202521777507457 ], [ 7.492806544883323, 46.215659338640364 ], [ 7.48627540349944, 46.224173455938157 ], [ 7.475104008357522, 46.225212016259619 ], [ 7.464218533996602, 46.228903110791492 ], [ 7.457894697594806, 46.233375125989781 ], [ 7.457675730365282, 46.237585102161411 ], [ 7.452258303100894, 46.243828788103663 ], [ 7.425395517379195, 46.238593170441327 ], [ 7.422257211872438, 46.241732198103733 ], [ 7.416352856818438, 46.254289003257618 ], [ 7.411085261011401, 46.259370316695502 ], [ 7.423376891503458, 46.269474816211734 ], [ 7.423530406717391, 46.276734297258926 ], [ 7.430793377846523, 46.289149042920016 ], [ 7.430896059507391, 46.296210610252132 ], [ 7.446238078419348, 46.314426876472403 ], [ 7.450134863963811, 46.32540123884727 ], [ 7.441695410502239, 46.342403440831923 ], [ 7.422077204983899, 46.357991527455049 ], [ 7.435446106497697, 46.364253759612964 ], [ 7.442905103708273, 46.370586706573114 ], [ 7.462127955091109, 46.376233763378508 ], [ 7.463805354256493, 46.378005555390821 ], [ 7.469992235049336, 46.378228953651075 ], [ 7.473647926819808, 46.383661271637699 ], [ 7.479394564060931, 46.385287605972501 ], [ 7.483525269599809, 46.381561889032824 ], [ 7.486895364404346, 46.370729795585461 ], [ 7.494499033312183, 46.371931777656975 ], [ 7.499331279244852, 46.369896319156517 ], [ 7.5022948630433, 46.370434454482272 ], [ 7.507252916349953, 46.375837973630119 ], [ 7.526278174733223, 46.374484659235051 ], [ 7.538435339863881, 46.377443259791001 ], [ 7.540682682332817, 46.383783197838561 ], [ 7.555382393104201, 46.388977597916472 ], [ 7.563232915292236, 46.3826183815736 ] ] ] } },
{ "type": "Feature", "properties": { "bezirk_id": "B_2312" }, "geometry": { "type": "Polygon", "coordinates": [ [ [ 7.312806603828645, 46.370335899155897 ], [ 7.308055792462628, 46.35195239277926 ], [ 7.315284406063507, 46.343864486145243 ], [ 7.337451930018175, 46.346567352674612 ], [ 7.347836863327489, 46.350687247768583 ], [ 7.353540624607621, 46.350196966016398 ], [ 7.359070095886336, 46.353286533956762 ], [ 7.361648603218655, 46.348970435698639 ], [ 7.357721360526165, 46.343093518168416 ], [ 7.359154123317558, 46.340413847551254 ], [ 7.367183785005796, 46.33828730352586 ], [ 7.376919383259792, 46.331636347287109 ], [ 7.383297438369996, 46.329912538275011 ], [ 7.385520257366994, 46.314621060146834 ], [ 7.396652499813876, 46.306421823752309 ], [ 7.39379997301769, 46.302705514040255 ], [ 7.388518197875485, 46.301821682577547 ], [ 7.394727075687068, 46.280234831273461 ], [ 7.398456984566185, 46.277218580151469 ], [ 7.391486962284794, 46.27207743502133 ], [ 7.391210231817098, 46.266650004705362 ], [ 7.395960128859985, 46.263413517031672 ], [ 7.394528321824133, 46.253922587654287 ], [ 7.400896973382659, 46.251819974508471 ], [ 7.41113899978902, 46.255808069404779 ], [ 7.416352856818438, 46.254289003257618 ], [ 7.422257211872438, 46.241732198103733 ], [ 7.425395517379195, 46.238593170441327 ], [ 7.415027857553047, 46.230612296673002 ], [ 7.408849411895968, 46.222622695093499 ], [ 7.405619896891339, 46.226480881333977 ], [ 7.403353311700094, 46.224042370573983 ], [ 7.390472863628203, 46.221383804961576 ], [ 7.379099286849407, 46.216628613406243 ], [ 7.380578555584874, 46.20286614044285 ], [ 7.375865904020005, 46.189082342421749 ], [ 7.368070208493203, 46.17801310980623 ], [ 7.354361924479369, 46.191110155636061 ], [ 7.347544895259545, 46.193398678666085 ], [ 7.340135638578055, 46.193374404244672 ], [ 7.338066046078813, 46.191798334268086 ], [ 7.329515482113152, 46.192599924819376 ], [ 7.330645601252268, 46.197476631291224 ], [ 7.336405223718834, 46.200135741095828 ], [ 7.334807996310454, 46.202095309627516 ], [ 7.341837837893189, 46.2048452696623 ], [ 7.337304472105575, 46.211075202730143 ], [ 7.318244800653204, 46.204876356619017 ], [ 7.314682815870031, 46.2101169075504 ], [ 7.31246741583621, 46.209988497226789 ], [ 7.305358109118016, 46.218777972405086 ], [ 7.313313137404977, 46.225236995331365 ], [ 7.311948157966036, 46.232503913577752 ], [ 7.309567554326604, 46.246885185511516 ], [ 7.312145587225035, 46.253364966343867 ], [ 7.316287871821541, 46.256607983457727 ], [ 7.322220702884644, 46.271726940397052 ], [ 7.329987199359519, 46.280010707506278 ], [ 7.330347498336165, 46.294403155696131 ], [ 7.325716525126843, 46.299661930120195 ], [ 7.317652940895476, 46.301371691126846 ], [ 7.301921601336812, 46.311896523772958 ], [ 7.287970081275208, 46.310574321353464 ], [ 7.274592454691886, 46.312849492172695 ], [ 7.224716510451152, 46.309500345128988 ], [ 7.218308196925111, 46.314813421819103 ], [ 7.212862868892772, 46.316187973155778 ], [ 7.200557128644662, 46.312825255622975 ], [ 7.221457014093223, 46.329212587588408 ], [ 7.233608809456014, 46.326545654719027 ], [ 7.25330651565087, 46.330537875961483 ], [ 7.262099074882164, 46.338180314141525 ], [ 7.260169447297069, 46.344357282476018 ], [ 7.262319382143872, 46.358222963336331 ], [ 7.290592949670963, 46.367142391500174 ], [ 7.29488489014608, 46.365771623040139 ], [ 7.299053844250379, 46.366649449760203 ], [ 7.310404013924744, 46.375127859684035 ], [ 7.312806603828645, 46.370335899155897 ] ] ] } },
{ "type": "Feature", "properties": { "bezirk_id": "B_2313" }, "geometry": { "type": "MultiPolygon", "coordinates": [ [ [ [ 7.878756842514997, 46.305082667249572 ], [ 7.885665641558064, 46.302329915936362 ], [ 7.904584905123416, 46.303279240580444 ], [ 7.910242935712213, 46.303147890121004 ], [ 7.911648852771832, 46.299138907480689 ], [ 7.913972378794676, 46.297689860349465 ], [ 7.925665389481988, 46.299079538690194 ], [ 7.925647801737091, 46.289858926632149 ], [ 7.930360439502993, 46.2829118110118 ], [ 7.93713305998986, 46.28571588891333 ], [ 7.94531052421217, 46.28323275283104 ], [ 7.942536215661147, 46.280681323490825 ], [ 7.943116820654721, 46.277530208599892 ], [ 7.953862471397265, 46.261442315572722 ], [ 7.954854076866368, 46.264802230965891 ], [ 7.958368873178808, 46.264777158101474 ], [ 7.96136290238459, 46.268604588828019 ], [ 7.978143426804682, 46.264207891181833 ], [ 7.981273941996462, 46.26597410591507 ], [ 7.982872002005673, 46.261045718187397 ], [ 7.980977005872259, 46.255693299118228 ], [ 7.984644393267225, 46.24895578868577 ], [ 7.979935359598861, 46.242222543586607 ], [ 7.979204798094915, 46.236540678351957 ], [ 7.981586180294403, 46.232238273543516 ], [ 7.979938915484821, 46.229529428896598 ], [ 7.98267870248247, 46.220916290429692 ], [ 7.981961960194583, 46.211420158637843 ], [ 7.990411470288818, 46.203831770534201 ], [ 7.994702597191836, 46.20282121436086 ], [ 7.990329554646323, 46.195735941047779 ], [ 7.994138256210326, 46.185579018893236 ], [ 7.996254040861976, 46.183499567793447 ], [ 7.995564442280922, 46.17938288814112 ], [ 7.995922855290687, 46.172634269796852 ], [ 8.003424256598258, 46.168027166708001 ], [ 8.010455626769312, 46.168465776993116 ], [ 8.010816645887326, 46.166384354140689 ], [ 8.005083629342927, 46.16394673125712 ], [ 8.002808725514944, 46.157334233532637 ], [ 8.005628874799291, 46.153415941092995 ], [ 8.007300544038154, 46.139931838695944 ], [ 8.012484988221647, 46.134544126849079 ], [ 8.011739822138233, 46.127657135859828 ], [ 8.016079538104385, 46.12572792197993 ], [ 8.018716167192791, 46.115738079961751 ], [ 8.034347558920674, 46.100840614976526 ], [ 8.033901501981218, 46.095251008392395 ], [ 8.029584015989258, 46.089600511289056 ], [ 8.029099010762369, 46.080921512973653 ], [ 8.02253101210985, 46.07470850902893 ], [ 8.021662016022454, 46.069366005270943 ], [ 8.024564010549437, 46.067544509687259 ], [ 8.023873508875146, 46.062984010342419 ], [ 8.035414513089965, 46.044045011906427 ], [ 8.022052516529353, 46.038965506377991 ], [ 8.011891506037461, 46.031210011599477 ], [ 8.017501006590573, 46.02470451340416 ], [ 8.010758507783041, 46.018853512377518 ], [ 8.013247509946058, 46.015863510640557 ], [ 8.012413014883068, 46.011970007391454 ], [ 8.001084007339493, 46.012211013145887 ], [ 7.99393700703107, 45.999873507642612 ], [ 7.98909451324088, 45.995933512651284 ], [ 7.977114011608337, 45.999453508195124 ], [ 7.957335011711287, 45.996073010806839 ], [ 7.949491508667161, 45.997606514186337 ], [ 7.932633514786411, 45.995978503492182 ], [ 7.90868957770441, 45.996967335140035 ], [ 7.893849012776028, 45.978635008828554 ], [ 7.877425000217978, 45.973860008171293 ], [ 7.881811501958143, 45.964009007609363 ], [ 7.874891512255277, 45.957932009509356 ], [ 7.878907002000358, 45.954369513561588 ], [ 7.877206505244355, 45.949113507351768 ], [ 7.870374512374703, 45.947363504449839 ], [ 7.868500005153775, 45.936341506781282 ], [ 7.877024301093054, 45.92709167974099 ], [ 7.873073510577552, 45.920466008036534 ], [ 7.866338503772803, 45.919572507561568 ], [ 7.863576346716664, 45.91669949141744 ], [ 7.858500503480124, 45.920869512235448 ], [ 7.836720515002843, 45.921724507132581 ], [ 7.831447015690592, 45.924964013037787 ], [ 7.820390501832919, 45.926960005648553 ], [ 7.799501882985695, 45.9173908786128 ], [ 7.793984004188178, 45.920000506836928 ], [ 7.790813007859659, 45.924949009762692 ], [ 7.776560502757886, 45.931066506064838 ], [ 7.769268006135151, 45.937117509159911 ], [ 7.747751511905766, 45.94100851068854 ], [ 7.745829004620041, 45.93487801314334 ], [ 7.736871009807017, 45.928299006164863 ], [ 7.735097506901259, 45.923990507220267 ], [ 7.720480506405295, 45.923790005917049 ], [ 7.716333506903856, 45.927734510263093 ], [ 7.712673508906152, 45.928228005889231 ], [ 7.711274006387626, 45.932909014404778 ], [ 7.707370511585628, 45.934775513262764 ], [ 7.709770006623067, 45.94815551244411 ], [ 7.69969151357198, 45.95402550370725 ], [ 7.68761850124874, 45.954907510159892 ], [ 7.679630014838088, 45.957772012909096 ], [ 7.676995009345061, 45.965047508225432 ], [ 7.668173507777444, 45.973985505432168 ], [ 7.657467002676902, 45.976632007702129 ], [ 7.639500514978971, 45.970111506486816 ], [ 7.619635010895338, 45.97236850315543 ], [ 7.610003297355688, 45.969390918781855 ], [ 7.588791003523155, 45.970516505535542 ], [ 7.581727509712945, 45.974389012823586 ], [ 7.578607515067467, 45.986012511648802 ], [ 7.574703008263695, 45.987574010633814 ], [ 7.587459683294766, 45.995464615049926 ], [ 7.589250742537258, 45.999105402697211 ], [ 7.601998595691456, 46.001921284947969 ], [ 7.601766397325052, 46.010665208406586 ], [ 7.611803282583502, 46.034354594048381 ], [ 7.620115680190425, 46.035356843681846 ], [ 7.630936939118213, 46.027350967683496 ], [ 7.634885005432043, 46.029952877654409 ], [ 7.640153229297689, 46.029700733346509 ], [ 7.649683007098929, 46.0327598060097 ], [ 7.652185650938987, 46.035327819835459 ], [ 7.663946793788885, 46.037203041176411 ], [ 7.677917533309909, 46.042040899221384 ], [ 7.676099701214067, 46.048818360490237 ], [ 7.684500117388458, 46.055250193278269 ], [ 7.684659127546785, 46.059009980484959 ], [ 7.689906876273161, 46.064998461635689 ], [ 7.690344340263769, 46.070205908905798 ], [ 7.700111891521712, 46.077677033934449 ], [ 7.706472442721306, 46.091092521031101 ], [ 7.715949374195804, 46.101279654119857 ], [ 7.711094611915058, 46.110574897409016 ], [ 7.715000688968268, 46.118274641383834 ], [ 7.741173078050929, 46.121293149520604 ], [ 7.745843311351051, 46.125940284766799 ], [ 7.73623162491307, 46.133216446922191 ], [ 7.738142361864907, 46.139526325903354 ], [ 7.732824075383556, 46.141987088297363 ], [ 7.737462732153026, 46.150133959856575 ], [ 7.733793063127437, 46.156071707892721 ], [ 7.738670740134435, 46.165063506978392 ], [ 7.736963414240656, 46.170105575052595 ], [ 7.739888695285024, 46.172283767205656 ], [ 7.73236350398674, 46.179104244741254 ], [ 7.732597300873625, 46.181640408121396 ], [ 7.736850920643112, 46.196939872630111 ], [ 7.748432316619573, 46.199274639080471 ], [ 7.753771847500877, 46.204135552581853 ], [ 7.75442546351089, 46.205141245837837 ], [ 7.753244563600534, 46.213807355504819 ], [ 7.762455014115901, 46.222057413822228 ], [ 7.771550378160464, 46.219485270219032 ], [ 7.78283600887293, 46.221187700090368 ], [ 7.786765194163988, 46.22357753785375 ], [ 7.788101110858957, 46.233846498825997 ], [ 7.793981821522896, 46.235141574338165 ], [ 7.791946440739674, 46.243127121407888 ], [ 7.802569956242596, 46.245810193211092 ], [ 7.811523439457039, 46.244935479336313 ], [ 7.829868107080921, 46.259131818625164 ], [ 7.837036094220355, 46.260366240468805 ], [ 7.849954929750908, 46.267408711549628 ], [ 7.84801188946004, 46.271211948987194 ], [ 7.84680734098726, 46.274922537484734 ], [ 7.837738925277463, 46.276646035670417 ], [ 7.833997970830601, 46.279582760208712 ], [ 7.832659281639256, 46.282843876124531 ], [ 7.835062503434827, 46.283240304028602 ], [ 7.833772614894999, 46.284288312892521 ], [ 7.836346645283556, 46.286744140914479 ], [ 7.82995696692308, 46.291381189130568 ], [ 7.835537847192903, 46.291496722739929 ], [ 7.84068082067417, 46.302606326238617 ], [ 7.842596363436266, 46.307124374832767 ], [ 7.859380637544944, 46.312208903294589 ], [ 7.877292562023712, 46.314126632849785 ], [ 7.880288590689581, 46.317895674974345 ], [ 7.878933713404201, 46.314113727190922 ], [ 7.870922913816091, 46.310753151059757 ], [ 7.867772139793523, 46.30628523369645 ], [ 7.878756842514997, 46.305082667249572 ] ] ], [ [ [ 7.885414373661067, 46.339726320873403 ], [ 7.879585753821487, 46.338516707986749 ], [ 7.875076280391778, 46.339360282168698 ], [ 7.865819885831494, 46.351978402585956 ], [ 7.865965487990954, 46.357214504180732 ], [ 7.854294185428274, 46.355888551075552 ], [ 7.858749262926672, 46.373391372109964 ], [ 7.85713989188054, 46.387187809582436 ], [ 7.849880895032237, 46.393385416273553 ], [ 7.848264605183306, 46.396287888926331 ], [ 7.850934353674988, 46.400290333223644 ], [ 7.861062841309953, 46.406882986502872 ], [ 7.880541951790234, 46.413078921297952 ], [ 7.888325161784425, 46.418472825554979 ], [ 7.893493708911933, 46.41902797697486 ], [ 7.90861356794536, 46.41211163632029 ], [ 7.910815791113062, 46.399130573823648 ], [ 7.907363744533241, 46.386334874957555 ], [ 7.912626338341182, 46.384585831124099 ], [ 7.913679684949718, 46.381657795233814 ], [ 7.909634184646197, 46.367812141961771 ], [ 7.898221765730874, 46.364422545872117 ], [ 7.89800338105007, 46.358567176232881 ], [ 7.900254624325307, 46.355913279388567 ], [ 7.898371620017148, 46.352943321222725 ], [ 7.884356481390222, 46.348528347333506 ], [ 7.885414373661067, 46.339726320873403 ] ] ] ] } },
{ "type": "Feature", "properties": { "bezirk_id": "B_2400" }, "geometry": { "type": "Polygon", "coordinates": [ [ [ 6.870808080715478, 47.102113008569617 ], [ 6.866892902831744, 47.085119684153433 ], [ 6.918124800061988, 47.105072156827489 ], [ 6.929751963871421, 47.112581289981293 ], [ 6.936389665094471, 47.108697710055544 ], [ 6.93930541556198, 47.109672922100671 ], [ 6.947634499331167, 47.112290487534644 ], [ 6.984131475160239, 47.116974523600767 ], [ 6.996515041762577, 47.11891191621546 ], [ 7.007739230966695, 47.124189755249652 ], [ 7.025609875937593, 47.124165599427897 ], [ 7.030067205860121, 47.12723087385163 ], [ 7.037808522185394, 47.126574592215825 ], [ 7.040237670723736, 47.12425336497175 ], [ 7.023435870858314, 47.112239374055704 ], [ 7.028731924640002, 47.103740165060309 ], [ 7.040614910297323, 47.109008169264605 ], [ 7.057216069206759, 47.099700846467755 ], [ 7.075720725778423, 47.096270918187003 ], [ 7.084099467231419, 47.088120699584927 ], [ 7.087079098959799, 47.081626483919294 ], [ 7.077043515184461, 47.075991311394873 ], [ 7.080578595817676, 47.073079032988282 ], [ 7.080355092017733, 47.06714159489028 ], [ 7.088508357284359, 47.058883474794015 ], [ 7.081860634591193, 47.058475599815999 ], [ 7.074382786394929, 47.054898429932692 ], [ 7.074002733831541, 47.052729402115418 ], [ 7.077105706037732, 47.051237068210874 ], [ 7.065845360200949, 47.044814407215405 ], [ 7.053577986848349, 47.043397524554159 ], [ 7.03712970011063, 47.034588716270186 ], [ 7.033370034199598, 47.030698548583587 ], [ 7.033290155385147, 47.023879931433264 ], [ 7.033816412789883, 47.020391668148676 ], [ 7.031534064214889, 47.012647709240802 ], [ 7.025581569816705, 47.005750546474445 ], [ 7.021201272365968, 47.001996117758011 ], [ 7.019152446068728, 47.005046992636636 ], [ 7.005968894735696, 47.002749067469672 ], [ 6.996744105502851, 47.005232457720979 ], [ 6.993559280689812, 47.0087102548516 ], [ 6.981183891101323, 47.00880535331342 ], [ 6.976509937135891, 47.0079230229789 ], [ 6.970617444003577, 47.003545367868092 ], [ 6.959991188830923, 47.000793821662015 ], [ 6.954912138560484, 46.995384289866927 ], [ 6.949114110182156, 46.995395600922201 ], [ 6.945552810021152, 46.992366883853279 ], [ 6.93529452723114, 46.991395680889205 ], [ 6.930761118374964, 46.988407191025601 ], [ 6.926155470012196, 46.988899377265021 ], [ 6.908168614343761, 46.978643652274805 ], [ 6.895646031045362, 46.977064662515623 ], [ 6.88752834250619, 46.975343697382804 ], [ 6.87591669713713, 46.969745999616372 ], [ 6.874445827022964, 46.955930834245613 ], [ 6.87126909711349, 46.94575929631263 ], [ 6.860156254409897, 46.940936013647516 ], [ 6.846525478749429, 46.938347482217736 ], [ 6.840167283755329, 46.932611243193428 ], [ 6.837606147957465, 46.925617316750142 ], [ 6.831355886505602, 46.926798658177937 ], [ 6.826147327374978, 46.922974762307447 ], [ 6.806339137624064, 46.915913332398134 ], [ 6.78075019928721, 46.893639775903672 ], [ 6.770847114549458, 46.890118999510527 ], [ 6.765120552844775, 46.884283208833047 ], [ 6.756682546648414, 46.868922579588251 ], [ 6.753722749897034, 46.870623026493703 ], [ 6.739918583394414, 46.872023657828173 ], [ 6.732556149492657, 46.868308135193828 ], [ 6.739481518306171, 46.879397407590353 ], [ 6.740163597340157, 46.884448131168767 ], [ 6.738010504195939, 46.884551884844335 ], [ 6.740081232041458, 46.894810582460487 ], [ 6.721029465198858, 46.905406265768782 ], [ 6.716741595063074, 46.906071914919309 ], [ 6.717449679871633, 46.915890601213427 ], [ 6.723456219389864, 46.931121901820916 ], [ 6.721116806260693, 46.932249678546839 ], [ 6.720867720407467, 46.936143198646285 ], [ 6.668418371598838, 46.920311351867198 ], [ 6.647200145531669, 46.910612970527019 ], [ 6.645519320928303, 46.90621141658378 ], [ 6.630237340587009, 46.891630191363141 ], [ 6.627079629305859, 46.888711171313119 ], [ 6.614636894921947, 46.888936942578461 ], [ 6.606364442258396, 46.886771958236473 ], [ 6.597768039965159, 46.883551478230714 ], [ 6.587262127240887, 46.884157333511915 ], [ 6.562748227826432, 46.875596861202773 ], [ 6.537770609036716, 46.866991421185574 ], [ 6.527523831119595, 46.858651880815536 ], [ 6.482127461398263, 46.846531848881618 ], [ 6.466475784373374, 46.847785016984929 ], [ 6.465372420830167, 46.850789279722292 ], [ 6.460011005824162, 46.851551515218212 ], [ 6.462804013435345, 46.875541510771555 ], [ 6.464458014637677, 46.890415012034737 ], [ 6.457800003137895, 46.900982006775592 ], [ 6.435789005185593, 46.921650007094016 ], [ 6.4327499980916, 46.928455508997267 ], [ 6.444752239783518, 46.933410657601975 ], [ 6.45948100575222, 46.943073513238325 ], [ 6.471641989386918, 46.955618123393883 ], [ 6.48602032387436, 46.967163457599682 ], [ 6.496698994283132, 46.97417862891789 ], [ 6.505964007381795, 46.966140510058921 ], [ 6.518606007116802, 46.970806004997016 ], [ 6.563492000299805, 46.979416014006993 ], [ 6.591930512166481, 46.99078750635303 ], [ 6.596142005957612, 46.99252701208124 ], [ 6.616914006642266, 46.991626513574488 ], [ 6.633710505981365, 46.998409505840378 ], [ 6.643747002433112, 47.00656150658228 ], [ 6.658475008682551, 47.026340510653291 ], [ 6.677939001014799, 47.035229013255254 ], [ 6.69895850482469, 47.038803013382122 ], [ 6.719744011207545, 47.052322512787839 ], [ 6.712492504564488, 47.053458514123662 ], [ 6.708872008368767, 47.057998506297089 ], [ 6.700969000052089, 47.058887510456913 ], [ 6.691792005223398, 47.066410013509362 ], [ 6.705781002462437, 47.073868009261439 ], [ 6.707525005021069, 47.079155006350504 ], [ 6.702786005115041, 47.081501014232281 ], [ 6.715808012310009, 47.088478004854402 ], [ 6.725930998163062, 47.091793006825228 ], [ 6.731325009964105, 47.089611006628303 ], [ 6.739039748921927, 47.090482393607338 ], [ 6.743386007825304, 47.092384507325797 ], [ 6.746044008214025, 47.096454504273801 ], [ 6.739969014043827, 47.108642505112435 ], [ 6.744138676631551, 47.109610331504285 ], [ 6.765147006073185, 47.120334509194585 ], [ 6.775302999431157, 47.121059506601135 ], [ 6.79234804296011, 47.127027973845514 ], [ 6.804992011323531, 47.130207014185004 ], [ 6.808631004765516, 47.135383504613898 ], [ 6.815083004002707, 47.135479012367213 ], [ 6.828586004265957, 47.146351013356821 ], [ 6.839611006465963, 47.150348504926988 ], [ 6.841661000420877, 47.154289007027835 ], [ 6.849975011182669, 47.156460006615148 ], [ 6.858912145803249, 47.165288900668756 ], [ 6.861437598036239, 47.165622582406449 ], [ 6.88871465472511, 47.131191502529568 ], [ 6.8862467253836, 47.123848656916344 ], [ 6.881005155681946, 47.108351713020532 ], [ 6.870808080715478, 47.102113008569617 ] ] ] } },
{ "type": "Feature", "properties": { "bezirk_id": "B_2500" }, "geometry": { "type": "MultiPolygon", "coordinates": [ [ [ [ 6.169624397064008, 46.270322301831357 ], [ 6.166740592114238, 46.262723552389225 ], [ 6.164612131327931, 46.262771537598233 ], [ 6.157774913942624, 46.255118881415285 ], [ 6.153102264535272, 46.250882260691085 ], [ 6.153082202193578, 46.245699859186217 ], [ 6.150337497926293, 46.228007798759478 ], [ 6.149779774341744, 46.225833196316024 ], [ 6.153804014484423, 46.221200732711587 ], [ 6.153933690247394, 46.211323706114939 ], [ 6.14300624117898, 46.204909977251461 ], [ 6.153679129532881, 46.204546208147136 ], [ 6.172046852097457, 46.212050292774251 ], [ 6.192852664435009, 46.237814681851169 ], [ 6.194166200309381, 46.257460080420984 ], [ 6.198716773264748, 46.263798860732727 ], [ 6.209268486756947, 46.265839506222584 ], [ 6.216438310308333, 46.2717741803772 ], [ 6.228069256940824, 46.285448453338383 ], [ 6.236126173325819, 46.290212765782613 ], [ 6.242222618026593, 46.298014621135913 ], [ 6.241390262367475, 46.304564385605921 ], [ 6.24884201421669, 46.301552009256945 ], [ 6.247177998540236, 46.300262508826783 ], [ 6.248481013172186, 46.294456507907562 ], [ 6.251883014045905, 46.291679513805647 ], [ 6.251224999852359, 46.287891508463254 ], [ 6.244290004073642, 46.285083507102364 ], [ 6.2378640067036, 46.281795506943475 ], [ 6.237747007855777, 46.27661901251448 ], [ 6.250052003388722, 46.262295006680432 ], [ 6.260861013945076, 46.254875003826449 ], [ 6.260172008890915, 46.251705003540053 ], [ 6.266508013529367, 46.247699509094915 ], [ 6.284622012340765, 46.254520507521264 ], [ 6.284044006940745, 46.256237008536829 ], [ 6.29487800291615, 46.264599012851711 ], [ 6.296544011642911, 46.263680014568543 ], [ 6.29523600158643, 46.255954509637412 ], [ 6.300888999422584, 46.254863511638561 ], [ 6.310281005717309, 46.256180013681139 ], [ 6.308533009248467, 46.255024007978371 ], [ 6.306055501365821, 46.251243505842254 ], [ 6.309328002688232, 46.249965509303038 ], [ 6.310211000481178, 46.244045511468627 ], [ 6.294464002230351, 46.224930009511795 ], [ 6.291727505272719, 46.223465008430551 ], [ 6.276372000875536, 46.215248007397761 ], [ 6.265538999286312, 46.213390505918291 ], [ 6.248750007520184, 46.204990510289385 ], [ 6.245008013502826, 46.206554510055398 ], [ 6.243419010348653, 46.204822510277786 ], [ 6.234132999110449, 46.20636350462847 ], [ 6.23011900418566, 46.203563504932291 ], [ 6.223854010613768, 46.201416006589689 ], [ 6.214244011811499, 46.193794510473538 ], [ 6.206817001631125, 46.192184511114377 ], [ 6.198425005928202, 46.1837775127604 ], [ 6.189075013475612, 46.181423005546328 ], [ 6.18610301350788, 46.178226512671365 ], [ 6.188839009292928, 46.166194505218478 ], [ 6.175416998866936, 46.158142014710108 ], [ 6.152244002613811, 46.151527510709187 ], [ 6.14669401243779, 46.145920005171405 ], [ 6.144900002499348, 46.144817503885797 ], [ 6.141611002128685, 46.147007003794478 ], [ 6.135542008338351, 46.141159007205935 ], [ 6.126619010991054, 46.140468509270804 ], [ 6.121164012962942, 46.142673510681462 ], [ 6.099131003631855, 46.143966506665961 ], [ 6.091844007725888, 46.151668513869616 ], [ 6.074558507808328, 46.149307504450505 ], [ 6.051922011340825, 46.151268005075067 ], [ 6.048702999104076, 46.147415005853176 ], [ 6.047811002109587, 46.140945512745006 ], [ 6.042919011614172, 46.141067513884728 ], [ 6.035725004442545, 46.134765010116375 ], [ 6.031980999970073, 46.139366014077034 ], [ 6.024386401257678, 46.140704020275891 ], [ 6.015264014306267, 46.142944511092722 ], [ 6.003767010629989, 46.141945011359262 ], [ 5.993983007623077, 46.144428514817143 ], [ 5.982723502876371, 46.142134855276851 ], [ 5.980358012632726, 46.135879507177613 ], [ 5.976353007961985, 46.132629508926982 ], [ 5.965283006431648, 46.129585513504459 ], [ 5.960917009515241, 46.130302004852673 ], [ 5.957313161570261, 46.127948078853777 ], [ 5.956087614568385, 46.132088654815043 ], [ 5.965939006311497, 46.137184011321153 ], [ 5.964661012781009, 46.144695511112623 ], [ 5.973362988951491, 46.156175057053694 ], [ 5.976229293015524, 46.160323973884545 ], [ 5.981867005566745, 46.172680006772758 ], [ 5.98486400561573, 46.17356501086774 ], [ 5.988297008793241, 46.170737512636258 ], [ 5.992311192112532, 46.176861207671109 ], [ 5.991650012976786, 46.179329005003083 ], [ 5.995222001309186, 46.182895508942906 ], [ 5.991342009886303, 46.187431511232674 ], [ 5.963700008504415, 46.196968242812019 ], [ 5.964215468063674, 46.198027652447912 ], [ 5.972953007937878, 46.202526009412914 ], [ 5.969278010870363, 46.206638508632537 ], [ 5.974414010663088, 46.21475201201492 ], [ 5.978375011543365, 46.216907503622821 ], [ 5.993136001704953, 46.215503508129594 ], [ 5.991432504206682, 46.222393012587332 ], [ 5.996339011648304, 46.222400507763467 ], [ 6.000085077099029, 46.220115934138548 ], [ 6.006867003768353, 46.223469013005726 ], [ 6.010006002104951, 46.229156509518681 ], [ 6.013508003842059, 46.228992504543832 ], [ 6.012864002195141, 46.230582505139374 ], [ 6.016678008859913, 46.231830510825894 ], [ 6.025192498477997, 46.233238013828149 ], [ 6.033722007548234, 46.238426004508419 ], [ 6.042397002131933, 46.233104513449781 ], [ 6.046336003817641, 46.23143750742598 ], [ 6.061139009143369, 46.245178009241663 ], [ 6.063457507838538, 46.245616510354786 ], [ 6.069625008238423, 46.241077507905096 ], [ 6.088136001880184, 46.24704350430482 ], [ 6.10181700533254, 46.237537510788023 ], [ 6.106342009570832, 46.240688505215338 ], [ 6.109014011972495, 46.239662012953815 ], [ 6.123580003743294, 46.250572008841274 ], [ 6.120089999801356, 46.261150513497675 ], [ 6.118200008598595, 46.263584013702136 ], [ 6.120131013074339, 46.264759006806308 ], [ 6.11604200281797, 46.265663005740379 ], [ 6.110389011083742, 46.270214012904347 ], [ 6.113458005803441, 46.272461015061722 ], [ 6.103638997972445, 46.27838501143377 ], [ 6.104550012255515, 46.283973510156649 ], [ 6.102367006895888, 46.284855010564627 ], [ 6.113255511623795, 46.294182004315417 ], [ 6.118958009851663, 46.294304012879699 ], [ 6.121142010920273, 46.297168512326728 ], [ 6.119092004403604, 46.307716513700591 ], [ 6.119808005904601, 46.312404508996671 ], [ 6.124369007932762, 46.317268514067763 ], [ 6.125760568613646, 46.317509119999372 ], [ 6.134556718773469, 46.308717426479618 ], [ 6.140711982373949, 46.305396448862588 ], [ 6.153399759890964, 46.299171661008828 ], [ 6.170505141311692, 46.294281686972347 ], [ 6.171025012407502, 46.288691506266034 ], [ 6.167898596114248, 46.282538559882759 ], [ 6.171452781249203, 46.275920843938451 ], [ 6.169624397064008, 46.270322301831357 ] ] ], [ [ [ 6.175826720392189, 46.351201062938287 ], [ 6.184445264259127, 46.345952847574274 ], [ 6.181691527733677, 46.343691077385117 ], [ 6.17482678052953, 46.346718484089017 ], [ 6.171632707750581, 46.340519937877659 ], [ 6.167478961338087, 46.342605578295462 ], [ 6.170169692671673, 46.346423443839235 ], [ 6.175826720392189, 46.351201062938287 ] ] ], [ [ [ 6.19782512610823, 46.360207330937833 ], [ 6.20201657400241, 46.354765197187447 ], [ 6.207128393386872, 46.355099855477292 ], [ 6.212908551688278, 46.35288645210818 ], [ 6.20874422721664, 46.348019002036615 ], [ 6.207116291872146, 46.338464739933983 ], [ 6.193119946441553, 46.343844486478346 ], [ 6.194918391512161, 46.348695540104508 ], [ 6.186183438385021, 46.349444865138636 ], [ 6.172741394698346, 46.354801292040868 ], [ 6.171136634345991, 46.358418037426716 ], [ 6.176244442948963, 46.360049582912154 ], [ 6.174409898828552, 46.362377266655834 ], [ 6.18028436370284, 46.36459298238853 ], [ 6.187600001273697, 46.360130723599632 ], [ 6.19782512610823, 46.360207330937833 ] ] ] ] } },
{ "type": "Feature", "properties": { "bezirk_id": "B_2601" }, "geometry": { "type": "Polygon", "coordinates": [ [ [ 7.326466007358734, 47.439853514259774 ], [ 7.325890948853226, 47.432098700346941 ], [ 7.340144781370014, 47.429521544377572 ], [ 7.344103389281813, 47.424596106406987 ], [ 7.358227829414118, 47.418077176227122 ], [ 7.357238735895092, 47.415000476710219 ], [ 7.363135675451182, 47.414716717724211 ], [ 7.375684725541372, 47.414076763671339 ], [ 7.384021054380966, 47.412327215070547 ], [ 7.388747001755665, 47.402948472766042 ], [ 7.395940166813604, 47.403311183100925 ], [ 7.399045195091781, 47.396665607949203 ], [ 7.414610593020431, 47.393953775194731 ], [ 7.413659102432319, 47.389483441405496 ], [ 7.416283516344996, 47.384807003596464 ], [ 7.411716841382636, 47.380605681985926 ], [ 7.436890045809964, 47.379970424406416 ], [ 7.436108893048979, 47.378135576940544 ], [ 7.440187284792227, 47.380267264518125 ], [ 7.453679057868362, 47.373430773173389 ], [ 7.458444639849627, 47.370830749855038 ], [ 7.494337179959493, 47.370711373101578 ], [ 7.518819290869822, 47.372100268936826 ], [ 7.524220417028451, 47.371610743906764 ], [ 7.521827235547152, 47.365127596767373 ], [ 7.532109029642776, 47.362646379981385 ], [ 7.533837982660457, 47.359721832292259 ], [ 7.539596779359057, 47.360121728414512 ], [ 7.541468068835184, 47.355748855318843 ], [ 7.536825349606319, 47.350185374160326 ], [ 7.539506808253043, 47.347439810110117 ], [ 7.552206763033003, 47.345296450861497 ], [ 7.549881816968541, 47.340891464015982 ], [ 7.534448424613884, 47.334366745976247 ], [ 7.527740652355236, 47.322669908102078 ], [ 7.531772322680458, 47.321065750929279 ], [ 7.558401772224895, 47.322372557698174 ], [ 7.530150513193449, 47.316308990965645 ], [ 7.499874541634321, 47.303358824697774 ], [ 7.490326386737149, 47.302068222364156 ], [ 7.474264144425891, 47.306958157899075 ], [ 7.459651749741187, 47.306646822108853 ], [ 7.44234202979608, 47.30871725568251 ], [ 7.440054237923642, 47.308429465724842 ], [ 7.421369084369116, 47.306782044779332 ], [ 7.419556696023139, 47.308742531236753 ], [ 7.413010114641238, 47.309928472783717 ], [ 7.411685898121263, 47.313301069994225 ], [ 7.391543843451999, 47.313123541054765 ], [ 7.378488365098947, 47.31495222298733 ], [ 7.349566513122142, 47.305399164438718 ], [ 7.348098964401387, 47.30525409774701 ], [ 7.337189289696591, 47.305460788734912 ], [ 7.331660482775698, 47.299627335630099 ], [ 7.322678470452242, 47.29555307299897 ], [ 7.316939214522517, 47.290393268124284 ], [ 7.307347609898293, 47.288017107450138 ], [ 7.280073938593016, 47.284483714541672 ], [ 7.262405465456575, 47.287165247341918 ], [ 7.258220200749299, 47.285656651713687 ], [ 7.242795322640108, 47.285343514316047 ], [ 7.232315256651239, 47.288185395400568 ], [ 7.214554227943252, 47.290004948402249 ], [ 7.210236626990777, 47.288791169831306 ], [ 7.206191070964249, 47.291913139256728 ], [ 7.209087420465772, 47.294707267673516 ], [ 7.205804867101623, 47.295573122477826 ], [ 7.174372499540143, 47.294119915033932 ], [ 7.163378295026011, 47.293077706409797 ], [ 7.157660205313253, 47.294377060146971 ], [ 7.155696946243605, 47.29313099523965 ], [ 7.153239628912284, 47.290354598175533 ], [ 7.155309360365, 47.288956574568743 ], [ 7.154383730869611, 47.286534754439508 ], [ 7.143071781103804, 47.2906886641276 ], [ 7.144438195964602, 47.294604795972909 ], [ 7.138824859717833, 47.293627867084012 ], [ 7.136137504365624, 47.289609255384562 ], [ 7.125190380332289, 47.28983175402896 ], [ 7.124819815825608, 47.292142341824011 ], [ 7.123181751781227, 47.29416162852025 ], [ 7.128827288138986, 47.296380652732616 ], [ 7.128288996880643, 47.297998215930527 ], [ 7.137467313434918, 47.299893503565364 ], [ 7.1374798991745, 47.302340045796143 ], [ 7.145084381802949, 47.30926750676845 ], [ 7.140745079370641, 47.311927703382516 ], [ 7.142205953794917, 47.3155742477011 ], [ 7.147778735302552, 47.317144532513829 ], [ 7.152944626338812, 47.323111827447818 ], [ 7.156246770659683, 47.324019434770655 ], [ 7.162772093905565, 47.330916032475493 ], [ 7.169453986204511, 47.333360373457339 ], [ 7.181381994121368, 47.345485167946009 ], [ 7.189649822766107, 47.348957220215482 ], [ 7.196213555935839, 47.354853568713295 ], [ 7.199993455777547, 47.36196701322509 ], [ 7.202048978594255, 47.361134789863485 ], [ 7.211025402514294, 47.366945266384427 ], [ 7.213063655964973, 47.370178243994324 ], [ 7.211753227005524, 47.373206745245618 ], [ 7.219671891965797, 47.379383194776366 ], [ 7.220388338836596, 47.382262726416151 ], [ 7.2271419786291, 47.382275353844769 ], [ 7.23030450317239, 47.386265590447231 ], [ 7.222917564791279, 47.405067903123985 ], [ 7.235904559962151, 47.411009721433487 ], [ 7.234202875845886, 47.415926525472571 ], [ 7.245589001533636, 47.420299510109786 ], [ 7.254164000428926, 47.42399201054954 ], [ 7.270468998945525, 47.427044008288185 ], [ 7.282564002280203, 47.43462750823452 ], [ 7.292203000265609, 47.433120504223126 ], [ 7.302975010228629, 47.438732008583187 ], [ 7.324572012841932, 47.438961004274582 ], [ 7.326466007358734, 47.439853514259774 ] ] ] } },
{ "type": "Feature", "properties": { "bezirk_id": "B_2602" }, "geometry": { "type": "Polygon", "coordinates": [ [ [ 7.134908176425783, 47.335882665272251 ], [ 7.144449338924535, 47.333209147618852 ], [ 7.149739462892911, 47.333582342114063 ], [ 7.151663220197647, 47.327695804686535 ], [ 7.156118324831227, 47.32827349256479 ], [ 7.153030064751176, 47.324443219095933 ], [ 7.148837909098114, 47.324225851967533 ], [ 7.152944626338812, 47.323111827447818 ], [ 7.147778735302552, 47.317144532513829 ], [ 7.142205953794917, 47.3155742477011 ], [ 7.140745079370641, 47.311927703382516 ], [ 7.145084381802949, 47.30926750676845 ], [ 7.1374798991745, 47.302340045796143 ], [ 7.137467313434918, 47.299893503565364 ], [ 7.128288996880643, 47.297998215930527 ], [ 7.128827288138986, 47.296380652732616 ], [ 7.123181751781227, 47.29416162852025 ], [ 7.124819815825608, 47.292142341824011 ], [ 7.125190380332289, 47.28983175402896 ], [ 7.136137504365624, 47.289609255384562 ], [ 7.138824859717833, 47.293627867084012 ], [ 7.144438195964602, 47.294604795972909 ], [ 7.143071781103804, 47.2906886641276 ], [ 7.154383730869611, 47.286534754439508 ], [ 7.155309360365, 47.288956574568743 ], [ 7.153239628912284, 47.290354598175533 ], [ 7.155696946243605, 47.29313099523965 ], [ 7.157660205313253, 47.294377060146971 ], [ 7.163378295026011, 47.293077706409797 ], [ 7.169140235018239, 47.290896708043668 ], [ 7.164684301011651, 47.288493617101679 ], [ 7.165197407250208, 47.286399111826221 ], [ 7.169349871441546, 47.286049143993168 ], [ 7.170157609743582, 47.283154791447444 ], [ 7.167721392087435, 47.281368146907489 ], [ 7.168733357920543, 47.274696563979418 ], [ 7.148741783687685, 47.269107158460486 ], [ 7.14553835817041, 47.265312298484922 ], [ 7.148911504065818, 47.262208726881894 ], [ 7.143059253296102, 47.259648331218273 ], [ 7.142737352744889, 47.255761824241588 ], [ 7.151523982546237, 47.255541284575777 ], [ 7.149155212021176, 47.253844344428551 ], [ 7.155820370343448, 47.247564717442678 ], [ 7.150516692755063, 47.246382219774041 ], [ 7.140712614467054, 47.244576245467847 ], [ 7.139994590591366, 47.243072271267593 ], [ 7.1292583131954, 47.245022657780275 ], [ 7.113375001152554, 47.241785641308674 ], [ 7.102260264158415, 47.242895934800174 ], [ 7.096248925892917, 47.236995638209947 ], [ 7.088470403474358, 47.236972175238549 ], [ 7.085704117431447, 47.239886980966148 ], [ 7.088797015966614, 47.241533480695949 ], [ 7.087092805885623, 47.243597053187052 ], [ 7.085205157608295, 47.245417178869673 ], [ 7.079604931505473, 47.243420973970075 ], [ 7.079403435683569, 47.247836733316689 ], [ 7.058007887899992, 47.241804329765579 ], [ 7.057013335201932, 47.240514786054419 ], [ 7.058628139050355, 47.230769866511714 ], [ 7.047442472353163, 47.227305304738159 ], [ 7.044326217519364, 47.221960756870857 ], [ 7.034978574133262, 47.209758337245461 ], [ 7.033568540493619, 47.207711551552258 ], [ 7.025633248847912, 47.197806968906178 ], [ 7.023366704007171, 47.195685005353731 ], [ 7.016115789989255, 47.194786039947481 ], [ 6.996465965751055, 47.193272841539681 ], [ 6.995061255748276, 47.189228729865548 ], [ 6.984498629932735, 47.176072878011716 ], [ 6.979885156759167, 47.174120621337742 ], [ 6.977002426140045, 47.174936590923046 ], [ 6.970456391464464, 47.181305444997392 ], [ 6.961452142693636, 47.182050914739285 ], [ 6.956226626362684, 47.180706817624696 ], [ 6.952089179159347, 47.187381559743457 ], [ 6.945351935360683, 47.185400910000197 ], [ 6.941335734689232, 47.184547053165723 ], [ 6.939924502930537, 47.180259350290932 ], [ 6.938191143535683, 47.175178666358484 ], [ 6.915985805155833, 47.16347618893262 ], [ 6.906169912840252, 47.157224517119893 ], [ 6.883769616233923, 47.15044407307024 ], [ 6.879602579900761, 47.154264721091302 ], [ 6.872339029534479, 47.173955154710647 ], [ 6.861437598036239, 47.165622582406449 ], [ 6.858912145803249, 47.165288900668756 ], [ 6.845239008920942, 47.166404510490302 ], [ 6.841328008308925, 47.171398005390152 ], [ 6.863781008968219, 47.180000511708222 ], [ 6.86759201455347, 47.185287504567548 ], [ 6.873894015309244, 47.185333507802753 ], [ 6.873714001178882, 47.189567513948624 ], [ 6.879939002307524, 47.200031513671341 ], [ 6.889444512431695, 47.205070507720919 ], [ 6.910314009842129, 47.218193010061597 ], [ 6.923847009570725, 47.222133507002894 ], [ 6.92753101220806, 47.228489006013106 ], [ 6.933000011686755, 47.230884510167471 ], [ 6.939419005032581, 47.231060007723848 ], [ 6.942738738421077, 47.234526982568056 ], [ 6.943239000501563, 47.238178507053924 ], [ 6.955478523729399, 47.242974696968943 ], [ 6.946508012819106, 47.253467512046655 ], [ 6.951108000098406, 47.259678013881022 ], [ 6.951944013717543, 47.269039514633711 ], [ 6.940742012968295, 47.286506503923228 ], [ 6.953225006012529, 47.292392511383142 ], [ 6.968511000455175, 47.292751004957495 ], [ 6.973294007208792, 47.291424006762774 ], [ 6.97657500984311, 47.29636750659153 ], [ 6.996571998562911, 47.296127512926461 ], [ 7.003336001592912, 47.301407004997799 ], [ 7.007402653076935, 47.301296064530675 ], [ 7.016214008431998, 47.313984011618686 ], [ 7.013608001084542, 47.319912014265277 ], [ 7.009719002659807, 47.320831505296205 ], [ 7.00973900365593, 47.324367510332017 ], [ 7.034439006029933, 47.328407512672555 ], [ 7.036517809151627, 47.325911683029794 ], [ 7.043203456510856, 47.325215299262773 ], [ 7.044899727080238, 47.319446641458178 ], [ 7.051184054087961, 47.319243120637779 ], [ 7.054970394821929, 47.316935228647367 ], [ 7.061355829020318, 47.321075840622193 ], [ 7.06578376418966, 47.321540006573365 ], [ 7.069071710481687, 47.318555449522492 ], [ 7.071421060169206, 47.319282536234894 ], [ 7.073625505407285, 47.316078515310728 ], [ 7.072099298794873, 47.31491336809335 ], [ 7.07887953458992, 47.3156003758343 ], [ 7.080151324594439, 47.313328736314347 ], [ 7.097291803131616, 47.313290959888739 ], [ 7.098826623248346, 47.315256308760091 ], [ 7.111846660452265, 47.31648133164758 ], [ 7.103917681604414, 47.319606590333059 ], [ 7.105881433423446, 47.322850304592031 ], [ 7.133622267918382, 47.329403264287507 ], [ 7.134908176425783, 47.335882665272251 ] ] ] } },
{ "type": "Feature", "properties": { "bezirk_id": "B_2603" }, "geometry": { "type": "Polygon", "coordinates": [ [ [ 7.027239504404155, 47.50133151319131 ], [ 7.036975003820475, 47.497501512763954 ], [ 7.044803009710851, 47.498173014711519 ], [ 7.05131700129675, 47.495193510808889 ], [ 7.060406011994072, 47.495212013662801 ], [ 7.071341999667832, 47.492267514974436 ], [ 7.074878012401439, 47.488167010859513 ], [ 7.091672011757307, 47.494835010210956 ], [ 7.111858014761227, 47.495105511757949 ], [ 7.128017012756584, 47.503589507199031 ], [ 7.138075015354771, 47.502094514413713 ], [ 7.150483006561913, 47.497116012134718 ], [ 7.159363507050624, 47.49077201023055 ], [ 7.16934701414154, 47.48934550942446 ], [ 7.201083001222568, 47.493881009875452 ], [ 7.202328014522016, 47.491707009707589 ], [ 7.190864010025631, 47.48820101145634 ], [ 7.177603007446711, 47.468139506071324 ], [ 7.178829383245497, 47.464176195778869 ], [ 7.178262220987693, 47.458139899070424 ], [ 7.170422010846334, 47.443454505840322 ], [ 7.192267010668044, 47.43875501161866 ], [ 7.196180505648631, 47.435421013988964 ], [ 7.206239008552791, 47.434894506611336 ], [ 7.225569011430508, 47.439777507665966 ], [ 7.235907998867782, 47.436889511402057 ], [ 7.238602998855839, 47.43383800663991 ], [ 7.238574501441425, 47.428795004221669 ], [ 7.245017013046597, 47.42684551416567 ], [ 7.245589001533636, 47.420299510109786 ], [ 7.234202875845886, 47.415926525472571 ], [ 7.235904559962151, 47.411009721433487 ], [ 7.222917564791279, 47.405067903123985 ], [ 7.23030450317239, 47.386265590447231 ], [ 7.2271419786291, 47.382275353844769 ], [ 7.220388338836596, 47.382262726416151 ], [ 7.219671891965797, 47.379383194776366 ], [ 7.211753227005524, 47.373206745245618 ], [ 7.213063655964973, 47.370178243994324 ], [ 7.211025402514294, 47.366945266384427 ], [ 7.202048978594255, 47.361134789863485 ], [ 7.199993455777547, 47.36196701322509 ], [ 7.196213555935839, 47.354853568713295 ], [ 7.189649822766107, 47.348957220215482 ], [ 7.181381994121368, 47.345485167946009 ], [ 7.169453986204511, 47.333360373457339 ], [ 7.162772093905565, 47.330916032475493 ], [ 7.156246770659683, 47.324019434770655 ], [ 7.152944626338812, 47.323111827447818 ], [ 7.148837909098114, 47.324225851967533 ], [ 7.153030064751176, 47.324443219095933 ], [ 7.156118324831227, 47.32827349256479 ], [ 7.151663220197647, 47.327695804686535 ], [ 7.149739462892911, 47.333582342114063 ], [ 7.144449338924535, 47.333209147618852 ], [ 7.134908176425783, 47.335882665272251 ], [ 7.133622267918382, 47.329403264287507 ], [ 7.105881433423446, 47.322850304592031 ], [ 7.103917681604414, 47.319606590333059 ], [ 7.111846660452265, 47.31648133164758 ], [ 7.098826623248346, 47.315256308760091 ], [ 7.097291803131616, 47.313290959888739 ], [ 7.080151324594439, 47.313328736314347 ], [ 7.07887953458992, 47.3156003758343 ], [ 7.072099298794873, 47.31491336809335 ], [ 7.073625505407285, 47.316078515310728 ], [ 7.071421060169206, 47.319282536234894 ], [ 7.069071710481687, 47.318555449522492 ], [ 7.06578376418966, 47.321540006573365 ], [ 7.061355829020318, 47.321075840622193 ], [ 7.054970394821929, 47.316935228647367 ], [ 7.051184054087961, 47.319243120637779 ], [ 7.044899727080238, 47.319446641458178 ], [ 7.043203456510856, 47.325215299262773 ], [ 7.036517809151627, 47.325911683029794 ], [ 7.034439006029933, 47.328407512672555 ], [ 7.04571900314188, 47.32672100930845 ], [ 7.056631013431748, 47.334392508403624 ], [ 7.05292500822149, 47.33689901038062 ], [ 7.059147011713327, 47.339878015223647 ], [ 7.061636011290272, 47.343734508520896 ], [ 7.049924510550327, 47.347221508707349 ], [ 7.052586014325439, 47.351661510039513 ], [ 7.04892501325384, 47.361843005941651 ], [ 7.043322001329951, 47.364029014024794 ], [ 7.034474999808626, 47.363589508111659 ], [ 7.033651500788622, 47.36787750656493 ], [ 7.033336008168368, 47.369518514813052 ], [ 7.020406002746798, 47.370311506228894 ], [ 7.017907998423044, 47.372883010619674 ], [ 7.013417013652887, 47.371494508794754 ], [ 7.012344005250679, 47.372795009890886 ], [ 7.006125014451981, 47.367558008766991 ], [ 6.995997006132415, 47.363449014860052 ], [ 6.983092008940139, 47.363506514204623 ], [ 6.974433013747079, 47.359859513988518 ], [ 6.951408005037432, 47.359768013435044 ], [ 6.941756000768235, 47.357555514559927 ], [ 6.932978009650799, 47.358406511055428 ], [ 6.921100004972823, 47.355312512810642 ], [ 6.901847004474235, 47.359405505184341 ], [ 6.89922499854004, 47.357704007099564 ], [ 6.895747005945547, 47.358612008907343 ], [ 6.894472003734904, 47.35639551015489 ], [ 6.88476901181602, 47.352810007908872 ], [ 6.87980600057286, 47.352440013660711 ], [ 6.87896901119846, 47.357433506952859 ], [ 6.884849999472761, 47.367012006788805 ], [ 6.883668998132295, 47.373157513661823 ], [ 6.895586014370926, 47.379940005485167 ], [ 6.894963999502996, 47.381668010679064 ], [ 6.905180509094221, 47.382942008777249 ], [ 6.911939512710882, 47.386184509638809 ], [ 6.91366900025685, 47.389457512650694 ], [ 6.909542005737597, 47.396183009031311 ], [ 6.915439014756044, 47.397362010579322 ], [ 6.917817005614397, 47.403240010641881 ], [ 6.913617010729952, 47.404659506150807 ], [ 6.919436010648693, 47.406502007306941 ], [ 6.920874999510763, 47.405205004218793 ], [ 6.938599507521656, 47.40647901309967 ], [ 6.941681014854343, 47.416027012493451 ], [ 6.939186010372898, 47.433704511584104 ], [ 6.954619002292741, 47.435077511135198 ], [ 6.957753005499955, 47.433727509317897 ], [ 6.963649999662496, 47.435699510540573 ], [ 6.970294006245551, 47.447060012411967 ], [ 6.981431000102774, 47.448990007212586 ], [ 6.990261011204779, 47.447895013562629 ], [ 7.001550007931538, 47.453743511702228 ], [ 7.000947007002736, 47.456028015438896 ], [ 6.99752800380018, 47.456634509003415 ], [ 6.998053007742181, 47.460079008863268 ], [ 7.001092009297103, 47.461761510111586 ], [ 7.000361008057649, 47.46687750451548 ], [ 6.991778006078595, 47.466427014986955 ], [ 6.992925009113629, 47.471248508229181 ], [ 6.986539004638202, 47.476211511631512 ], [ 6.988466998568611, 47.487262509348142 ], [ 6.982914011256502, 47.494270508839328 ], [ 6.986303013078969, 47.493580008162461 ], [ 7.000852999597805, 47.499950513482119 ], [ 7.02440600887701, 47.504223005018801 ], [ 7.027239504404155, 47.50133151319131 ] ] ] } }
]
}
